mutant_id,source_golden,operator,validator,mode,classification,detection_type,classification_reason,baseline_status,file_sha256,raw_report_path
PDFUA-Ref-2-02_Invoice-M08,PDFUA-Ref-2-02_Invoice,M08,PAC,Formal,Detected,DIRECT_TARGET_DETECTION,New automated checkpoint(s) natural language match the intended M08 property. Evidence: baseline report=evidence\pac\formal\PDFUA-Ref-2-02_Invoice__fbae08464f192f532205833215505b78266e86df6283d9b0c439cb06927ce0b9.pdf; mutant report=evidence\pac\formal\PDFUA-Ref-2-02_Invoice-M08__4fa45b60c80cb404e90b60c4eb2e273acfc22555afdab15b8b1684d09b4f33df.pdf; baseline_sha256=fbae08464f192f532205833215505b78266e86df6283d9b0c439cb06927ce0b9; mutant_sha256=4fa45b60c80cb404e90b60c4eb2e273acfc22555afdab15b8b1684d09b4f33df; baseline_rules=none; mutant_rules=Natural language.,BASELINE_PASS,4fa45b60c80cb404e90b60c4eb2e273acfc22555afdab15b8b1684d09b4f33df,evidence\pac\formal\PDFUA-Ref-2-02_Invoice-M08__4fa45b60c80cb404e90b60c4eb2e273acfc22555afdab15b8b1684d09b4f33df.pdf
PDFUA-Ref-2-02_Invoice-M08,PDFUA-Ref-2-02_Invoice,M08,PAC,AI,TODO,UNCLASSIFIED,,,4fa45b60c80cb404e90b60c4eb2e273acfc22555afdab15b8b1684d09b4f33df,
PDFUA-Ref-2-02_Invoice-M08,PDFUA-Ref-2-02_Invoice,M08,Acrobat,Formal,Detected,DIRECT_TARGET_DETECTION,New automated checkpoint(s) primary language match the intended M08 property. Evidence: baseline report=evidence\acrobat\PDFUA-Ref-2-02_Invoice__fbae08464f192f532205833215505b78266e86df6283d9b0c439cb06927ce0b9.accreport.html; mutant report=evidence\acrobat\PDFUA-Ref-2-02_Invoice-M08__4fa45b60c80cb404e90b60c4eb2e273acfc22555afdab15b8b1684d09b4f33df.accreport.html; baseline_sha256=fbae08464f192f532205833215505b78266e86df6283d9b0c439cb06927ce0b9; mutant_sha256=4fa45b60c80cb404e90b60c4eb2e273acfc22555afdab15b8b1684d09b4f33df; baseline_rules=none; mutant_rules=Primary language.,BASELINE_PASS,4fa45b60c80cb404e90b60c4eb2e273acfc22555afdab15b8b1684d09b4f33df,evidence\acrobat\PDFUA-Ref-2-02_Invoice-M08__4fa45b60c80cb404e90b60c4eb2e273acfc22555afdab15b8b1684d09b4f33df.accreport.html
PDFUA-Ref-2-02_Invoice-M08,PDFUA-Ref-2-02_Invoice,M08,veraPDF,Formal,Detected,DIRECT_TARGET_DETECTION,New automated checkpoint(s) natural language match the intended M08 property. Evidence: baseline report=evidence\verapdf\PDFUA-Ref-2-02_Invoice__fbae08464f192f532205833215505b78266e86df6283d9b0c439cb06927ce0b9.json; mutant report=evidence\verapdf\PDFUA-Ref-2-02_Invoice-M08__4fa45b60c80cb404e90b60c4eb2e273acfc22555afdab15b8b1684d09b4f33df.json; baseline_sha256=fbae08464f192f532205833215505b78266e86df6283d9b0c439cb06927ce0b9; mutant_sha256=4fa45b60c80cb404e90b60c4eb2e273acfc22555afdab15b8b1684d09b4f33df; baseline_rules=none; mutant_rules=7.2.,BASELINE_PASS,4fa45b60c80cb404e90b60c4eb2e273acfc22555afdab15b8b1684d09b4f33df,evidence\verapdf\PDFUA-Ref-2-02_Invoice-M08__4fa45b60c80cb404e90b60c4eb2e273acfc22555afdab15b8b1684d09b4f33df.json
PDFUA-Ref-2-03_AcademicAbstract-M03,PDFUA-Ref-2-03_AcademicAbstract,M03,PAC,Formal,Detected,DIRECT_TARGET_DETECTION,New automated checkpoint(s) structure elements match the intended M03 property. Evidence: baseline report=evidence\pac\formal\PDFUA-Ref-2-03_AcademicAbstract__e61257d371261867926eb006f8895569a95fcfbcb93fca3be04b8b9187cb93a0.pdf; mutant report=evidence\pac\formal\PDFUA-Ref-2-03_AcademicAbstract-M03__fcc8533b325c9a1a1675c46ec0856649fa02feea531e4aba4492a12a41e1a571.pdf; baseline_sha256=e61257d371261867926eb006f8895569a95fcfbcb93fca3be04b8b9187cb93a0; mutant_sha256=fcc8533b325c9a1a1675c46ec0856649fa02feea531e4aba4492a12a41e1a571; baseline_rules=none; mutant_rules=Structure elements.,BASELINE_PASS,fcc8533b325c9a1a1675c46ec0856649fa02feea531e4aba4492a12a41e1a571,evidence\pac\formal\PDFUA-Ref-2-03_AcademicAbstract-M03__fcc8533b325c9a1a1675c46ec0856649fa02feea531e4aba4492a12a41e1a571.pdf
PDFUA-Ref-2-03_AcademicAbstract-M03,PDFUA-Ref-2-03_AcademicAbstract,M03,PAC,AI,TODO,UNCLASSIFIED,,,fcc8533b325c9a1a1675c46ec0856649fa02feea531e4aba4492a12a41e1a571,
PDFUA-Ref-2-03_AcademicAbstract-M03,PDFUA-Ref-2-03_AcademicAbstract,M03,Acrobat,Formal,Detected,DIRECT_TARGET_DETECTION,New automated checkpoint(s) appropriate nesting match the intended M03 property. Evidence: baseline report=evidence\acrobat\PDFUA-Ref-2-03_AcademicAbstract__e61257d371261867926eb006f8895569a95fcfbcb93fca3be04b8b9187cb93a0.accreport.html; mutant report=evidence\acrobat\PDFUA-Ref-2-03_AcademicAbstract-M03__fcc8533b325c9a1a1675c46ec0856649fa02feea531e4aba4492a12a41e1a571.accreport.html; baseline_sha256=e61257d371261867926eb006f8895569a95fcfbcb93fca3be04b8b9187cb93a0; mutant_sha256=fcc8533b325c9a1a1675c46ec0856649fa02feea531e4aba4492a12a41e1a571; baseline_rules=none; mutant_rules=Appropriate nesting.,BASELINE_PASS,fcc8533b325c9a1a1675c46ec0856649fa02feea531e4aba4492a12a41e1a571,evidence\acrobat\PDFUA-Ref-2-03_AcademicAbstract-M03__fcc8533b325c9a1a1675c46ec0856649fa02feea531e4aba4492a12a41e1a571.accreport.html
PDFUA-Ref-2-03_AcademicAbstract-M03,PDFUA-Ref-2-03_AcademicAbstract,M03,veraPDF,Formal,Detected,DIRECT_TARGET_DETECTION,New automated checkpoint(s) heading match the intended M03 property. Evidence: baseline report=evidence\verapdf\PDFUA-Ref-2-03_AcademicAbstract__e61257d371261867926eb006f8895569a95fcfbcb93fca3be04b8b9187cb93a0.json; mutant report=evidence\verapdf\PDFUA-Ref-2-03_AcademicAbstract-M03__fcc8533b325c9a1a1675c46ec0856649fa02feea531e4aba4492a12a41e1a571.json; baseline_sha256=e61257d371261867926eb006f8895569a95fcfbcb93fca3be04b8b9187cb93a0; mutant_sha256=fcc8533b325c9a1a1675c46ec0856649fa02feea531e4aba4492a12a41e1a571; baseline_rules=none; mutant_rules=7.4.2.,BASELINE_PASS,fcc8533b325c9a1a1675c46ec0856649fa02feea531e4aba4492a12a41e1a571,evidence\verapdf\PDFUA-Ref-2-03_AcademicAbstract-M03__fcc8533b325c9a1a1675c46ec0856649fa02feea531e4aba4492a12a41e1a571.json
PDFUA-Ref-2-03_AcademicAbstract-M06,PDFUA-Ref-2-03_AcademicAbstract,M06,PAC,Formal,Missed,NO_TARGET_DETECTION,No new automated checkpoint matched the intended M06 property. Evidence: baseline report=evidence\pac\formal\PDFUA-Ref-2-03_AcademicAbstract__e61257d371261867926eb006f8895569a95fcfbcb93fca3be04b8b9187cb93a0.pdf; mutant report=evidence\pac\formal\PDFUA-Ref-2-03_AcademicAbstract-M06__ca37553b2d45198cd26b168a6c9eb41f248cd4f9179118b991fc47917a443afb.pdf; baseline_sha256=e61257d371261867926eb006f8895569a95fcfbcb93fca3be04b8b9187cb93a0; mutant_sha256=ca37553b2d45198cd26b168a6c9eb41f248cd4f9179118b991fc47917a443afb; baseline_rules=none; mutant_rules=NONE_REPORTED.,BASELINE_PASS,ca37553b2d45198cd26b168a6c9eb41f248cd4f9179118b991fc47917a443afb,evidence\pac\formal\PDFUA-Ref-2-03_AcademicAbstract-M06__ca37553b2d45198cd26b168a6c9eb41f248cd4f9179118b991fc47917a443afb.pdf
PDFUA-Ref-2-03_AcademicAbstract-M06,PDFUA-Ref-2-03_AcademicAbstract,M06,PAC,AI,TODO,UNCLASSIFIED,,,ca37553b2d45198cd26b168a6c9eb41f248cd4f9179118b991fc47917a443afb,
PDFUA-Ref-2-03_AcademicAbstract-M06,PDFUA-Ref-2-03_AcademicAbstract,M06,Acrobat,Formal,Missed,NO_TARGET_DETECTION,No new automated checkpoint matched the intended M06 property. Evidence: baseline report=evidence\acrobat\PDFUA-Ref-2-03_AcademicAbstract__e61257d371261867926eb006f8895569a95fcfbcb93fca3be04b8b9187cb93a0.accreport.html; mutant report=evidence\acrobat\PDFUA-Ref-2-03_AcademicAbstract-M06__ca37553b2d45198cd26b168a6c9eb41f248cd4f9179118b991fc47917a443afb.accreport.html; baseline_sha256=e61257d371261867926eb006f8895569a95fcfbcb93fca3be04b8b9187cb93a0; mutant_sha256=ca37553b2d45198cd26b168a6c9eb41f248cd4f9179118b991fc47917a443afb; baseline_rules=none; mutant_rules=NONE_REPORTED.,BASELINE_PASS,ca37553b2d45198cd26b168a6c9eb41f248cd4f9179118b991fc47917a443afb,evidence\acrobat\PDFUA-Ref-2-03_AcademicAbstract-M06__ca37553b2d45198cd26b168a6c9eb41f248cd4f9179118b991fc47917a443afb.accreport.html
PDFUA-Ref-2-03_AcademicAbstract-M06,PDFUA-Ref-2-03_AcademicAbstract,M06,veraPDF,Formal,Missed,NO_TARGET_DETECTION,No new automated checkpoint matched the intended M06 property. Evidence: baseline report=evidence\verapdf\PDFUA-Ref-2-03_AcademicAbstract__e61257d371261867926eb006f8895569a95fcfbcb93fca3be04b8b9187cb93a0.json; mutant report=evidence\verapdf\PDFUA-Ref-2-03_AcademicAbstract-M06__ca37553b2d45198cd26b168a6c9eb41f248cd4f9179118b991fc47917a443afb.json; baseline_sha256=e61257d371261867926eb006f8895569a95fcfbcb93fca3be04b8b9187cb93a0; mutant_sha256=ca37553b2d45198cd26b168a6c9eb41f248cd4f9179118b991fc47917a443afb; baseline_rules=none; mutant_rules=none.,BASELINE_PASS,ca37553b2d45198cd26b168a6c9eb41f248cd4f9179118b991fc47917a443afb,evidence\verapdf\PDFUA-Ref-2-03_AcademicAbstract-M06__ca37553b2d45198cd26b168a6c9eb41f248cd4f9179118b991fc47917a443afb.json
PDFUA-Ref-2-01_Magazine-danish-M01,PDFUA-Ref-2-01_Magazine-danish,M01,PAC,Formal,Missed,NO_TARGET_DETECTION,No new automated checkpoint matched the intended M01 property. Evidence: baseline report=evidence\pac\formal\PDFUA-Ref-2-01_Magazine-danish__aef89af13c9c94fc4f4e1a8c5872450cc4c8fff7de544d8ada6a0912425aa434.pdf; mutant report=evidence\pac\formal\PDFUA-Ref-2-01_Magazine-danish-M01__a52e75193364438a1701f76c986fc047ee3e3b98dd691ec662d2c1d380c5d2df.pdf; baseline_sha256=aef89af13c9c94fc4f4e1a8c5872450cc4c8fff7de544d8ada6a0912425aa434; mutant_sha256=a52e75193364438a1701f76c986fc047ee3e3b98dd691ec662d2c1d380c5d2df; baseline_rules=none; mutant_rules=NONE_REPORTED.,BASELINE_PASS,a52e75193364438a1701f76c986fc047ee3e3b98dd691ec662d2c1d380c5d2df,evidence\pac\formal\PDFUA-Ref-2-01_Magazine-danish-M01__a52e75193364438a1701f76c986fc047ee3e3b98dd691ec662d2c1d380c5d2df.pdf
PDFUA-Ref-2-01_Magazine-danish-M01,PDFUA-Ref-2-01_Magazine-danish,M01,PAC,AI,TODO,UNCLASSIFIED,PAC AI is evaluated separately in data/pac_ai_classifications.csv; no formal mutation-specific classification is inferred here.,BASELINE_PASS,a52e75193364438a1701f76c986fc047ee3e3b98dd691ec662d2c1d380c5d2df,evidence\pac\ai\PDFUA-Ref-2-01_Magazine-danish-M01__a52e75193364438a1701f76c986fc047ee3e3b98dd691ec662d2c1d380c5d2df.pdf
PDFUA-Ref-2-01_Magazine-danish-M01,PDFUA-Ref-2-01_Magazine-danish,M01,Acrobat,Formal,Needs Manual Check,MANUAL_REVIEW,Acrobat emitted the manual checkpoint(s) logical reading order; manual prompts are retained separately and are not automated detections. Evidence: baseline report=evidence\acrobat\PDFUA-Ref-2-01_Magazine-danish__aef89af13c9c94fc4f4e1a8c5872450cc4c8fff7de544d8ada6a0912425aa434.accreport.html; mutant report=evidence\acrobat\PDFUA-Ref-2-01_Magazine-danish-M01__a52e75193364438a1701f76c986fc047ee3e3b98dd691ec662d2c1d380c5d2df.accreport.html; baseline_sha256=aef89af13c9c94fc4f4e1a8c5872450cc4c8fff7de544d8ada6a0912425aa434; mutant_sha256=a52e75193364438a1701f76c986fc047ee3e3b98dd691ec662d2c1d380c5d2df; baseline_rules=none; mutant_rules=MANUAL_CHECK_PROMPTS:2.,BASELINE_PASS,a52e75193364438a1701f76c986fc047ee3e3b98dd691ec662d2c1d380c5d2df,evidence\acrobat\PDFUA-Ref-2-01_Magazine-danish-M01__a52e75193364438a1701f76c986fc047ee3e3b98dd691ec662d2c1d380c5d2df.accreport.html
PDFUA-Ref-2-01_Magazine-danish-M01,PDFUA-Ref-2-01_Magazine-danish,M01,veraPDF,Formal,Missed,NO_TARGET_DETECTION,No new automated checkpoint matched the intended M01 property. Evidence: baseline report=evidence\verapdf\PDFUA-Ref-2-01_Magazine-danish__aef89af13c9c94fc4f4e1a8c5872450cc4c8fff7de544d8ada6a0912425aa434.json; mutant report=evidence\verapdf\PDFUA-Ref-2-01_Magazine-danish-M01__a52e75193364438a1701f76c986fc047ee3e3b98dd691ec662d2c1d380c5d2df.json; baseline_sha256=aef89af13c9c94fc4f4e1a8c5872450cc4c8fff7de544d8ada6a0912425aa434; mutant_sha256=a52e75193364438a1701f76c986fc047ee3e3b98dd691ec662d2c1d380c5d2df; baseline_rules=none; mutant_rules=none.,BASELINE_PASS,a52e75193364438a1701f76c986fc047ee3e3b98dd691ec662d2c1d380c5d2df,evidence\verapdf\PDFUA-Ref-2-01_Magazine-danish-M01__a52e75193364438a1701f76c986fc047ee3e3b98dd691ec662d2c1d380c5d2df.json
PDFUA-Ref-2-01_Magazine-danish-M02,PDFUA-Ref-2-01_Magazine-danish,M02,PAC,Formal,Missed,NO_TARGET_DETECTION,No new automated checkpoint matched the intended M02 property. Evidence: baseline report=evidence\pac\formal\PDFUA-Ref-2-01_Magazine-danish__aef89af13c9c94fc4f4e1a8c5872450cc4c8fff7de544d8ada6a0912425aa434.pdf; mutant report=evidence\pac\formal\PDFUA-Ref-2-01_Magazine-danish-M02__e8df97191d286d7b52b625d3664034a14374aac4965a0bdd2aa6af57f9876c5f.pdf; baseline_sha256=aef89af13c9c94fc4f4e1a8c5872450cc4c8fff7de544d8ada6a0912425aa434; mutant_sha256=e8df97191d286d7b52b625d3664034a14374aac4965a0bdd2aa6af57f9876c5f; baseline_rules=none; mutant_rules=NONE_REPORTED.,BASELINE_PASS,e8df97191d286d7b52b625d3664034a14374aac4965a0bdd2aa6af57f9876c5f,evidence\pac\formal\PDFUA-Ref-2-01_Magazine-danish-M02__e8df97191d286d7b52b625d3664034a14374aac4965a0bdd2aa6af57f9876c5f.pdf
PDFUA-Ref-2-01_Magazine-danish-M02,PDFUA-Ref-2-01_Magazine-danish,M02,PAC,AI,TODO,UNCLASSIFIED,PAC AI is evaluated separately in data/pac_ai_classifications.csv; no formal mutation-specific classification is inferred here.,BASELINE_PASS,e8df97191d286d7b52b625d3664034a14374aac4965a0bdd2aa6af57f9876c5f,evidence\pac\ai\PDFUA-Ref-2-01_Magazine-danish-M02__e8df97191d286d7b52b625d3664034a14374aac4965a0bdd2aa6af57f9876c5f.pdf
PDFUA-Ref-2-01_Magazine-danish-M02,PDFUA-Ref-2-01_Magazine-danish,M02,Acrobat,Formal,Missed,NO_TARGET_DETECTION,No new automated checkpoint matched the intended M02 property. Evidence: baseline report=evidence\acrobat\PDFUA-Ref-2-01_Magazine-danish__aef89af13c9c94fc4f4e1a8c5872450cc4c8fff7de544d8ada6a0912425aa434.accreport.html; mutant report=evidence\acrobat\PDFUA-Ref-2-01_Magazine-danish-M02__e8df97191d286d7b52b625d3664034a14374aac4965a0bdd2aa6af57f9876c5f.accreport.html; baseline_sha256=aef89af13c9c94fc4f4e1a8c5872450cc4c8fff7de544d8ada6a0912425aa434; mutant_sha256=e8df97191d286d7b52b625d3664034a14374aac4965a0bdd2aa6af57f9876c5f; baseline_rules=none; mutant_rules=NONE_REPORTED.,BASELINE_PASS,e8df97191d286d7b52b625d3664034a14374aac4965a0bdd2aa6af57f9876c5f,evidence\acrobat\PDFUA-Ref-2-01_Magazine-danish-M02__e8df97191d286d7b52b625d3664034a14374aac4965a0bdd2aa6af57f9876c5f.accreport.html
PDFUA-Ref-2-01_Magazine-danish-M02,PDFUA-Ref-2-01_Magazine-danish,M02,veraPDF,Formal,Missed,NO_TARGET_DETECTION,No new automated checkpoint matched the intended M02 property. Evidence: baseline report=evidence\verapdf\PDFUA-Ref-2-01_Magazine-danish__aef89af13c9c94fc4f4e1a8c5872450cc4c8fff7de544d8ada6a0912425aa434.json; mutant report=evidence\verapdf\PDFUA-Ref-2-01_Magazine-danish-M02__e8df97191d286d7b52b625d3664034a14374aac4965a0bdd2aa6af57f9876c5f.json; baseline_sha256=aef89af13c9c94fc4f4e1a8c5872450cc4c8fff7de544d8ada6a0912425aa434; mutant_sha256=e8df97191d286d7b52b625d3664034a14374aac4965a0bdd2aa6af57f9876c5f; baseline_rules=none; mutant_rules=none.,BASELINE_PASS,e8df97191d286d7b52b625d3664034a14374aac4965a0bdd2aa6af57f9876c5f,evidence\verapdf\PDFUA-Ref-2-01_Magazine-danish-M02__e8df97191d286d7b52b625d3664034a14374aac4965a0bdd2aa6af57f9876c5f.json
PDFUA-Ref-2-01_Magazine-danish-M03,PDFUA-Ref-2-01_Magazine-danish,M03,PAC,Formal,Detected,DIRECT_TARGET_DETECTION,New automated checkpoint(s) structure elements match the intended M03 property. Evidence: baseline report=evidence\pac\formal\PDFUA-Ref-2-01_Magazine-danish__aef89af13c9c94fc4f4e1a8c5872450cc4c8fff7de544d8ada6a0912425aa434.pdf; mutant report=evidence\pac\formal\PDFUA-Ref-2-01_Magazine-danish-M03__f7b9e14f0320211e69643205e92b5c0719008a512cbb0b572b00d5362d011bfb.pdf; baseline_sha256=aef89af13c9c94fc4f4e1a8c5872450cc4c8fff7de544d8ada6a0912425aa434; mutant_sha256=f7b9e14f0320211e69643205e92b5c0719008a512cbb0b572b00d5362d011bfb; baseline_rules=none; mutant_rules=Structure elements.,BASELINE_PASS,f7b9e14f0320211e69643205e92b5c0719008a512cbb0b572b00d5362d011bfb,evidence\pac\formal\PDFUA-Ref-2-01_Magazine-danish-M03__f7b9e14f0320211e69643205e92b5c0719008a512cbb0b572b00d5362d011bfb.pdf
PDFUA-Ref-2-01_Magazine-danish-M03,PDFUA-Ref-2-01_Magazine-danish,M03,PAC,AI,TODO,UNCLASSIFIED,PAC AI is evaluated separately in data/pac_ai_classifications.csv; no formal mutation-specific classification is inferred here.,BASELINE_PASS,f7b9e14f0320211e69643205e92b5c0719008a512cbb0b572b00d5362d011bfb,evidence\pac\ai\PDFUA-Ref-2-01_Magazine-danish-M03__f7b9e14f0320211e69643205e92b5c0719008a512cbb0b572b00d5362d011bfb.pdf
PDFUA-Ref-2-01_Magazine-danish-M03,PDFUA-Ref-2-01_Magazine-danish,M03,Acrobat,Formal,Detected,DIRECT_TARGET_DETECTION,New automated checkpoint(s) appropriate nesting match the intended M03 property. Evidence: baseline report=evidence\acrobat\PDFUA-Ref-2-01_Magazine-danish__aef89af13c9c94fc4f4e1a8c5872450cc4c8fff7de544d8ada6a0912425aa434.accreport.html; mutant report=evidence\acrobat\PDFUA-Ref-2-01_Magazine-danish-M03__f7b9e14f0320211e69643205e92b5c0719008a512cbb0b572b00d5362d011bfb.accreport.html; baseline_sha256=aef89af13c9c94fc4f4e1a8c5872450cc4c8fff7de544d8ada6a0912425aa434; mutant_sha256=f7b9e14f0320211e69643205e92b5c0719008a512cbb0b572b00d5362d011bfb; baseline_rules=none; mutant_rules=Appropriate nesting.,BASELINE_PASS,f7b9e14f0320211e69643205e92b5c0719008a512cbb0b572b00d5362d011bfb,evidence\acrobat\PDFUA-Ref-2-01_Magazine-danish-M03__f7b9e14f0320211e69643205e92b5c0719008a512cbb0b572b00d5362d011bfb.accreport.html
PDFUA-Ref-2-01_Magazine-danish-M03,PDFUA-Ref-2-01_Magazine-danish,M03,veraPDF,Formal,Detected,DIRECT_TARGET_DETECTION,New automated checkpoint(s) heading match the intended M03 property. Evidence: baseline report=evidence\verapdf\PDFUA-Ref-2-01_Magazine-danish__aef89af13c9c94fc4f4e1a8c5872450cc4c8fff7de544d8ada6a0912425aa434.json; mutant report=evidence\verapdf\PDFUA-Ref-2-01_Magazine-danish-M03__f7b9e14f0320211e69643205e92b5c0719008a512cbb0b572b00d5362d011bfb.json; baseline_sha256=aef89af13c9c94fc4f4e1a8c5872450cc4c8fff7de544d8ada6a0912425aa434; mutant_sha256=f7b9e14f0320211e69643205e92b5c0719008a512cbb0b572b00d5362d011bfb; baseline_rules=none; mutant_rules=7.4.2.,BASELINE_PASS,f7b9e14f0320211e69643205e92b5c0719008a512cbb0b572b00d5362d011bfb,evidence\verapdf\PDFUA-Ref-2-01_Magazine-danish-M03__f7b9e14f0320211e69643205e92b5c0719008a512cbb0b572b00d5362d011bfb.json
PDFUA-Ref-2-01_Magazine-danish-M04,PDFUA-Ref-2-01_Magazine-danish,M04,PAC,Formal,Missed,COLLATERAL_DETECTION,No new automated checkpoint matched the intended M04 property; unrelated/collateral new finding(s) PDF Syntax are not counted. Evidence: baseline report=evidence\pac\formal\PDFUA-Ref-2-01_Magazine-danish__aef89af13c9c94fc4f4e1a8c5872450cc4c8fff7de544d8ada6a0912425aa434.pdf; mutant report=evidence\pac\formal\PDFUA-Ref-2-01_Magazine-danish-M04__eb79fabe18daacdee5408ca7bc5a7968f8113c1721ff80830870d5680a639c82.pdf; baseline_sha256=aef89af13c9c94fc4f4e1a8c5872450cc4c8fff7de544d8ada6a0912425aa434; mutant_sha256=eb79fabe18daacdee5408ca7bc5a7968f8113c1721ff80830870d5680a639c82; baseline_rules=none; mutant_rules=PDF Syntax.,BASELINE_PASS,eb79fabe18daacdee5408ca7bc5a7968f8113c1721ff80830870d5680a639c82,evidence\pac\formal\PDFUA-Ref-2-01_Magazine-danish-M04__eb79fabe18daacdee5408ca7bc5a7968f8113c1721ff80830870d5680a639c82.pdf
PDFUA-Ref-2-01_Magazine-danish-M04,PDFUA-Ref-2-01_Magazine-danish,M04,PAC,AI,TODO,UNCLASSIFIED,PAC AI is evaluated separately in data/pac_ai_classifications.csv; no formal mutation-specific classification is inferred here.,BASELINE_PASS,eb79fabe18daacdee5408ca7bc5a7968f8113c1721ff80830870d5680a639c82,evidence\pac\ai\PDFUA-Ref-2-01_Magazine-danish-M04__eb79fabe18daacdee5408ca7bc5a7968f8113c1721ff80830870d5680a639c82.pdf
PDFUA-Ref-2-01_Magazine-danish-M04,PDFUA-Ref-2-01_Magazine-danish,M04,Acrobat,Formal,Missed,NO_TARGET_DETECTION,No new automated checkpoint matched the intended M04 property. Evidence: baseline report=evidence\acrobat\PDFUA-Ref-2-01_Magazine-danish__aef89af13c9c94fc4f4e1a8c5872450cc4c8fff7de544d8ada6a0912425aa434.accreport.html; mutant report=evidence\acrobat\PDFUA-Ref-2-01_Magazine-danish-M04__eb79fabe18daacdee5408ca7bc5a7968f8113c1721ff80830870d5680a639c82.accreport.html; baseline_sha256=aef89af13c9c94fc4f4e1a8c5872450cc4c8fff7de544d8ada6a0912425aa434; mutant_sha256=eb79fabe18daacdee5408ca7bc5a7968f8113c1721ff80830870d5680a639c82; baseline_rules=none; mutant_rules=NONE_REPORTED.,BASELINE_PASS,eb79fabe18daacdee5408ca7bc5a7968f8113c1721ff80830870d5680a639c82,evidence\acrobat\PDFUA-Ref-2-01_Magazine-danish-M04__eb79fabe18daacdee5408ca7bc5a7968f8113c1721ff80830870d5680a639c82.accreport.html
PDFUA-Ref-2-01_Magazine-danish-M04,PDFUA-Ref-2-01_Magazine-danish,M04,veraPDF,Formal,Missed,NO_TARGET_DETECTION,No new automated checkpoint matched the intended M04 property. Evidence: baseline report=evidence\verapdf\PDFUA-Ref-2-01_Magazine-danish__aef89af13c9c94fc4f4e1a8c5872450cc4c8fff7de544d8ada6a0912425aa434.json; mutant report=evidence\verapdf\PDFUA-Ref-2-01_Magazine-danish-M04__eb79fabe18daacdee5408ca7bc5a7968f8113c1721ff80830870d5680a639c82.json; baseline_sha256=aef89af13c9c94fc4f4e1a8c5872450cc4c8fff7de544d8ada6a0912425aa434; mutant_sha256=eb79fabe18daacdee5408ca7bc5a7968f8113c1721ff80830870d5680a639c82; baseline_rules=none; mutant_rules=none.,BASELINE_PASS,eb79fabe18daacdee5408ca7bc5a7968f8113c1721ff80830870d5680a639c82,evidence\verapdf\PDFUA-Ref-2-01_Magazine-danish-M04__eb79fabe18daacdee5408ca7bc5a7968f8113c1721ff80830870d5680a639c82.json
PDFUA-Ref-2-01_Magazine-danish-M05,PDFUA-Ref-2-01_Magazine-danish,M05,PAC,Formal,Missed,NO_TARGET_DETECTION,No new automated checkpoint matched the intended M05 property. Evidence: baseline report=evidence\pac\formal\PDFUA-Ref-2-01_Magazine-danish__aef89af13c9c94fc4f4e1a8c5872450cc4c8fff7de544d8ada6a0912425aa434.pdf; mutant report=evidence\pac\formal\PDFUA-Ref-2-01_Magazine-danish-M05__5b5f3a85909983e4b44ba0babf92c7e9704757387a94804ef792ca3d3918bb6f.pdf; baseline_sha256=aef89af13c9c94fc4f4e1a8c5872450cc4c8fff7de544d8ada6a0912425aa434; mutant_sha256=5b5f3a85909983e4b44ba0babf92c7e9704757387a94804ef792ca3d3918bb6f; baseline_rules=none; mutant_rules=none.,BASELINE_PASS,5b5f3a85909983e4b44ba0babf92c7e9704757387a94804ef792ca3d3918bb6f,evidence\pac\formal\PDFUA-Ref-2-01_Magazine-danish-M05__5b5f3a85909983e4b44ba0babf92c7e9704757387a94804ef792ca3d3918bb6f.pdf
PDFUA-Ref-2-01_Magazine-danish-M05,PDFUA-Ref-2-01_Magazine-danish,M05,PAC,AI,TODO,UNCLASSIFIED,PAC AI is evaluated separately in data/pac_ai_classifications.csv; no formal mutation-specific classification is inferred here.,BASELINE_PASS,5b5f3a85909983e4b44ba0babf92c7e9704757387a94804ef792ca3d3918bb6f,evidence\pac\ai\PDFUA-Ref-2-01_Magazine-danish-M05__5b5f3a85909983e4b44ba0babf92c7e9704757387a94804ef792ca3d3918bb6f.pdf
PDFUA-Ref-2-01_Magazine-danish-M05,PDFUA-Ref-2-01_Magazine-danish,M05,Acrobat,Formal,Needs Manual Check,MANUAL_REVIEW,Acrobat emitted the manual checkpoint(s) logical reading order; manual prompts are retained separately and are not automated detections. Evidence: baseline report=evidence\acrobat\PDFUA-Ref-2-01_Magazine-danish__aef89af13c9c94fc4f4e1a8c5872450cc4c8fff7de544d8ada6a0912425aa434.accreport.html; mutant report=evidence\acrobat\PDFUA-Ref-2-01_Magazine-danish-M05__5b5f3a85909983e4b44ba0babf92c7e9704757387a94804ef792ca3d3918bb6f.accreport.html; baseline_sha256=aef89af13c9c94fc4f4e1a8c5872450cc4c8fff7de544d8ada6a0912425aa434; mutant_sha256=5b5f3a85909983e4b44ba0babf92c7e9704757387a94804ef792ca3d3918bb6f; baseline_rules=none; mutant_rules=MANUAL_CHECK_PROMPTS:2.,BASELINE_PASS,5b5f3a85909983e4b44ba0babf92c7e9704757387a94804ef792ca3d3918bb6f,evidence\acrobat\PDFUA-Ref-2-01_Magazine-danish-M05__5b5f3a85909983e4b44ba0babf92c7e9704757387a94804ef792ca3d3918bb6f.accreport.html
PDFUA-Ref-2-01_Magazine-danish-M05,PDFUA-Ref-2-01_Magazine-danish,M05,veraPDF,Formal,Missed,NO_TARGET_DETECTION,No new automated checkpoint matched the intended M05 property. Evidence: baseline report=evidence\verapdf\PDFUA-Ref-2-01_Magazine-danish__aef89af13c9c94fc4f4e1a8c5872450cc4c8fff7de544d8ada6a0912425aa434.json; mutant report=evidence\verapdf\PDFUA-Ref-2-01_Magazine-danish-M05__5b5f3a85909983e4b44ba0babf92c7e9704757387a94804ef792ca3d3918bb6f.json; baseline_sha256=aef89af13c9c94fc4f4e1a8c5872450cc4c8fff7de544d8ada6a0912425aa434; mutant_sha256=5b5f3a85909983e4b44ba0babf92c7e9704757387a94804ef792ca3d3918bb6f; baseline_rules=none; mutant_rules=none.,BASELINE_PASS,5b5f3a85909983e4b44ba0babf92c7e9704757387a94804ef792ca3d3918bb6f,evidence\verapdf\PDFUA-Ref-2-01_Magazine-danish-M05__5b5f3a85909983e4b44ba0babf92c7e9704757387a94804ef792ca3d3918bb6f.json
PDFUA-Ref-2-01_Magazine-danish-M06,PDFUA-Ref-2-01_Magazine-danish,M06,PAC,Formal,Missed,NO_TARGET_DETECTION,No new automated checkpoint matched the intended M06 property. Evidence: baseline report=evidence\pac\formal\PDFUA-Ref-2-01_Magazine-danish__aef89af13c9c94fc4f4e1a8c5872450cc4c8fff7de544d8ada6a0912425aa434.pdf; mutant report=evidence\pac\formal\PDFUA-Ref-2-01_Magazine-danish-M06__4774ad31d5381502e81bc0e30ee6a92559c51bf4bd3772adcc50b3ca1d671d81.pdf; baseline_sha256=aef89af13c9c94fc4f4e1a8c5872450cc4c8fff7de544d8ada6a0912425aa434; mutant_sha256=4774ad31d5381502e81bc0e30ee6a92559c51bf4bd3772adcc50b3ca1d671d81; baseline_rules=none; mutant_rules=NONE_REPORTED.,BASELINE_PASS,4774ad31d5381502e81bc0e30ee6a92559c51bf4bd3772adcc50b3ca1d671d81,evidence\pac\formal\PDFUA-Ref-2-01_Magazine-danish-M06__4774ad31d5381502e81bc0e30ee6a92559c51bf4bd3772adcc50b3ca1d671d81.pdf
PDFUA-Ref-2-01_Magazine-danish-M06,PDFUA-Ref-2-01_Magazine-danish,M06,PAC,AI,TODO,UNCLASSIFIED,PAC AI is evaluated separately in data/pac_ai_classifications.csv; no formal mutation-specific classification is inferred here.,BASELINE_PASS,4774ad31d5381502e81bc0e30ee6a92559c51bf4bd3772adcc50b3ca1d671d81,evidence\pac\ai\PDFUA-Ref-2-01_Magazine-danish-M06__4774ad31d5381502e81bc0e30ee6a92559c51bf4bd3772adcc50b3ca1d671d81.pdf
PDFUA-Ref-2-01_Magazine-danish-M06,PDFUA-Ref-2-01_Magazine-danish,M06,Acrobat,Formal,Missed,NO_TARGET_DETECTION,No new automated checkpoint matched the intended M06 property. Evidence: baseline report=evidence\acrobat\PDFUA-Ref-2-01_Magazine-danish__aef89af13c9c94fc4f4e1a8c5872450cc4c8fff7de544d8ada6a0912425aa434.accreport.html; mutant report=evidence\acrobat\PDFUA-Ref-2-01_Magazine-danish-M06__4774ad31d5381502e81bc0e30ee6a92559c51bf4bd3772adcc50b3ca1d671d81.accreport.html; baseline_sha256=aef89af13c9c94fc4f4e1a8c5872450cc4c8fff7de544d8ada6a0912425aa434; mutant_sha256=4774ad31d5381502e81bc0e30ee6a92559c51bf4bd3772adcc50b3ca1d671d81; baseline_rules=none; mutant_rules=NONE_REPORTED.,BASELINE_PASS,4774ad31d5381502e81bc0e30ee6a92559c51bf4bd3772adcc50b3ca1d671d81,evidence\acrobat\PDFUA-Ref-2-01_Magazine-danish-M06__4774ad31d5381502e81bc0e30ee6a92559c51bf4bd3772adcc50b3ca1d671d81.accreport.html
PDFUA-Ref-2-01_Magazine-danish-M06,PDFUA-Ref-2-01_Magazine-danish,M06,veraPDF,Formal,Missed,NO_TARGET_DETECTION,No new automated checkpoint matched the intended M06 property. Evidence: baseline report=evidence\verapdf\PDFUA-Ref-2-01_Magazine-danish__aef89af13c9c94fc4f4e1a8c5872450cc4c8fff7de544d8ada6a0912425aa434.json; mutant report=evidence\verapdf\PDFUA-Ref-2-01_Magazine-danish-M06__4774ad31d5381502e81bc0e30ee6a92559c51bf4bd3772adcc50b3ca1d671d81.json; baseline_sha256=aef89af13c9c94fc4f4e1a8c5872450cc4c8fff7de544d8ada6a0912425aa434; mutant_sha256=4774ad31d5381502e81bc0e30ee6a92559c51bf4bd3772adcc50b3ca1d671d81; baseline_rules=none; mutant_rules=none.,BASELINE_PASS,4774ad31d5381502e81bc0e30ee6a92559c51bf4bd3772adcc50b3ca1d671d81,evidence\verapdf\PDFUA-Ref-2-01_Magazine-danish-M06__4774ad31d5381502e81bc0e30ee6a92559c51bf4bd3772adcc50b3ca1d671d81.json
PDFUA-Ref-2-01_Magazine-danish-M07,PDFUA-Ref-2-01_Magazine-danish,M07,PAC,Formal,Detected,DIRECT_TARGET_DETECTION,New automated checkpoint(s) alternative descriptions match the intended M07 property. Evidence: baseline report=evidence\pac\formal\PDFUA-Ref-2-01_Magazine-danish__aef89af13c9c94fc4f4e1a8c5872450cc4c8fff7de544d8ada6a0912425aa434.pdf; mutant report=evidence\pac\formal\PDFUA-Ref-2-01_Magazine-danish-M07__a45021dfa3ce09f803eac101d0d5bffcd1326662a9a71c028bbd51cbe01a595f.pdf; baseline_sha256=aef89af13c9c94fc4f4e1a8c5872450cc4c8fff7de544d8ada6a0912425aa434; mutant_sha256=a45021dfa3ce09f803eac101d0d5bffcd1326662a9a71c028bbd51cbe01a595f; baseline_rules=none; mutant_rules=Alternative Descriptions.,BASELINE_PASS,a45021dfa3ce09f803eac101d0d5bffcd1326662a9a71c028bbd51cbe01a595f,evidence\pac\formal\PDFUA-Ref-2-01_Magazine-danish-M07__a45021dfa3ce09f803eac101d0d5bffcd1326662a9a71c028bbd51cbe01a595f.pdf
PDFUA-Ref-2-01_Magazine-danish-M07,PDFUA-Ref-2-01_Magazine-danish,M07,PAC,AI,TODO,UNCLASSIFIED,PAC AI is evaluated separately in data/pac_ai_classifications.csv; no formal mutation-specific classification is inferred here.,BASELINE_PASS,a45021dfa3ce09f803eac101d0d5bffcd1326662a9a71c028bbd51cbe01a595f,evidence\pac\ai\PDFUA-Ref-2-01_Magazine-danish-M07__a45021dfa3ce09f803eac101d0d5bffcd1326662a9a71c028bbd51cbe01a595f.pdf
PDFUA-Ref-2-01_Magazine-danish-M07,PDFUA-Ref-2-01_Magazine-danish,M07,Acrobat,Formal,Detected,DIRECT_TARGET_DETECTION,New automated checkpoint(s) figures alternate text match the intended M07 property. Evidence: baseline report=evidence\acrobat\PDFUA-Ref-2-01_Magazine-danish__aef89af13c9c94fc4f4e1a8c5872450cc4c8fff7de544d8ada6a0912425aa434.accreport.html; mutant report=evidence\acrobat\PDFUA-Ref-2-01_Magazine-danish-M07__a45021dfa3ce09f803eac101d0d5bffcd1326662a9a71c028bbd51cbe01a595f.accreport.html; baseline_sha256=aef89af13c9c94fc4f4e1a8c5872450cc4c8fff7de544d8ada6a0912425aa434; mutant_sha256=a45021dfa3ce09f803eac101d0d5bffcd1326662a9a71c028bbd51cbe01a595f; baseline_rules=none; mutant_rules=Figures alternate text.,BASELINE_PASS,a45021dfa3ce09f803eac101d0d5bffcd1326662a9a71c028bbd51cbe01a595f,evidence\acrobat\PDFUA-Ref-2-01_Magazine-danish-M07__a45021dfa3ce09f803eac101d0d5bffcd1326662a9a71c028bbd51cbe01a595f.accreport.html
PDFUA-Ref-2-01_Magazine-danish-M07,PDFUA-Ref-2-01_Magazine-danish,M07,veraPDF,Formal,Detected,DIRECT_TARGET_DETECTION,New automated checkpoint(s) figure match the intended M07 property. Evidence: baseline report=evidence\verapdf\PDFUA-Ref-2-01_Magazine-danish__aef89af13c9c94fc4f4e1a8c5872450cc4c8fff7de544d8ada6a0912425aa434.json; mutant report=evidence\verapdf\PDFUA-Ref-2-01_Magazine-danish-M07__a45021dfa3ce09f803eac101d0d5bffcd1326662a9a71c028bbd51cbe01a595f.json; baseline_sha256=aef89af13c9c94fc4f4e1a8c5872450cc4c8fff7de544d8ada6a0912425aa434; mutant_sha256=a45021dfa3ce09f803eac101d0d5bffcd1326662a9a71c028bbd51cbe01a595f; baseline_rules=none; mutant_rules=7.3.,BASELINE_PASS,a45021dfa3ce09f803eac101d0d5bffcd1326662a9a71c028bbd51cbe01a595f,evidence\verapdf\PDFUA-Ref-2-01_Magazine-danish-M07__a45021dfa3ce09f803eac101d0d5bffcd1326662a9a71c028bbd51cbe01a595f.json
PDFUA-Ref-2-01_Magazine-danish-M08,PDFUA-Ref-2-01_Magazine-danish,M08,PAC,Formal,Detected,DIRECT_TARGET_DETECTION,New automated checkpoint(s) natural language match the intended M08 property. Evidence: baseline report=evidence\pac\formal\PDFUA-Ref-2-01_Magazine-danish__aef89af13c9c94fc4f4e1a8c5872450cc4c8fff7de544d8ada6a0912425aa434.pdf; mutant report=evidence\pac\formal\PDFUA-Ref-2-01_Magazine-danish-M08__798d1807493ecbed375ba1a175bb6d19f6d51dfe508c6df88df7ec3f8e1d6061.pdf; baseline_sha256=aef89af13c9c94fc4f4e1a8c5872450cc4c8fff7de544d8ada6a0912425aa434; mutant_sha256=798d1807493ecbed375ba1a175bb6d19f6d51dfe508c6df88df7ec3f8e1d6061; baseline_rules=none; mutant_rules=Natural language.,BASELINE_PASS,798d1807493ecbed375ba1a175bb6d19f6d51dfe508c6df88df7ec3f8e1d6061,evidence\pac\formal\PDFUA-Ref-2-01_Magazine-danish-M08__798d1807493ecbed375ba1a175bb6d19f6d51dfe508c6df88df7ec3f8e1d6061.pdf
PDFUA-Ref-2-01_Magazine-danish-M08,PDFUA-Ref-2-01_Magazine-danish,M08,PAC,AI,TODO,UNCLASSIFIED,PAC AI is evaluated separately in data/pac_ai_classifications.csv; no formal mutation-specific classification is inferred here.,BASELINE_PASS,798d1807493ecbed375ba1a175bb6d19f6d51dfe508c6df88df7ec3f8e1d6061,evidence\pac\ai\PDFUA-Ref-2-01_Magazine-danish-M08__798d1807493ecbed375ba1a175bb6d19f6d51dfe508c6df88df7ec3f8e1d6061.pdf
PDFUA-Ref-2-01_Magazine-danish-M08,PDFUA-Ref-2-01_Magazine-danish,M08,Acrobat,Formal,Detected,DIRECT_TARGET_DETECTION,New automated checkpoint(s) primary language match the intended M08 property. Evidence: baseline report=evidence\acrobat\PDFUA-Ref-2-01_Magazine-danish__aef89af13c9c94fc4f4e1a8c5872450cc4c8fff7de544d8ada6a0912425aa434.accreport.html; mutant report=evidence\acrobat\PDFUA-Ref-2-01_Magazine-danish-M08__798d1807493ecbed375ba1a175bb6d19f6d51dfe508c6df88df7ec3f8e1d6061.accreport.html; baseline_sha256=aef89af13c9c94fc4f4e1a8c5872450cc4c8fff7de544d8ada6a0912425aa434; mutant_sha256=798d1807493ecbed375ba1a175bb6d19f6d51dfe508c6df88df7ec3f8e1d6061; baseline_rules=none; mutant_rules=Primary language.,BASELINE_PASS,798d1807493ecbed375ba1a175bb6d19f6d51dfe508c6df88df7ec3f8e1d6061,evidence\acrobat\PDFUA-Ref-2-01_Magazine-danish-M08__798d1807493ecbed375ba1a175bb6d19f6d51dfe508c6df88df7ec3f8e1d6061.accreport.html
PDFUA-Ref-2-01_Magazine-danish-M08,PDFUA-Ref-2-01_Magazine-danish,M08,veraPDF,Formal,Detected,DIRECT_TARGET_DETECTION,New automated checkpoint(s) natural language match the intended M08 property. Evidence: baseline report=evidence\verapdf\PDFUA-Ref-2-01_Magazine-danish__aef89af13c9c94fc4f4e1a8c5872450cc4c8fff7de544d8ada6a0912425aa434.json; mutant report=evidence\verapdf\PDFUA-Ref-2-01_Magazine-danish-M08__798d1807493ecbed375ba1a175bb6d19f6d51dfe508c6df88df7ec3f8e1d6061.json; baseline_sha256=aef89af13c9c94fc4f4e1a8c5872450cc4c8fff7de544d8ada6a0912425aa434; mutant_sha256=798d1807493ecbed375ba1a175bb6d19f6d51dfe508c6df88df7ec3f8e1d6061; baseline_rules=none; mutant_rules=7.2.,BASELINE_PASS,798d1807493ecbed375ba1a175bb6d19f6d51dfe508c6df88df7ec3f8e1d6061,evidence\verapdf\PDFUA-Ref-2-01_Magazine-danish-M08__798d1807493ecbed375ba1a175bb6d19f6d51dfe508c6df88df7ec3f8e1d6061.json
PDFUA-Ref-2-01_Magazine-danish-M09,PDFUA-Ref-2-01_Magazine-danish,M09,PAC,Formal,Detected,DIRECT_TARGET_DETECTION,New automated checkpoint(s) role mapping match the intended M09 property. Evidence: baseline report=evidence\pac\formal\PDFUA-Ref-2-01_Magazine-danish__aef89af13c9c94fc4f4e1a8c5872450cc4c8fff7de544d8ada6a0912425aa434.pdf; mutant report=evidence\pac\formal\PDFUA-Ref-2-01_Magazine-danish-M09__3ef299495b93ea1d1fd50ba38ec265412abb6e1d7e147918d50ec9afcc36662b.pdf; baseline_sha256=aef89af13c9c94fc4f4e1a8c5872450cc4c8fff7de544d8ada6a0912425aa434; mutant_sha256=3ef299495b93ea1d1fd50ba38ec265412abb6e1d7e147918d50ec9afcc36662b; baseline_rules=none; mutant_rules=Role mapping.,BASELINE_PASS,3ef299495b93ea1d1fd50ba38ec265412abb6e1d7e147918d50ec9afcc36662b,evidence\pac\formal\PDFUA-Ref-2-01_Magazine-danish-M09__3ef299495b93ea1d1fd50ba38ec265412abb6e1d7e147918d50ec9afcc36662b.pdf
PDFUA-Ref-2-01_Magazine-danish-M09,PDFUA-Ref-2-01_Magazine-danish,M09,PAC,AI,TODO,UNCLASSIFIED,PAC AI is evaluated separately in data/pac_ai_classifications.csv; no formal mutation-specific classification is inferred here.,BASELINE_PASS,3ef299495b93ea1d1fd50ba38ec265412abb6e1d7e147918d50ec9afcc36662b,evidence\pac\ai\PDFUA-Ref-2-01_Magazine-danish-M09__3ef299495b93ea1d1fd50ba38ec265412abb6e1d7e147918d50ec9afcc36662b.pdf
PDFUA-Ref-2-01_Magazine-danish-M09,PDFUA-Ref-2-01_Magazine-danish,M09,Acrobat,Formal,Missed,NO_TARGET_DETECTION,No new automated checkpoint matched the intended M09 property. Evidence: baseline report=evidence\acrobat\PDFUA-Ref-2-01_Magazine-danish__aef89af13c9c94fc4f4e1a8c5872450cc4c8fff7de544d8ada6a0912425aa434.accreport.html; mutant report=evidence\acrobat\PDFUA-Ref-2-01_Magazine-danish-M09__3ef299495b93ea1d1fd50ba38ec265412abb6e1d7e147918d50ec9afcc36662b.accreport.html; baseline_sha256=aef89af13c9c94fc4f4e1a8c5872450cc4c8fff7de544d8ada6a0912425aa434; mutant_sha256=3ef299495b93ea1d1fd50ba38ec265412abb6e1d7e147918d50ec9afcc36662b; baseline_rules=none; mutant_rules=NONE_REPORTED.,BASELINE_PASS,3ef299495b93ea1d1fd50ba38ec265412abb6e1d7e147918d50ec9afcc36662b,evidence\acrobat\PDFUA-Ref-2-01_Magazine-danish-M09__3ef299495b93ea1d1fd50ba38ec265412abb6e1d7e147918d50ec9afcc36662b.accreport.html
PDFUA-Ref-2-01_Magazine-danish-M09,PDFUA-Ref-2-01_Magazine-danish,M09,veraPDF,Formal,Detected,DIRECT_TARGET_DETECTION,New automated checkpoint(s) role map match the intended M09 property. Evidence: baseline report=evidence\verapdf\PDFUA-Ref-2-01_Magazine-danish__aef89af13c9c94fc4f4e1a8c5872450cc4c8fff7de544d8ada6a0912425aa434.json; mutant report=evidence\verapdf\PDFUA-Ref-2-01_Magazine-danish-M09__3ef299495b93ea1d1fd50ba38ec265412abb6e1d7e147918d50ec9afcc36662b.json; baseline_sha256=aef89af13c9c94fc4f4e1a8c5872450cc4c8fff7de544d8ada6a0912425aa434; mutant_sha256=3ef299495b93ea1d1fd50ba38ec265412abb6e1d7e147918d50ec9afcc36662b; baseline_rules=none; mutant_rules=7.1.,BASELINE_PASS,3ef299495b93ea1d1fd50ba38ec265412abb6e1d7e147918d50ec9afcc36662b,evidence\verapdf\PDFUA-Ref-2-01_Magazine-danish-M09__3ef299495b93ea1d1fd50ba38ec265412abb6e1d7e147918d50ec9afcc36662b.json
PDFUA-Ref-2-02_Invoice-M02,PDFUA-Ref-2-02_Invoice,M02,PAC,Formal,Missed,NO_TARGET_DETECTION,No new automated checkpoint matched the intended M02 property. Evidence: baseline report=evidence\pac\formal\PDFUA-Ref-2-02_Invoice__fbae08464f192f532205833215505b78266e86df6283d9b0c439cb06927ce0b9.pdf; mutant report=evidence\pac\formal\PDFUA-Ref-2-02_Invoice-M02__462607fdecfb53a1cfdf57d060f6f2ef467370ae7d39213b258398a1777120fd.pdf; baseline_sha256=fbae08464f192f532205833215505b78266e86df6283d9b0c439cb06927ce0b9; mutant_sha256=462607fdecfb53a1cfdf57d060f6f2ef467370ae7d39213b258398a1777120fd; baseline_rules=none; mutant_rules=NONE_REPORTED.,BASELINE_PASS,462607fdecfb53a1cfdf57d060f6f2ef467370ae7d39213b258398a1777120fd,evidence\pac\formal\PDFUA-Ref-2-02_Invoice-M02__462607fdecfb53a1cfdf57d060f6f2ef467370ae7d39213b258398a1777120fd.pdf
PDFUA-Ref-2-02_Invoice-M02,PDFUA-Ref-2-02_Invoice,M02,PAC,AI,TODO,UNCLASSIFIED,PAC AI is evaluated separately in data/pac_ai_classifications.csv; no formal mutation-specific classification is inferred here.,BASELINE_PASS,462607fdecfb53a1cfdf57d060f6f2ef467370ae7d39213b258398a1777120fd,evidence\pac\ai\PDFUA-Ref-2-02_Invoice-M02__462607fdecfb53a1cfdf57d060f6f2ef467370ae7d39213b258398a1777120fd.pdf
PDFUA-Ref-2-02_Invoice-M02,PDFUA-Ref-2-02_Invoice,M02,Acrobat,Formal,Missed,NO_TARGET_DETECTION,No new automated checkpoint matched the intended M02 property. Evidence: baseline report=evidence\acrobat\PDFUA-Ref-2-02_Invoice__fbae08464f192f532205833215505b78266e86df6283d9b0c439cb06927ce0b9.accreport.html; mutant report=evidence\acrobat\PDFUA-Ref-2-02_Invoice-M02__462607fdecfb53a1cfdf57d060f6f2ef467370ae7d39213b258398a1777120fd.accreport.html; baseline_sha256=fbae08464f192f532205833215505b78266e86df6283d9b0c439cb06927ce0b9; mutant_sha256=462607fdecfb53a1cfdf57d060f6f2ef467370ae7d39213b258398a1777120fd; baseline_rules=none; mutant_rules=NONE_REPORTED.,BASELINE_PASS,462607fdecfb53a1cfdf57d060f6f2ef467370ae7d39213b258398a1777120fd,evidence\acrobat\PDFUA-Ref-2-02_Invoice-M02__462607fdecfb53a1cfdf57d060f6f2ef467370ae7d39213b258398a1777120fd.accreport.html
PDFUA-Ref-2-02_Invoice-M02,PDFUA-Ref-2-02_Invoice,M02,veraPDF,Formal,Missed,NO_TARGET_DETECTION,No new automated checkpoint matched the intended M02 property. Evidence: baseline report=evidence\verapdf\PDFUA-Ref-2-02_Invoice__fbae08464f192f532205833215505b78266e86df6283d9b0c439cb06927ce0b9.json; mutant report=evidence\verapdf\PDFUA-Ref-2-02_Invoice-M02__462607fdecfb53a1cfdf57d060f6f2ef467370ae7d39213b258398a1777120fd.json; baseline_sha256=fbae08464f192f532205833215505b78266e86df6283d9b0c439cb06927ce0b9; mutant_sha256=462607fdecfb53a1cfdf57d060f6f2ef467370ae7d39213b258398a1777120fd; baseline_rules=none; mutant_rules=none.,BASELINE_PASS,462607fdecfb53a1cfdf57d060f6f2ef467370ae7d39213b258398a1777120fd,evidence\verapdf\PDFUA-Ref-2-02_Invoice-M02__462607fdecfb53a1cfdf57d060f6f2ef467370ae7d39213b258398a1777120fd.json
PDFUA-Ref-2-02_Invoice-M03,PDFUA-Ref-2-02_Invoice,M03,PAC,Formal,Detected,DIRECT_TARGET_DETECTION,New automated checkpoint(s) structure elements match the intended M03 property. Evidence: baseline report=evidence\pac\formal\PDFUA-Ref-2-02_Invoice__fbae08464f192f532205833215505b78266e86df6283d9b0c439cb06927ce0b9.pdf; mutant report=evidence\pac\formal\PDFUA-Ref-2-02_Invoice-M03__7887ebfcc438c907ca1981ad33769f3ebee0831b86c8f18ba672a682e45e0323.pdf; baseline_sha256=fbae08464f192f532205833215505b78266e86df6283d9b0c439cb06927ce0b9; mutant_sha256=7887ebfcc438c907ca1981ad33769f3ebee0831b86c8f18ba672a682e45e0323; baseline_rules=none; mutant_rules=Structure elements.,BASELINE_PASS,7887ebfcc438c907ca1981ad33769f3ebee0831b86c8f18ba672a682e45e0323,evidence\pac\formal\PDFUA-Ref-2-02_Invoice-M03__7887ebfcc438c907ca1981ad33769f3ebee0831b86c8f18ba672a682e45e0323.pdf
PDFUA-Ref-2-02_Invoice-M03,PDFUA-Ref-2-02_Invoice,M03,PAC,AI,TODO,UNCLASSIFIED,,,7887ebfcc438c907ca1981ad33769f3ebee0831b86c8f18ba672a682e45e0323,
PDFUA-Ref-2-02_Invoice-M03,PDFUA-Ref-2-02_Invoice,M03,Acrobat,Formal,Detected,DIRECT_TARGET_DETECTION,New automated checkpoint(s) appropriate nesting match the intended M03 property. Evidence: baseline report=evidence\acrobat\PDFUA-Ref-2-02_Invoice__fbae08464f192f532205833215505b78266e86df6283d9b0c439cb06927ce0b9.accreport.html; mutant report=evidence\acrobat\PDFUA-Ref-2-02_Invoice-M03__7887ebfcc438c907ca1981ad33769f3ebee0831b86c8f18ba672a682e45e0323.accreport.html; baseline_sha256=fbae08464f192f532205833215505b78266e86df6283d9b0c439cb06927ce0b9; mutant_sha256=7887ebfcc438c907ca1981ad33769f3ebee0831b86c8f18ba672a682e45e0323; baseline_rules=none; mutant_rules=Appropriate nesting.,BASELINE_PASS,7887ebfcc438c907ca1981ad33769f3ebee0831b86c8f18ba672a682e45e0323,evidence\acrobat\PDFUA-Ref-2-02_Invoice-M03__7887ebfcc438c907ca1981ad33769f3ebee0831b86c8f18ba672a682e45e0323.accreport.html
PDFUA-Ref-2-02_Invoice-M03,PDFUA-Ref-2-02_Invoice,M03,veraPDF,Formal,Detected,DIRECT_TARGET_DETECTION,New automated checkpoint(s) heading match the intended M03 property. Evidence: baseline report=evidence\verapdf\PDFUA-Ref-2-02_Invoice__fbae08464f192f532205833215505b78266e86df6283d9b0c439cb06927ce0b9.json; mutant report=evidence\verapdf\PDFUA-Ref-2-02_Invoice-M03__7887ebfcc438c907ca1981ad33769f3ebee0831b86c8f18ba672a682e45e0323.json; baseline_sha256=fbae08464f192f532205833215505b78266e86df6283d9b0c439cb06927ce0b9; mutant_sha256=7887ebfcc438c907ca1981ad33769f3ebee0831b86c8f18ba672a682e45e0323; baseline_rules=none; mutant_rules=7.4.2.,BASELINE_PASS,7887ebfcc438c907ca1981ad33769f3ebee0831b86c8f18ba672a682e45e0323,evidence\verapdf\PDFUA-Ref-2-02_Invoice-M03__7887ebfcc438c907ca1981ad33769f3ebee0831b86c8f18ba672a682e45e0323.json
PDFUA-Ref-2-02_Invoice-M04,PDFUA-Ref-2-02_Invoice,M04,PAC,Formal,Missed,COLLATERAL_DETECTION,No new automated checkpoint matched the intended M04 property; unrelated/collateral new finding(s) PDF Syntax are not counted. Evidence: baseline report=evidence\pac\formal\PDFUA-Ref-2-02_Invoice__fbae08464f192f532205833215505b78266e86df6283d9b0c439cb06927ce0b9.pdf; mutant report=evidence\pac\formal\PDFUA-Ref-2-02_Invoice-M04__c831396c411f0e67e1fa9eea43cf7e8f741b9f99c69cbdd9f0ce3c17dcab2514.pdf; baseline_sha256=fbae08464f192f532205833215505b78266e86df6283d9b0c439cb06927ce0b9; mutant_sha256=c831396c411f0e67e1fa9eea43cf7e8f741b9f99c69cbdd9f0ce3c17dcab2514; baseline_rules=none; mutant_rules=PDF Syntax.,BASELINE_PASS,c831396c411f0e67e1fa9eea43cf7e8f741b9f99c69cbdd9f0ce3c17dcab2514,evidence\pac\formal\PDFUA-Ref-2-02_Invoice-M04__c831396c411f0e67e1fa9eea43cf7e8f741b9f99c69cbdd9f0ce3c17dcab2514.pdf
PDFUA-Ref-2-02_Invoice-M04,PDFUA-Ref-2-02_Invoice,M04,PAC,AI,TODO,UNCLASSIFIED,,,c831396c411f0e67e1fa9eea43cf7e8f741b9f99c69cbdd9f0ce3c17dcab2514,
PDFUA-Ref-2-02_Invoice-M04,PDFUA-Ref-2-02_Invoice,M04,Acrobat,Formal,Missed,NO_TARGET_DETECTION,No new automated checkpoint matched the intended M04 property. Evidence: baseline report=evidence\acrobat\PDFUA-Ref-2-02_Invoice__fbae08464f192f532205833215505b78266e86df6283d9b0c439cb06927ce0b9.accreport.html; mutant report=evidence\acrobat\PDFUA-Ref-2-02_Invoice-M04__c831396c411f0e67e1fa9eea43cf7e8f741b9f99c69cbdd9f0ce3c17dcab2514.accreport.html; baseline_sha256=fbae08464f192f532205833215505b78266e86df6283d9b0c439cb06927ce0b9; mutant_sha256=c831396c411f0e67e1fa9eea43cf7e8f741b9f99c69cbdd9f0ce3c17dcab2514; baseline_rules=none; mutant_rules=NONE_REPORTED.,BASELINE_PASS,c831396c411f0e67e1fa9eea43cf7e8f741b9f99c69cbdd9f0ce3c17dcab2514,evidence\acrobat\PDFUA-Ref-2-02_Invoice-M04__c831396c411f0e67e1fa9eea43cf7e8f741b9f99c69cbdd9f0ce3c17dcab2514.accreport.html
PDFUA-Ref-2-02_Invoice-M04,PDFUA-Ref-2-02_Invoice,M04,veraPDF,Formal,Missed,NO_TARGET_DETECTION,No new automated checkpoint matched the intended M04 property. Evidence: baseline report=evidence\verapdf\PDFUA-Ref-2-02_Invoice__fbae08464f192f532205833215505b78266e86df6283d9b0c439cb06927ce0b9.json; mutant report=evidence\verapdf\PDFUA-Ref-2-02_Invoice-M04__c831396c411f0e67e1fa9eea43cf7e8f741b9f99c69cbdd9f0ce3c17dcab2514.json; baseline_sha256=fbae08464f192f532205833215505b78266e86df6283d9b0c439cb06927ce0b9; mutant_sha256=c831396c411f0e67e1fa9eea43cf7e8f741b9f99c69cbdd9f0ce3c17dcab2514; baseline_rules=none; mutant_rules=none.,BASELINE_PASS,c831396c411f0e67e1fa9eea43cf7e8f741b9f99c69cbdd9f0ce3c17dcab2514,evidence\verapdf\PDFUA-Ref-2-02_Invoice-M04__c831396c411f0e67e1fa9eea43cf7e8f741b9f99c69cbdd9f0ce3c17dcab2514.json
PDFUA-Ref-2-02_Invoice-M10,PDFUA-Ref-2-02_Invoice,M10,PAC,Formal,Detected,DIRECT_TARGET_DETECTION,New automated checkpoint(s) structure tree match the intended M10 property. Evidence: baseline report=evidence\pac\formal\PDFUA-Ref-2-02_Invoice__fbae08464f192f532205833215505b78266e86df6283d9b0c439cb06927ce0b9.pdf; mutant report=evidence\pac\formal\PDFUA-Ref-2-02_Invoice-M10__a4e6177f2fba056f3364f7ac88c2907effa97ee177584a1c46c4aeeca5f31c48.pdf; baseline_sha256=fbae08464f192f532205833215505b78266e86df6283d9b0c439cb06927ce0b9; mutant_sha256=a4e6177f2fba056f3364f7ac88c2907effa97ee177584a1c46c4aeeca5f31c48; baseline_rules=none; mutant_rules=Structure tree.,BASELINE_PASS,a4e6177f2fba056f3364f7ac88c2907effa97ee177584a1c46c4aeeca5f31c48,evidence\pac\formal\PDFUA-Ref-2-02_Invoice-M10__a4e6177f2fba056f3364f7ac88c2907effa97ee177584a1c46c4aeeca5f31c48.pdf
PDFUA-Ref-2-02_Invoice-M10,PDFUA-Ref-2-02_Invoice,M10,PAC,AI,TODO,UNCLASSIFIED,PAC AI is evaluated separately in data/pac_ai_classifications.csv; no formal mutation-specific classification is inferred here.,BASELINE_PASS,a4e6177f2fba056f3364f7ac88c2907effa97ee177584a1c46c4aeeca5f31c48,evidence\pac\ai\PDFUA-Ref-2-02_Invoice-M10__a4e6177f2fba056f3364f7ac88c2907effa97ee177584a1c46c4aeeca5f31c48.pdf
PDFUA-Ref-2-02_Invoice-M10,PDFUA-Ref-2-02_Invoice,M10,Acrobat,Formal,Missed,NO_TARGET_DETECTION,No new automated checkpoint matched the intended M10 property. Evidence: baseline report=evidence\acrobat\PDFUA-Ref-2-02_Invoice__fbae08464f192f532205833215505b78266e86df6283d9b0c439cb06927ce0b9.accreport.html; mutant report=evidence\acrobat\PDFUA-Ref-2-02_Invoice-M10__a4e6177f2fba056f3364f7ac88c2907effa97ee177584a1c46c4aeeca5f31c48.accreport.html; baseline_sha256=fbae08464f192f532205833215505b78266e86df6283d9b0c439cb06927ce0b9; mutant_sha256=a4e6177f2fba056f3364f7ac88c2907effa97ee177584a1c46c4aeeca5f31c48; baseline_rules=none; mutant_rules=NONE_REPORTED.,BASELINE_PASS,a4e6177f2fba056f3364f7ac88c2907effa97ee177584a1c46c4aeeca5f31c48,evidence\acrobat\PDFUA-Ref-2-02_Invoice-M10__a4e6177f2fba056f3364f7ac88c2907effa97ee177584a1c46c4aeeca5f31c48.accreport.html
PDFUA-Ref-2-02_Invoice-M10,PDFUA-Ref-2-02_Invoice,M10,veraPDF,Formal,Detected,DIRECT_TARGET_DETECTION,New automated checkpoint(s) tr element may contain only th and td match the intended M10 property. Evidence: baseline report=evidence\verapdf\PDFUA-Ref-2-02_Invoice__fbae08464f192f532205833215505b78266e86df6283d9b0c439cb06927ce0b9.json; mutant report=evidence\verapdf\PDFUA-Ref-2-02_Invoice-M10__a4e6177f2fba056f3364f7ac88c2907effa97ee177584a1c46c4aeeca5f31c48.json; baseline_sha256=fbae08464f192f532205833215505b78266e86df6283d9b0c439cb06927ce0b9; mutant_sha256=a4e6177f2fba056f3364f7ac88c2907effa97ee177584a1c46c4aeeca5f31c48; baseline_rules=none; mutant_rules=7.2.,BASELINE_PASS,a4e6177f2fba056f3364f7ac88c2907effa97ee177584a1c46c4aeeca5f31c48,evidence\verapdf\PDFUA-Ref-2-02_Invoice-M10__a4e6177f2fba056f3364f7ac88c2907effa97ee177584a1c46c4aeeca5f31c48.json
PDFUA-Ref-2-02_Invoice-M07,PDFUA-Ref-2-02_Invoice,M07,PAC,Formal,Detected,DIRECT_TARGET_DETECTION,New automated checkpoint(s) alternative descriptions match the intended M07 property. Evidence: baseline report=evidence\pac\formal\PDFUA-Ref-2-02_Invoice__fbae08464f192f532205833215505b78266e86df6283d9b0c439cb06927ce0b9.pdf; mutant report=evidence\pac\formal\PDFUA-Ref-2-02_Invoice-M07__14e04ae7cadc509f5b6479aff17be9cf6d79e68524801d8aa9a27e49ea348506.pdf; baseline_sha256=fbae08464f192f532205833215505b78266e86df6283d9b0c439cb06927ce0b9; mutant_sha256=14e04ae7cadc509f5b6479aff17be9cf6d79e68524801d8aa9a27e49ea348506; baseline_rules=none; mutant_rules=Alternative Descriptions.,BASELINE_PASS,14e04ae7cadc509f5b6479aff17be9cf6d79e68524801d8aa9a27e49ea348506,evidence\pac\formal\PDFUA-Ref-2-02_Invoice-M07__14e04ae7cadc509f5b6479aff17be9cf6d79e68524801d8aa9a27e49ea348506.pdf
PDFUA-Ref-2-02_Invoice-M07,PDFUA-Ref-2-02_Invoice,M07,PAC,AI,TODO,UNCLASSIFIED,,,14e04ae7cadc509f5b6479aff17be9cf6d79e68524801d8aa9a27e49ea348506,
PDFUA-Ref-2-02_Invoice-M07,PDFUA-Ref-2-02_Invoice,M07,Acrobat,Formal,Detected,DIRECT_TARGET_DETECTION,New automated checkpoint(s) figures alternate text match the intended M07 property. Evidence: baseline report=evidence\acrobat\PDFUA-Ref-2-02_Invoice__fbae08464f192f532205833215505b78266e86df6283d9b0c439cb06927ce0b9.accreport.html; mutant report=evidence\acrobat\PDFUA-Ref-2-02_Invoice-M07__14e04ae7cadc509f5b6479aff17be9cf6d79e68524801d8aa9a27e49ea348506.accreport.html; baseline_sha256=fbae08464f192f532205833215505b78266e86df6283d9b0c439cb06927ce0b9; mutant_sha256=14e04ae7cadc509f5b6479aff17be9cf6d79e68524801d8aa9a27e49ea348506; baseline_rules=none; mutant_rules=Figures alternate text.,BASELINE_PASS,14e04ae7cadc509f5b6479aff17be9cf6d79e68524801d8aa9a27e49ea348506,evidence\acrobat\PDFUA-Ref-2-02_Invoice-M07__14e04ae7cadc509f5b6479aff17be9cf6d79e68524801d8aa9a27e49ea348506.accreport.html
PDFUA-Ref-2-02_Invoice-M07,PDFUA-Ref-2-02_Invoice,M07,veraPDF,Formal,Detected,DIRECT_TARGET_DETECTION,New automated checkpoint(s) figure match the intended M07 property. Evidence: baseline report=evidence\verapdf\PDFUA-Ref-2-02_Invoice__fbae08464f192f532205833215505b78266e86df6283d9b0c439cb06927ce0b9.json; mutant report=evidence\verapdf\PDFUA-Ref-2-02_Invoice-M07__14e04ae7cadc509f5b6479aff17be9cf6d79e68524801d8aa9a27e49ea348506.json; baseline_sha256=fbae08464f192f532205833215505b78266e86df6283d9b0c439cb06927ce0b9; mutant_sha256=14e04ae7cadc509f5b6479aff17be9cf6d79e68524801d8aa9a27e49ea348506; baseline_rules=none; mutant_rules=7.3.,BASELINE_PASS,14e04ae7cadc509f5b6479aff17be9cf6d79e68524801d8aa9a27e49ea348506,evidence\verapdf\PDFUA-Ref-2-02_Invoice-M07__14e04ae7cadc509f5b6479aff17be9cf6d79e68524801d8aa9a27e49ea348506.json
PDFUA-Ref-2-03_AcademicAbstract-M02,PDFUA-Ref-2-03_AcademicAbstract,M02,PAC,Formal,Missed,NO_TARGET_DETECTION,No new automated checkpoint matched the intended M02 property. Evidence: baseline report=evidence\pac\formal\PDFUA-Ref-2-03_AcademicAbstract__e61257d371261867926eb006f8895569a95fcfbcb93fca3be04b8b9187cb93a0.pdf; mutant report=evidence\pac\formal\PDFUA-Ref-2-03_AcademicAbstract-M02__16aed0e5075a817106227b70904ceee8d8c2f771c2a83fc933e07e4a561ba5f1.pdf; baseline_sha256=e61257d371261867926eb006f8895569a95fcfbcb93fca3be04b8b9187cb93a0; mutant_sha256=16aed0e5075a817106227b70904ceee8d8c2f771c2a83fc933e07e4a561ba5f1; baseline_rules=none; mutant_rules=NONE_REPORTED.,BASELINE_PASS,16aed0e5075a817106227b70904ceee8d8c2f771c2a83fc933e07e4a561ba5f1,evidence\pac\formal\PDFUA-Ref-2-03_AcademicAbstract-M02__16aed0e5075a817106227b70904ceee8d8c2f771c2a83fc933e07e4a561ba5f1.pdf
PDFUA-Ref-2-03_AcademicAbstract-M02,PDFUA-Ref-2-03_AcademicAbstract,M02,PAC,AI,TODO,UNCLASSIFIED,PAC AI is evaluated separately in data/pac_ai_classifications.csv; no formal mutation-specific classification is inferred here.,BASELINE_PASS,16aed0e5075a817106227b70904ceee8d8c2f771c2a83fc933e07e4a561ba5f1,evidence\pac\ai\PDFUA-Ref-2-03_AcademicAbstract-M02__16aed0e5075a817106227b70904ceee8d8c2f771c2a83fc933e07e4a561ba5f1.pdf
PDFUA-Ref-2-03_AcademicAbstract-M02,PDFUA-Ref-2-03_AcademicAbstract,M02,Acrobat,Formal,Missed,NO_TARGET_DETECTION,No new automated checkpoint matched the intended M02 property. Evidence: baseline report=evidence\acrobat\PDFUA-Ref-2-03_AcademicAbstract__e61257d371261867926eb006f8895569a95fcfbcb93fca3be04b8b9187cb93a0.accreport.html; mutant report=evidence\acrobat\PDFUA-Ref-2-03_AcademicAbstract-M02__16aed0e5075a817106227b70904ceee8d8c2f771c2a83fc933e07e4a561ba5f1.accreport.html; baseline_sha256=e61257d371261867926eb006f8895569a95fcfbcb93fca3be04b8b9187cb93a0; mutant_sha256=16aed0e5075a817106227b70904ceee8d8c2f771c2a83fc933e07e4a561ba5f1; baseline_rules=none; mutant_rules=NONE_REPORTED.,BASELINE_PASS,16aed0e5075a817106227b70904ceee8d8c2f771c2a83fc933e07e4a561ba5f1,evidence\acrobat\PDFUA-Ref-2-03_AcademicAbstract-M02__16aed0e5075a817106227b70904ceee8d8c2f771c2a83fc933e07e4a561ba5f1.accreport.html
PDFUA-Ref-2-03_AcademicAbstract-M02,PDFUA-Ref-2-03_AcademicAbstract,M02,veraPDF,Formal,Missed,NO_TARGET_DETECTION,No new automated checkpoint matched the intended M02 property. Evidence: baseline report=evidence\verapdf\PDFUA-Ref-2-03_AcademicAbstract__e61257d371261867926eb006f8895569a95fcfbcb93fca3be04b8b9187cb93a0.json; mutant report=evidence\verapdf\PDFUA-Ref-2-03_AcademicAbstract-M02__16aed0e5075a817106227b70904ceee8d8c2f771c2a83fc933e07e4a561ba5f1.json; baseline_sha256=e61257d371261867926eb006f8895569a95fcfbcb93fca3be04b8b9187cb93a0; mutant_sha256=16aed0e5075a817106227b70904ceee8d8c2f771c2a83fc933e07e4a561ba5f1; baseline_rules=none; mutant_rules=none.,BASELINE_PASS,16aed0e5075a817106227b70904ceee8d8c2f771c2a83fc933e07e4a561ba5f1,evidence\verapdf\PDFUA-Ref-2-03_AcademicAbstract-M02__16aed0e5075a817106227b70904ceee8d8c2f771c2a83fc933e07e4a561ba5f1.json
PDFUA-Ref-2-03_AcademicAbstract-M01,PDFUA-Ref-2-03_AcademicAbstract,M01,PAC,Formal,Missed,NO_TARGET_DETECTION,No new automated checkpoint matched the intended M01 property. Evidence: baseline report=evidence\pac\formal\PDFUA-Ref-2-03_AcademicAbstract__e61257d371261867926eb006f8895569a95fcfbcb93fca3be04b8b9187cb93a0.pdf; mutant report=evidence\pac\formal\PDFUA-Ref-2-03_AcademicAbstract-M01__3e2fe0a15cd8758f335e91aef7bb50a2b45f2e003448723f106d803a55ce788f.pdf; baseline_sha256=e61257d371261867926eb006f8895569a95fcfbcb93fca3be04b8b9187cb93a0; mutant_sha256=3e2fe0a15cd8758f335e91aef7bb50a2b45f2e003448723f106d803a55ce788f; baseline_rules=none; mutant_rules=NONE_REPORTED.,BASELINE_PASS,3e2fe0a15cd8758f335e91aef7bb50a2b45f2e003448723f106d803a55ce788f,evidence\pac\formal\PDFUA-Ref-2-03_AcademicAbstract-M01__3e2fe0a15cd8758f335e91aef7bb50a2b45f2e003448723f106d803a55ce788f.pdf
PDFUA-Ref-2-03_AcademicAbstract-M01,PDFUA-Ref-2-03_AcademicAbstract,M01,PAC,AI,TODO,UNCLASSIFIED,PAC AI is evaluated separately in data/pac_ai_classifications.csv; no formal mutation-specific classification is inferred here.,BASELINE_PASS,3e2fe0a15cd8758f335e91aef7bb50a2b45f2e003448723f106d803a55ce788f,evidence\pac\ai\PDFUA-Ref-2-03_AcademicAbstract-M01__3e2fe0a15cd8758f335e91aef7bb50a2b45f2e003448723f106d803a55ce788f.pdf
PDFUA-Ref-2-03_AcademicAbstract-M01,PDFUA-Ref-2-03_AcademicAbstract,M01,Acrobat,Formal,Needs Manual Check,MANUAL_REVIEW,Acrobat emitted the manual checkpoint(s) logical reading order; manual prompts are retained separately and are not automated detections. Evidence: baseline report=evidence\acrobat\PDFUA-Ref-2-03_AcademicAbstract__e61257d371261867926eb006f8895569a95fcfbcb93fca3be04b8b9187cb93a0.accreport.html; mutant report=evidence\acrobat\PDFUA-Ref-2-03_AcademicAbstract-M01__3e2fe0a15cd8758f335e91aef7bb50a2b45f2e003448723f106d803a55ce788f.accreport.html; baseline_sha256=e61257d371261867926eb006f8895569a95fcfbcb93fca3be04b8b9187cb93a0; mutant_sha256=3e2fe0a15cd8758f335e91aef7bb50a2b45f2e003448723f106d803a55ce788f; baseline_rules=none; mutant_rules=MANUAL_CHECK_PROMPTS:2.,BASELINE_PASS,3e2fe0a15cd8758f335e91aef7bb50a2b45f2e003448723f106d803a55ce788f,evidence\acrobat\PDFUA-Ref-2-03_AcademicAbstract-M01__3e2fe0a15cd8758f335e91aef7bb50a2b45f2e003448723f106d803a55ce788f.accreport.html
PDFUA-Ref-2-03_AcademicAbstract-M01,PDFUA-Ref-2-03_AcademicAbstract,M01,veraPDF,Formal,Missed,NO_TARGET_DETECTION,No new automated checkpoint matched the intended M01 property. Evidence: baseline report=evidence\verapdf\PDFUA-Ref-2-03_AcademicAbstract__e61257d371261867926eb006f8895569a95fcfbcb93fca3be04b8b9187cb93a0.json; mutant report=evidence\verapdf\PDFUA-Ref-2-03_AcademicAbstract-M01__3e2fe0a15cd8758f335e91aef7bb50a2b45f2e003448723f106d803a55ce788f.json; baseline_sha256=e61257d371261867926eb006f8895569a95fcfbcb93fca3be04b8b9187cb93a0; mutant_sha256=3e2fe0a15cd8758f335e91aef7bb50a2b45f2e003448723f106d803a55ce788f; baseline_rules=none; mutant_rules=none.,BASELINE_PASS,3e2fe0a15cd8758f335e91aef7bb50a2b45f2e003448723f106d803a55ce788f,evidence\verapdf\PDFUA-Ref-2-03_AcademicAbstract-M01__3e2fe0a15cd8758f335e91aef7bb50a2b45f2e003448723f106d803a55ce788f.json
PDFUA-Ref-2-03_AcademicAbstract-M05,PDFUA-Ref-2-03_AcademicAbstract,M05,PAC,Formal,Missed,NO_TARGET_DETECTION,No new automated checkpoint matched the intended M05 property. Evidence: baseline report=evidence\pac\formal\PDFUA-Ref-2-03_AcademicAbstract__e61257d371261867926eb006f8895569a95fcfbcb93fca3be04b8b9187cb93a0.pdf; mutant report=evidence\pac\formal\PDFUA-Ref-2-03_AcademicAbstract-M05__ee82308195b4488f8c6e01bc8e4ba469df760c122c766ff84fc3425302d6f528.pdf; baseline_sha256=e61257d371261867926eb006f8895569a95fcfbcb93fca3be04b8b9187cb93a0; mutant_sha256=ee82308195b4488f8c6e01bc8e4ba469df760c122c766ff84fc3425302d6f528; baseline_rules=none; mutant_rules=none.,BASELINE_PASS,ee82308195b4488f8c6e01bc8e4ba469df760c122c766ff84fc3425302d6f528,evidence\pac\formal\PDFUA-Ref-2-03_AcademicAbstract-M05__ee82308195b4488f8c6e01bc8e4ba469df760c122c766ff84fc3425302d6f528.pdf
PDFUA-Ref-2-03_AcademicAbstract-M05,PDFUA-Ref-2-03_AcademicAbstract,M05,PAC,AI,TODO,UNCLASSIFIED,PAC AI is evaluated separately in data/pac_ai_classifications.csv; no formal mutation-specific classification is inferred here.,BASELINE_PASS,ee82308195b4488f8c6e01bc8e4ba469df760c122c766ff84fc3425302d6f528,evidence\pac\ai\PDFUA-Ref-2-03_AcademicAbstract-M05__ee82308195b4488f8c6e01bc8e4ba469df760c122c766ff84fc3425302d6f528.pdf
PDFUA-Ref-2-03_AcademicAbstract-M05,PDFUA-Ref-2-03_AcademicAbstract,M05,Acrobat,Formal,Needs Manual Check,MANUAL_REVIEW,Acrobat emitted the manual checkpoint(s) logical reading order; manual prompts are retained separately and are not automated detections. Evidence: baseline report=evidence\acrobat\PDFUA-Ref-2-03_AcademicAbstract__e61257d371261867926eb006f8895569a95fcfbcb93fca3be04b8b9187cb93a0.accreport.html; mutant report=evidence\acrobat\PDFUA-Ref-2-03_AcademicAbstract-M05__ee82308195b4488f8c6e01bc8e4ba469df760c122c766ff84fc3425302d6f528.accreport.html; baseline_sha256=e61257d371261867926eb006f8895569a95fcfbcb93fca3be04b8b9187cb93a0; mutant_sha256=ee82308195b4488f8c6e01bc8e4ba469df760c122c766ff84fc3425302d6f528; baseline_rules=none; mutant_rules=MANUAL_CHECK_PROMPTS:2.,BASELINE_PASS,ee82308195b4488f8c6e01bc8e4ba469df760c122c766ff84fc3425302d6f528,evidence\acrobat\PDFUA-Ref-2-03_AcademicAbstract-M05__ee82308195b4488f8c6e01bc8e4ba469df760c122c766ff84fc3425302d6f528.accreport.html
PDFUA-Ref-2-03_AcademicAbstract-M05,PDFUA-Ref-2-03_AcademicAbstract,M05,veraPDF,Formal,Missed,NO_TARGET_DETECTION,No new automated checkpoint matched the intended M05 property. Evidence: baseline report=evidence\verapdf\PDFUA-Ref-2-03_AcademicAbstract__e61257d371261867926eb006f8895569a95fcfbcb93fca3be04b8b9187cb93a0.json; mutant report=evidence\verapdf\PDFUA-Ref-2-03_AcademicAbstract-M05__ee82308195b4488f8c6e01bc8e4ba469df760c122c766ff84fc3425302d6f528.json; baseline_sha256=e61257d371261867926eb006f8895569a95fcfbcb93fca3be04b8b9187cb93a0; mutant_sha256=ee82308195b4488f8c6e01bc8e4ba469df760c122c766ff84fc3425302d6f528; baseline_rules=none; mutant_rules=none.,BASELINE_PASS,ee82308195b4488f8c6e01bc8e4ba469df760c122c766ff84fc3425302d6f528,evidence\verapdf\PDFUA-Ref-2-03_AcademicAbstract-M05__ee82308195b4488f8c6e01bc8e4ba469df760c122c766ff84fc3425302d6f528.json
PDFUA-Ref-2-03_AcademicAbstract-M04,PDFUA-Ref-2-03_AcademicAbstract,M04,PAC,Formal,Missed,COLLATERAL_DETECTION,No new automated checkpoint matched the intended M04 property; unrelated/collateral new finding(s) PDF Syntax are not counted. Evidence: baseline report=evidence\pac\formal\PDFUA-Ref-2-03_AcademicAbstract__e61257d371261867926eb006f8895569a95fcfbcb93fca3be04b8b9187cb93a0.pdf; mutant report=evidence\pac\formal\PDFUA-Ref-2-03_AcademicAbstract-M04__aa1b231accabf87602fa064972332501785b16ce8de42ade4ccb57463f5281ec.pdf; baseline_sha256=e61257d371261867926eb006f8895569a95fcfbcb93fca3be04b8b9187cb93a0; mutant_sha256=aa1b231accabf87602fa064972332501785b16ce8de42ade4ccb57463f5281ec; baseline_rules=none; mutant_rules=PDF Syntax.,BASELINE_PASS,aa1b231accabf87602fa064972332501785b16ce8de42ade4ccb57463f5281ec,evidence\pac\formal\PDFUA-Ref-2-03_AcademicAbstract-M04__aa1b231accabf87602fa064972332501785b16ce8de42ade4ccb57463f5281ec.pdf
PDFUA-Ref-2-03_AcademicAbstract-M04,PDFUA-Ref-2-03_AcademicAbstract,M04,PAC,AI,TODO,UNCLASSIFIED,PAC AI is evaluated separately in data/pac_ai_classifications.csv; no formal mutation-specific classification is inferred here.,BASELINE_PASS,aa1b231accabf87602fa064972332501785b16ce8de42ade4ccb57463f5281ec,evidence\pac\ai\PDFUA-Ref-2-03_AcademicAbstract-M04__aa1b231accabf87602fa064972332501785b16ce8de42ade4ccb57463f5281ec.pdf
PDFUA-Ref-2-03_AcademicAbstract-M04,PDFUA-Ref-2-03_AcademicAbstract,M04,Acrobat,Formal,Missed,NO_TARGET_DETECTION,No new automated checkpoint matched the intended M04 property. Evidence: baseline report=evidence\acrobat\PDFUA-Ref-2-03_AcademicAbstract__e61257d371261867926eb006f8895569a95fcfbcb93fca3be04b8b9187cb93a0.accreport.html; mutant report=evidence\acrobat\PDFUA-Ref-2-03_AcademicAbstract-M04__aa1b231accabf87602fa064972332501785b16ce8de42ade4ccb57463f5281ec.accreport.html; baseline_sha256=e61257d371261867926eb006f8895569a95fcfbcb93fca3be04b8b9187cb93a0; mutant_sha256=aa1b231accabf87602fa064972332501785b16ce8de42ade4ccb57463f5281ec; baseline_rules=none; mutant_rules=NONE_REPORTED.,BASELINE_PASS,aa1b231accabf87602fa064972332501785b16ce8de42ade4ccb57463f5281ec,evidence\acrobat\PDFUA-Ref-2-03_AcademicAbstract-M04__aa1b231accabf87602fa064972332501785b16ce8de42ade4ccb57463f5281ec.accreport.html
PDFUA-Ref-2-03_AcademicAbstract-M04,PDFUA-Ref-2-03_AcademicAbstract,M04,veraPDF,Formal,Missed,NO_TARGET_DETECTION,No new automated checkpoint matched the intended M04 property. Evidence: baseline report=evidence\verapdf\PDFUA-Ref-2-03_AcademicAbstract__e61257d371261867926eb006f8895569a95fcfbcb93fca3be04b8b9187cb93a0.json; mutant report=evidence\verapdf\PDFUA-Ref-2-03_AcademicAbstract-M04__aa1b231accabf87602fa064972332501785b16ce8de42ade4ccb57463f5281ec.json; baseline_sha256=e61257d371261867926eb006f8895569a95fcfbcb93fca3be04b8b9187cb93a0; mutant_sha256=aa1b231accabf87602fa064972332501785b16ce8de42ade4ccb57463f5281ec; baseline_rules=none; mutant_rules=none.,BASELINE_PASS,aa1b231accabf87602fa064972332501785b16ce8de42ade4ccb57463f5281ec,evidence\verapdf\PDFUA-Ref-2-03_AcademicAbstract-M04__aa1b231accabf87602fa064972332501785b16ce8de42ade4ccb57463f5281ec.json
PDFUA-Ref-2-03_AcademicAbstract-M08,PDFUA-Ref-2-03_AcademicAbstract,M08,PAC,Formal,Detected,DIRECT_TARGET_DETECTION,New automated checkpoint(s) natural language match the intended M08 property. Evidence: baseline report=evidence\pac\formal\PDFUA-Ref-2-03_AcademicAbstract__e61257d371261867926eb006f8895569a95fcfbcb93fca3be04b8b9187cb93a0.pdf; mutant report=evidence\pac\formal\PDFUA-Ref-2-03_AcademicAbstract-M08__381ec9f9fe1f7ef256d3f2ed7e5e405bb9802b17bb64d762f572bc6d313af091.pdf; baseline_sha256=e61257d371261867926eb006f8895569a95fcfbcb93fca3be04b8b9187cb93a0; mutant_sha256=381ec9f9fe1f7ef256d3f2ed7e5e405bb9802b17bb64d762f572bc6d313af091; baseline_rules=none; mutant_rules=Natural language.,BASELINE_PASS,381ec9f9fe1f7ef256d3f2ed7e5e405bb9802b17bb64d762f572bc6d313af091,evidence\pac\formal\PDFUA-Ref-2-03_AcademicAbstract-M08__381ec9f9fe1f7ef256d3f2ed7e5e405bb9802b17bb64d762f572bc6d313af091.pdf
PDFUA-Ref-2-03_AcademicAbstract-M08,PDFUA-Ref-2-03_AcademicAbstract,M08,PAC,AI,TODO,UNCLASSIFIED,,,381ec9f9fe1f7ef256d3f2ed7e5e405bb9802b17bb64d762f572bc6d313af091,
PDFUA-Ref-2-03_AcademicAbstract-M08,PDFUA-Ref-2-03_AcademicAbstract,M08,Acrobat,Formal,Detected,DIRECT_TARGET_DETECTION,New automated checkpoint(s) primary language match the intended M08 property. Evidence: baseline report=evidence\acrobat\PDFUA-Ref-2-03_AcademicAbstract__e61257d371261867926eb006f8895569a95fcfbcb93fca3be04b8b9187cb93a0.accreport.html; mutant report=evidence\acrobat\PDFUA-Ref-2-03_AcademicAbstract-M08__381ec9f9fe1f7ef256d3f2ed7e5e405bb9802b17bb64d762f572bc6d313af091.accreport.html; baseline_sha256=e61257d371261867926eb006f8895569a95fcfbcb93fca3be04b8b9187cb93a0; mutant_sha256=381ec9f9fe1f7ef256d3f2ed7e5e405bb9802b17bb64d762f572bc6d313af091; baseline_rules=none; mutant_rules=Primary language.,BASELINE_PASS,381ec9f9fe1f7ef256d3f2ed7e5e405bb9802b17bb64d762f572bc6d313af091,evidence\acrobat\PDFUA-Ref-2-03_AcademicAbstract-M08__381ec9f9fe1f7ef256d3f2ed7e5e405bb9802b17bb64d762f572bc6d313af091.accreport.html
PDFUA-Ref-2-03_AcademicAbstract-M08,PDFUA-Ref-2-03_AcademicAbstract,M08,veraPDF,Formal,Detected,DIRECT_TARGET_DETECTION,New automated checkpoint(s) natural language match the intended M08 property. Evidence: baseline report=evidence\verapdf\PDFUA-Ref-2-03_AcademicAbstract__e61257d371261867926eb006f8895569a95fcfbcb93fca3be04b8b9187cb93a0.json; mutant report=evidence\verapdf\PDFUA-Ref-2-03_AcademicAbstract-M08__381ec9f9fe1f7ef256d3f2ed7e5e405bb9802b17bb64d762f572bc6d313af091.json; baseline_sha256=e61257d371261867926eb006f8895569a95fcfbcb93fca3be04b8b9187cb93a0; mutant_sha256=381ec9f9fe1f7ef256d3f2ed7e5e405bb9802b17bb64d762f572bc6d313af091; baseline_rules=none; mutant_rules=7.2.,BASELINE_PASS,381ec9f9fe1f7ef256d3f2ed7e5e405bb9802b17bb64d762f572bc6d313af091,evidence\verapdf\PDFUA-Ref-2-03_AcademicAbstract-M08__381ec9f9fe1f7ef256d3f2ed7e5e405bb9802b17bb64d762f572bc6d313af091.json
PDFUA-Ref-2-04_Presentation-M01,PDFUA-Ref-2-04_Presentation,M01,PAC,Formal,Missed,NO_TARGET_DETECTION,No new automated checkpoint matched the intended M01 property. Evidence: baseline report=evidence\pac\formal\PDFUA-Ref-2-04_Presentation__90acb829ca8bfa037796592539d15010e9099d1cd2622aac1fce7d9fd3ae7575.pdf; mutant report=evidence\pac\formal\PDFUA-Ref-2-04_Presentation-M01__1e4ccf771ae704a24d184020cdac9bd43d0a9bdb6ab88e04b7893d040d642c9c.pdf; baseline_sha256=90acb829ca8bfa037796592539d15010e9099d1cd2622aac1fce7d9fd3ae7575; mutant_sha256=1e4ccf771ae704a24d184020cdac9bd43d0a9bdb6ab88e04b7893d040d642c9c; baseline_rules=none; mutant_rules=NONE_REPORTED.,BASELINE_PASS,1e4ccf771ae704a24d184020cdac9bd43d0a9bdb6ab88e04b7893d040d642c9c,evidence\pac\formal\PDFUA-Ref-2-04_Presentation-M01__1e4ccf771ae704a24d184020cdac9bd43d0a9bdb6ab88e04b7893d040d642c9c.pdf
PDFUA-Ref-2-04_Presentation-M01,PDFUA-Ref-2-04_Presentation,M01,PAC,AI,TODO,UNCLASSIFIED,PAC AI is evaluated separately in data/pac_ai_classifications.csv; no formal mutation-specific classification is inferred here.,BASELINE_PASS,1e4ccf771ae704a24d184020cdac9bd43d0a9bdb6ab88e04b7893d040d642c9c,evidence\pac\ai\PDFUA-Ref-2-04_Presentation-M01__1e4ccf771ae704a24d184020cdac9bd43d0a9bdb6ab88e04b7893d040d642c9c.pdf
PDFUA-Ref-2-04_Presentation-M01,PDFUA-Ref-2-04_Presentation,M01,Acrobat,Formal,Needs Manual Check,MANUAL_REVIEW,Acrobat emitted the manual checkpoint(s) logical reading order; manual prompts are retained separately and are not automated detections. Evidence: baseline report=evidence\acrobat\PDFUA-Ref-2-04_Presentation__90acb829ca8bfa037796592539d15010e9099d1cd2622aac1fce7d9fd3ae7575.accreport.html; mutant report=evidence\acrobat\PDFUA-Ref-2-04_Presentation-M01__1e4ccf771ae704a24d184020cdac9bd43d0a9bdb6ab88e04b7893d040d642c9c.accreport.html; baseline_sha256=90acb829ca8bfa037796592539d15010e9099d1cd2622aac1fce7d9fd3ae7575; mutant_sha256=1e4ccf771ae704a24d184020cdac9bd43d0a9bdb6ab88e04b7893d040d642c9c; baseline_rules=none; mutant_rules=MANUAL_CHECK_PROMPTS:2.,BASELINE_PASS,1e4ccf771ae704a24d184020cdac9bd43d0a9bdb6ab88e04b7893d040d642c9c,evidence\acrobat\PDFUA-Ref-2-04_Presentation-M01__1e4ccf771ae704a24d184020cdac9bd43d0a9bdb6ab88e04b7893d040d642c9c.accreport.html
PDFUA-Ref-2-04_Presentation-M01,PDFUA-Ref-2-04_Presentation,M01,veraPDF,Formal,Missed,NO_TARGET_DETECTION,No new automated checkpoint matched the intended M01 property. Evidence: baseline report=evidence\verapdf\PDFUA-Ref-2-04_Presentation__90acb829ca8bfa037796592539d15010e9099d1cd2622aac1fce7d9fd3ae7575.json; mutant report=evidence\verapdf\PDFUA-Ref-2-04_Presentation-M01__1e4ccf771ae704a24d184020cdac9bd43d0a9bdb6ab88e04b7893d040d642c9c.json; baseline_sha256=90acb829ca8bfa037796592539d15010e9099d1cd2622aac1fce7d9fd3ae7575; mutant_sha256=1e4ccf771ae704a24d184020cdac9bd43d0a9bdb6ab88e04b7893d040d642c9c; baseline_rules=none; mutant_rules=none.,BASELINE_PASS,1e4ccf771ae704a24d184020cdac9bd43d0a9bdb6ab88e04b7893d040d642c9c,evidence\verapdf\PDFUA-Ref-2-04_Presentation-M01__1e4ccf771ae704a24d184020cdac9bd43d0a9bdb6ab88e04b7893d040d642c9c.json
PDFUA-Ref-2-04_Presentation-M02,PDFUA-Ref-2-04_Presentation,M02,PAC,Formal,Missed,NO_TARGET_DETECTION,No new automated checkpoint matched the intended M02 property. Evidence: baseline report=evidence\pac\formal\PDFUA-Ref-2-04_Presentation__90acb829ca8bfa037796592539d15010e9099d1cd2622aac1fce7d9fd3ae7575.pdf; mutant report=evidence\pac\formal\PDFUA-Ref-2-04_Presentation-M02__e85501fb90d221c574cae80f0cab8f7db33b2a21c9b89e7f2de4167b4dd87880.pdf; baseline_sha256=90acb829ca8bfa037796592539d15010e9099d1cd2622aac1fce7d9fd3ae7575; mutant_sha256=e85501fb90d221c574cae80f0cab8f7db33b2a21c9b89e7f2de4167b4dd87880; baseline_rules=none; mutant_rules=NONE_REPORTED.,BASELINE_PASS,e85501fb90d221c574cae80f0cab8f7db33b2a21c9b89e7f2de4167b4dd87880,evidence\pac\formal\PDFUA-Ref-2-04_Presentation-M02__e85501fb90d221c574cae80f0cab8f7db33b2a21c9b89e7f2de4167b4dd87880.pdf
PDFUA-Ref-2-04_Presentation-M02,PDFUA-Ref-2-04_Presentation,M02,PAC,AI,TODO,UNCLASSIFIED,PAC AI is evaluated separately in data/pac_ai_classifications.csv; no formal mutation-specific classification is inferred here.,BASELINE_PASS,e85501fb90d221c574cae80f0cab8f7db33b2a21c9b89e7f2de4167b4dd87880,evidence\pac\ai\PDFUA-Ref-2-04_Presentation-M02__e85501fb90d221c574cae80f0cab8f7db33b2a21c9b89e7f2de4167b4dd87880.pdf
PDFUA-Ref-2-04_Presentation-M02,PDFUA-Ref-2-04_Presentation,M02,Acrobat,Formal,Missed,NO_TARGET_DETECTION,No new automated checkpoint matched the intended M02 property. Evidence: baseline report=evidence\acrobat\PDFUA-Ref-2-04_Presentation__90acb829ca8bfa037796592539d15010e9099d1cd2622aac1fce7d9fd3ae7575.accreport.html; mutant report=evidence\acrobat\PDFUA-Ref-2-04_Presentation-M02__e85501fb90d221c574cae80f0cab8f7db33b2a21c9b89e7f2de4167b4dd87880.accreport.html; baseline_sha256=90acb829ca8bfa037796592539d15010e9099d1cd2622aac1fce7d9fd3ae7575; mutant_sha256=e85501fb90d221c574cae80f0cab8f7db33b2a21c9b89e7f2de4167b4dd87880; baseline_rules=none; mutant_rules=NONE_REPORTED.,BASELINE_PASS,e85501fb90d221c574cae80f0cab8f7db33b2a21c9b89e7f2de4167b4dd87880,evidence\acrobat\PDFUA-Ref-2-04_Presentation-M02__e85501fb90d221c574cae80f0cab8f7db33b2a21c9b89e7f2de4167b4dd87880.accreport.html
PDFUA-Ref-2-04_Presentation-M02,PDFUA-Ref-2-04_Presentation,M02,veraPDF,Formal,Missed,NO_TARGET_DETECTION,No new automated checkpoint matched the intended M02 property. Evidence: baseline report=evidence\verapdf\PDFUA-Ref-2-04_Presentation__90acb829ca8bfa037796592539d15010e9099d1cd2622aac1fce7d9fd3ae7575.json; mutant report=evidence\verapdf\PDFUA-Ref-2-04_Presentation-M02__e85501fb90d221c574cae80f0cab8f7db33b2a21c9b89e7f2de4167b4dd87880.json; baseline_sha256=90acb829ca8bfa037796592539d15010e9099d1cd2622aac1fce7d9fd3ae7575; mutant_sha256=e85501fb90d221c574cae80f0cab8f7db33b2a21c9b89e7f2de4167b4dd87880; baseline_rules=none; mutant_rules=none.,BASELINE_PASS,e85501fb90d221c574cae80f0cab8f7db33b2a21c9b89e7f2de4167b4dd87880,evidence\verapdf\PDFUA-Ref-2-04_Presentation-M02__e85501fb90d221c574cae80f0cab8f7db33b2a21c9b89e7f2de4167b4dd87880.json
PDFUA-Ref-2-04_Presentation-M03,PDFUA-Ref-2-04_Presentation,M03,PAC,Formal,Detected,DIRECT_TARGET_DETECTION,New automated checkpoint(s) structure elements match the intended M03 property. Evidence: baseline report=evidence\pac\formal\PDFUA-Ref-2-04_Presentation__90acb829ca8bfa037796592539d15010e9099d1cd2622aac1fce7d9fd3ae7575.pdf; mutant report=evidence\pac\formal\PDFUA-Ref-2-04_Presentation-M03__23612f2c7708412a2bcfc9ba1023d8712c0db74be6f6752d7b04bb54b23913b7.pdf; baseline_sha256=90acb829ca8bfa037796592539d15010e9099d1cd2622aac1fce7d9fd3ae7575; mutant_sha256=23612f2c7708412a2bcfc9ba1023d8712c0db74be6f6752d7b04bb54b23913b7; baseline_rules=none; mutant_rules=Structure elements.,BASELINE_PASS,23612f2c7708412a2bcfc9ba1023d8712c0db74be6f6752d7b04bb54b23913b7,evidence\pac\formal\PDFUA-Ref-2-04_Presentation-M03__23612f2c7708412a2bcfc9ba1023d8712c0db74be6f6752d7b04bb54b23913b7.pdf
PDFUA-Ref-2-04_Presentation-M03,PDFUA-Ref-2-04_Presentation,M03,PAC,AI,TODO,UNCLASSIFIED,,,23612f2c7708412a2bcfc9ba1023d8712c0db74be6f6752d7b04bb54b23913b7,
PDFUA-Ref-2-04_Presentation-M03,PDFUA-Ref-2-04_Presentation,M03,Acrobat,Formal,Detected,DIRECT_TARGET_DETECTION,New automated checkpoint(s) appropriate nesting match the intended M03 property. Evidence: baseline report=evidence\acrobat\PDFUA-Ref-2-04_Presentation__90acb829ca8bfa037796592539d15010e9099d1cd2622aac1fce7d9fd3ae7575.accreport.html; mutant report=evidence\acrobat\PDFUA-Ref-2-04_Presentation-M03__23612f2c7708412a2bcfc9ba1023d8712c0db74be6f6752d7b04bb54b23913b7.accreport.html; baseline_sha256=90acb829ca8bfa037796592539d15010e9099d1cd2622aac1fce7d9fd3ae7575; mutant_sha256=23612f2c7708412a2bcfc9ba1023d8712c0db74be6f6752d7b04bb54b23913b7; baseline_rules=none; mutant_rules=Appropriate nesting.,BASELINE_PASS,23612f2c7708412a2bcfc9ba1023d8712c0db74be6f6752d7b04bb54b23913b7,evidence\acrobat\PDFUA-Ref-2-04_Presentation-M03__23612f2c7708412a2bcfc9ba1023d8712c0db74be6f6752d7b04bb54b23913b7.accreport.html
PDFUA-Ref-2-04_Presentation-M03,PDFUA-Ref-2-04_Presentation,M03,veraPDF,Formal,Detected,DIRECT_TARGET_DETECTION,New automated checkpoint(s) heading match the intended M03 property. Evidence: baseline report=evidence\verapdf\PDFUA-Ref-2-04_Presentation__90acb829ca8bfa037796592539d15010e9099d1cd2622aac1fce7d9fd3ae7575.json; mutant report=evidence\verapdf\PDFUA-Ref-2-04_Presentation-M03__23612f2c7708412a2bcfc9ba1023d8712c0db74be6f6752d7b04bb54b23913b7.json; baseline_sha256=90acb829ca8bfa037796592539d15010e9099d1cd2622aac1fce7d9fd3ae7575; mutant_sha256=23612f2c7708412a2bcfc9ba1023d8712c0db74be6f6752d7b04bb54b23913b7; baseline_rules=none; mutant_rules=7.4.2.,BASELINE_PASS,23612f2c7708412a2bcfc9ba1023d8712c0db74be6f6752d7b04bb54b23913b7,evidence\verapdf\PDFUA-Ref-2-04_Presentation-M03__23612f2c7708412a2bcfc9ba1023d8712c0db74be6f6752d7b04bb54b23913b7.json
PDFUA-Ref-2-04_Presentation-M04,PDFUA-Ref-2-04_Presentation,M04,PAC,Formal,Missed,COLLATERAL_DETECTION,No new automated checkpoint matched the intended M04 property; unrelated/collateral new finding(s) PDF Syntax are not counted. Evidence: baseline report=evidence\pac\formal\PDFUA-Ref-2-04_Presentation__90acb829ca8bfa037796592539d15010e9099d1cd2622aac1fce7d9fd3ae7575.pdf; mutant report=evidence\pac\formal\PDFUA-Ref-2-04_Presentation-M04__d54e7cdfa78b6be17e9234803de1e88ece27cba0282e244b0f0abfdd992487cd.pdf; baseline_sha256=90acb829ca8bfa037796592539d15010e9099d1cd2622aac1fce7d9fd3ae7575; mutant_sha256=d54e7cdfa78b6be17e9234803de1e88ece27cba0282e244b0f0abfdd992487cd; baseline_rules=none; mutant_rules=PDF Syntax.,BASELINE_PASS,d54e7cdfa78b6be17e9234803de1e88ece27cba0282e244b0f0abfdd992487cd,evidence\pac\formal\PDFUA-Ref-2-04_Presentation-M04__d54e7cdfa78b6be17e9234803de1e88ece27cba0282e244b0f0abfdd992487cd.pdf
PDFUA-Ref-2-04_Presentation-M04,PDFUA-Ref-2-04_Presentation,M04,PAC,AI,TODO,UNCLASSIFIED,PAC AI is evaluated separately in data/pac_ai_classifications.csv; no formal mutation-specific classification is inferred here.,BASELINE_PASS,d54e7cdfa78b6be17e9234803de1e88ece27cba0282e244b0f0abfdd992487cd,evidence\pac\ai\PDFUA-Ref-2-04_Presentation-M04__d54e7cdfa78b6be17e9234803de1e88ece27cba0282e244b0f0abfdd992487cd.pdf
PDFUA-Ref-2-04_Presentation-M04,PDFUA-Ref-2-04_Presentation,M04,Acrobat,Formal,Missed,NO_TARGET_DETECTION,No new automated checkpoint matched the intended M04 property. Evidence: baseline report=evidence\acrobat\PDFUA-Ref-2-04_Presentation__90acb829ca8bfa037796592539d15010e9099d1cd2622aac1fce7d9fd3ae7575.accreport.html; mutant report=evidence\acrobat\PDFUA-Ref-2-04_Presentation-M04__d54e7cdfa78b6be17e9234803de1e88ece27cba0282e244b0f0abfdd992487cd.accreport.html; baseline_sha256=90acb829ca8bfa037796592539d15010e9099d1cd2622aac1fce7d9fd3ae7575; mutant_sha256=d54e7cdfa78b6be17e9234803de1e88ece27cba0282e244b0f0abfdd992487cd; baseline_rules=none; mutant_rules=NONE_REPORTED.,BASELINE_PASS,d54e7cdfa78b6be17e9234803de1e88ece27cba0282e244b0f0abfdd992487cd,evidence\acrobat\PDFUA-Ref-2-04_Presentation-M04__d54e7cdfa78b6be17e9234803de1e88ece27cba0282e244b0f0abfdd992487cd.accreport.html
PDFUA-Ref-2-04_Presentation-M04,PDFUA-Ref-2-04_Presentation,M04,veraPDF,Formal,Missed,NO_TARGET_DETECTION,No new automated checkpoint matched the intended M04 property. Evidence: baseline report=evidence\verapdf\PDFUA-Ref-2-04_Presentation__90acb829ca8bfa037796592539d15010e9099d1cd2622aac1fce7d9fd3ae7575.json; mutant report=evidence\verapdf\PDFUA-Ref-2-04_Presentation-M04__d54e7cdfa78b6be17e9234803de1e88ece27cba0282e244b0f0abfdd992487cd.json; baseline_sha256=90acb829ca8bfa037796592539d15010e9099d1cd2622aac1fce7d9fd3ae7575; mutant_sha256=d54e7cdfa78b6be17e9234803de1e88ece27cba0282e244b0f0abfdd992487cd; baseline_rules=none; mutant_rules=none.,BASELINE_PASS,d54e7cdfa78b6be17e9234803de1e88ece27cba0282e244b0f0abfdd992487cd,evidence\verapdf\PDFUA-Ref-2-04_Presentation-M04__d54e7cdfa78b6be17e9234803de1e88ece27cba0282e244b0f0abfdd992487cd.json
PDFUA-Ref-2-04_Presentation-M05,PDFUA-Ref-2-04_Presentation,M05,PAC,Formal,Missed,NO_TARGET_DETECTION,No new automated checkpoint matched the intended M05 property. Evidence: baseline report=evidence\pac\formal\PDFUA-Ref-2-04_Presentation__90acb829ca8bfa037796592539d15010e9099d1cd2622aac1fce7d9fd3ae7575.pdf; mutant report=evidence\pac\formal\PDFUA-Ref-2-04_Presentation-M05__5d72a6c172200b5c5bf50850d45e535a9ed8454edfec1b2714a6c72159995d5c.pdf; baseline_sha256=90acb829ca8bfa037796592539d15010e9099d1cd2622aac1fce7d9fd3ae7575; mutant_sha256=5d72a6c172200b5c5bf50850d45e535a9ed8454edfec1b2714a6c72159995d5c; baseline_rules=none; mutant_rules=none.,BASELINE_PASS,5d72a6c172200b5c5bf50850d45e535a9ed8454edfec1b2714a6c72159995d5c,evidence\pac\formal\PDFUA-Ref-2-04_Presentation-M05__5d72a6c172200b5c5bf50850d45e535a9ed8454edfec1b2714a6c72159995d5c.pdf
PDFUA-Ref-2-04_Presentation-M05,PDFUA-Ref-2-04_Presentation,M05,PAC,AI,TODO,UNCLASSIFIED,PAC AI is evaluated separately in data/pac_ai_classifications.csv; no formal mutation-specific classification is inferred here.,BASELINE_PASS,5d72a6c172200b5c5bf50850d45e535a9ed8454edfec1b2714a6c72159995d5c,evidence\pac\ai\PDFUA-Ref-2-04_Presentation-M05__5d72a6c172200b5c5bf50850d45e535a9ed8454edfec1b2714a6c72159995d5c.pdf
PDFUA-Ref-2-04_Presentation-M05,PDFUA-Ref-2-04_Presentation,M05,Acrobat,Formal,Needs Manual Check,MANUAL_REVIEW,Acrobat emitted the manual checkpoint(s) logical reading order; manual prompts are retained separately and are not automated detections. Evidence: baseline report=evidence\acrobat\PDFUA-Ref-2-04_Presentation__90acb829ca8bfa037796592539d15010e9099d1cd2622aac1fce7d9fd3ae7575.accreport.html; mutant report=evidence\acrobat\PDFUA-Ref-2-04_Presentation-M05__5d72a6c172200b5c5bf50850d45e535a9ed8454edfec1b2714a6c72159995d5c.accreport.html; baseline_sha256=90acb829ca8bfa037796592539d15010e9099d1cd2622aac1fce7d9fd3ae7575; mutant_sha256=5d72a6c172200b5c5bf50850d45e535a9ed8454edfec1b2714a6c72159995d5c; baseline_rules=none; mutant_rules=MANUAL_CHECK_PROMPTS:2.,BASELINE_PASS,5d72a6c172200b5c5bf50850d45e535a9ed8454edfec1b2714a6c72159995d5c,evidence\acrobat\PDFUA-Ref-2-04_Presentation-M05__5d72a6c172200b5c5bf50850d45e535a9ed8454edfec1b2714a6c72159995d5c.accreport.html
PDFUA-Ref-2-04_Presentation-M05,PDFUA-Ref-2-04_Presentation,M05,veraPDF,Formal,Missed,NO_TARGET_DETECTION,No new automated checkpoint matched the intended M05 property. Evidence: baseline report=evidence\verapdf\PDFUA-Ref-2-04_Presentation__90acb829ca8bfa037796592539d15010e9099d1cd2622aac1fce7d9fd3ae7575.json; mutant report=evidence\verapdf\PDFUA-Ref-2-04_Presentation-M05__5d72a6c172200b5c5bf50850d45e535a9ed8454edfec1b2714a6c72159995d5c.json; baseline_sha256=90acb829ca8bfa037796592539d15010e9099d1cd2622aac1fce7d9fd3ae7575; mutant_sha256=5d72a6c172200b5c5bf50850d45e535a9ed8454edfec1b2714a6c72159995d5c; baseline_rules=none; mutant_rules=none.,BASELINE_PASS,5d72a6c172200b5c5bf50850d45e535a9ed8454edfec1b2714a6c72159995d5c,evidence\verapdf\PDFUA-Ref-2-04_Presentation-M05__5d72a6c172200b5c5bf50850d45e535a9ed8454edfec1b2714a6c72159995d5c.json
PDFUA-Ref-2-04_Presentation-M06,PDFUA-Ref-2-04_Presentation,M06,PAC,Formal,Missed,NO_TARGET_DETECTION,No new automated checkpoint matched the intended M06 property. Evidence: baseline report=evidence\pac\formal\PDFUA-Ref-2-04_Presentation__90acb829ca8bfa037796592539d15010e9099d1cd2622aac1fce7d9fd3ae7575.pdf; mutant report=evidence\pac\formal\PDFUA-Ref-2-04_Presentation-M06__56a2b7314c6bb652499bd6ed6a070925d4a76b840d9a06a4377b055a02d37da4.pdf; baseline_sha256=90acb829ca8bfa037796592539d15010e9099d1cd2622aac1fce7d9fd3ae7575; mutant_sha256=56a2b7314c6bb652499bd6ed6a070925d4a76b840d9a06a4377b055a02d37da4; baseline_rules=none; mutant_rules=NONE_REPORTED.,BASELINE_PASS,56a2b7314c6bb652499bd6ed6a070925d4a76b840d9a06a4377b055a02d37da4,evidence\pac\formal\PDFUA-Ref-2-04_Presentation-M06__56a2b7314c6bb652499bd6ed6a070925d4a76b840d9a06a4377b055a02d37da4.pdf
PDFUA-Ref-2-04_Presentation-M06,PDFUA-Ref-2-04_Presentation,M06,PAC,AI,TODO,UNCLASSIFIED,,,56a2b7314c6bb652499bd6ed6a070925d4a76b840d9a06a4377b055a02d37da4,
PDFUA-Ref-2-04_Presentation-M06,PDFUA-Ref-2-04_Presentation,M06,Acrobat,Formal,Missed,NO_TARGET_DETECTION,No new automated checkpoint matched the intended M06 property. Evidence: baseline report=evidence\acrobat\PDFUA-Ref-2-04_Presentation__90acb829ca8bfa037796592539d15010e9099d1cd2622aac1fce7d9fd3ae7575.accreport.html; mutant report=evidence\acrobat\PDFUA-Ref-2-04_Presentation-M06__56a2b7314c6bb652499bd6ed6a070925d4a76b840d9a06a4377b055a02d37da4.accreport.html; baseline_sha256=90acb829ca8bfa037796592539d15010e9099d1cd2622aac1fce7d9fd3ae7575; mutant_sha256=56a2b7314c6bb652499bd6ed6a070925d4a76b840d9a06a4377b055a02d37da4; baseline_rules=none; mutant_rules=NONE_REPORTED.,BASELINE_PASS,56a2b7314c6bb652499bd6ed6a070925d4a76b840d9a06a4377b055a02d37da4,evidence\acrobat\PDFUA-Ref-2-04_Presentation-M06__56a2b7314c6bb652499bd6ed6a070925d4a76b840d9a06a4377b055a02d37da4.accreport.html
PDFUA-Ref-2-04_Presentation-M06,PDFUA-Ref-2-04_Presentation,M06,veraPDF,Formal,Missed,NO_TARGET_DETECTION,No new automated checkpoint matched the intended M06 property. Evidence: baseline report=evidence\verapdf\PDFUA-Ref-2-04_Presentation__90acb829ca8bfa037796592539d15010e9099d1cd2622aac1fce7d9fd3ae7575.json; mutant report=evidence\verapdf\PDFUA-Ref-2-04_Presentation-M06__56a2b7314c6bb652499bd6ed6a070925d4a76b840d9a06a4377b055a02d37da4.json; baseline_sha256=90acb829ca8bfa037796592539d15010e9099d1cd2622aac1fce7d9fd3ae7575; mutant_sha256=56a2b7314c6bb652499bd6ed6a070925d4a76b840d9a06a4377b055a02d37da4; baseline_rules=none; mutant_rules=none.,BASELINE_PASS,56a2b7314c6bb652499bd6ed6a070925d4a76b840d9a06a4377b055a02d37da4,evidence\verapdf\PDFUA-Ref-2-04_Presentation-M06__56a2b7314c6bb652499bd6ed6a070925d4a76b840d9a06a4377b055a02d37da4.json
PDFUA-Ref-2-04_Presentation-M07,PDFUA-Ref-2-04_Presentation,M07,PAC,Formal,Detected,DIRECT_TARGET_DETECTION,New automated checkpoint(s) alternative descriptions match the intended M07 property. Evidence: baseline report=evidence\pac\formal\PDFUA-Ref-2-04_Presentation__90acb829ca8bfa037796592539d15010e9099d1cd2622aac1fce7d9fd3ae7575.pdf; mutant report=evidence\pac\formal\PDFUA-Ref-2-04_Presentation-M07__09d414160bdb30b7d9aa23413647b6ba38f434340f1d3f0d3164a1d37d5d3088.pdf; baseline_sha256=90acb829ca8bfa037796592539d15010e9099d1cd2622aac1fce7d9fd3ae7575; mutant_sha256=09d414160bdb30b7d9aa23413647b6ba38f434340f1d3f0d3164a1d37d5d3088; baseline_rules=none; mutant_rules=Alternative Descriptions.,BASELINE_PASS,09d414160bdb30b7d9aa23413647b6ba38f434340f1d3f0d3164a1d37d5d3088,evidence\pac\formal\PDFUA-Ref-2-04_Presentation-M07__09d414160bdb30b7d9aa23413647b6ba38f434340f1d3f0d3164a1d37d5d3088.pdf
PDFUA-Ref-2-04_Presentation-M07,PDFUA-Ref-2-04_Presentation,M07,PAC,AI,TODO,UNCLASSIFIED,,,09d414160bdb30b7d9aa23413647b6ba38f434340f1d3f0d3164a1d37d5d3088,
PDFUA-Ref-2-04_Presentation-M07,PDFUA-Ref-2-04_Presentation,M07,Acrobat,Formal,Detected,DIRECT_TARGET_DETECTION,New automated checkpoint(s) figures alternate text match the intended M07 property. Evidence: baseline report=evidence\acrobat\PDFUA-Ref-2-04_Presentation__90acb829ca8bfa037796592539d15010e9099d1cd2622aac1fce7d9fd3ae7575.accreport.html; mutant report=evidence\acrobat\PDFUA-Ref-2-04_Presentation-M07__09d414160bdb30b7d9aa23413647b6ba38f434340f1d3f0d3164a1d37d5d3088.accreport.html; baseline_sha256=90acb829ca8bfa037796592539d15010e9099d1cd2622aac1fce7d9fd3ae7575; mutant_sha256=09d414160bdb30b7d9aa23413647b6ba38f434340f1d3f0d3164a1d37d5d3088; baseline_rules=none; mutant_rules=Figures alternate text.,BASELINE_PASS,09d414160bdb30b7d9aa23413647b6ba38f434340f1d3f0d3164a1d37d5d3088,evidence\acrobat\PDFUA-Ref-2-04_Presentation-M07__09d414160bdb30b7d9aa23413647b6ba38f434340f1d3f0d3164a1d37d5d3088.accreport.html
PDFUA-Ref-2-04_Presentation-M07,PDFUA-Ref-2-04_Presentation,M07,veraPDF,Formal,Detected,DIRECT_TARGET_DETECTION,New automated checkpoint(s) figure match the intended M07 property. Evidence: baseline report=evidence\verapdf\PDFUA-Ref-2-04_Presentation__90acb829ca8bfa037796592539d15010e9099d1cd2622aac1fce7d9fd3ae7575.json; mutant report=evidence\verapdf\PDFUA-Ref-2-04_Presentation-M07__09d414160bdb30b7d9aa23413647b6ba38f434340f1d3f0d3164a1d37d5d3088.json; baseline_sha256=90acb829ca8bfa037796592539d15010e9099d1cd2622aac1fce7d9fd3ae7575; mutant_sha256=09d414160bdb30b7d9aa23413647b6ba38f434340f1d3f0d3164a1d37d5d3088; baseline_rules=none; mutant_rules=7.3.,BASELINE_PASS,09d414160bdb30b7d9aa23413647b6ba38f434340f1d3f0d3164a1d37d5d3088,evidence\verapdf\PDFUA-Ref-2-04_Presentation-M07__09d414160bdb30b7d9aa23413647b6ba38f434340f1d3f0d3164a1d37d5d3088.json
PDFUA-Ref-2-04_Presentation-M08,PDFUA-Ref-2-04_Presentation,M08,PAC,Formal,Detected,DIRECT_TARGET_DETECTION,New automated checkpoint(s) natural language match the intended M08 property. Evidence: baseline report=evidence\pac\formal\PDFUA-Ref-2-04_Presentation__90acb829ca8bfa037796592539d15010e9099d1cd2622aac1fce7d9fd3ae7575.pdf; mutant report=evidence\pac\formal\PDFUA-Ref-2-04_Presentation-M08__72f5f8517793703f0eb2affec0285f5bfb13a062e91810ef96c17a766aa81539.pdf; baseline_sha256=90acb829ca8bfa037796592539d15010e9099d1cd2622aac1fce7d9fd3ae7575; mutant_sha256=72f5f8517793703f0eb2affec0285f5bfb13a062e91810ef96c17a766aa81539; baseline_rules=none; mutant_rules=Natural language.,BASELINE_PASS,72f5f8517793703f0eb2affec0285f5bfb13a062e91810ef96c17a766aa81539,evidence\pac\formal\PDFUA-Ref-2-04_Presentation-M08__72f5f8517793703f0eb2affec0285f5bfb13a062e91810ef96c17a766aa81539.pdf
PDFUA-Ref-2-04_Presentation-M08,PDFUA-Ref-2-04_Presentation,M08,PAC,AI,TODO,UNCLASSIFIED,,,72f5f8517793703f0eb2affec0285f5bfb13a062e91810ef96c17a766aa81539,
PDFUA-Ref-2-04_Presentation-M08,PDFUA-Ref-2-04_Presentation,M08,Acrobat,Formal,Detected,DIRECT_TARGET_DETECTION,New automated checkpoint(s) primary language match the intended M08 property. Evidence: baseline report=evidence\acrobat\PDFUA-Ref-2-04_Presentation__90acb829ca8bfa037796592539d15010e9099d1cd2622aac1fce7d9fd3ae7575.accreport.html; mutant report=evidence\acrobat\PDFUA-Ref-2-04_Presentation-M08__72f5f8517793703f0eb2affec0285f5bfb13a062e91810ef96c17a766aa81539.accreport.html; baseline_sha256=90acb829ca8bfa037796592539d15010e9099d1cd2622aac1fce7d9fd3ae7575; mutant_sha256=72f5f8517793703f0eb2affec0285f5bfb13a062e91810ef96c17a766aa81539; baseline_rules=none; mutant_rules=Primary language.,BASELINE_PASS,72f5f8517793703f0eb2affec0285f5bfb13a062e91810ef96c17a766aa81539,evidence\acrobat\PDFUA-Ref-2-04_Presentation-M08__72f5f8517793703f0eb2affec0285f5bfb13a062e91810ef96c17a766aa81539.accreport.html
PDFUA-Ref-2-04_Presentation-M08,PDFUA-Ref-2-04_Presentation,M08,veraPDF,Formal,Detected,DIRECT_TARGET_DETECTION,New automated checkpoint(s) natural language match the intended M08 property. Evidence: baseline report=evidence\verapdf\PDFUA-Ref-2-04_Presentation__90acb829ca8bfa037796592539d15010e9099d1cd2622aac1fce7d9fd3ae7575.json; mutant report=evidence\verapdf\PDFUA-Ref-2-04_Presentation-M08__72f5f8517793703f0eb2affec0285f5bfb13a062e91810ef96c17a766aa81539.json; baseline_sha256=90acb829ca8bfa037796592539d15010e9099d1cd2622aac1fce7d9fd3ae7575; mutant_sha256=72f5f8517793703f0eb2affec0285f5bfb13a062e91810ef96c17a766aa81539; baseline_rules=none; mutant_rules=7.2.,BASELINE_PASS,72f5f8517793703f0eb2affec0285f5bfb13a062e91810ef96c17a766aa81539,evidence\verapdf\PDFUA-Ref-2-04_Presentation-M08__72f5f8517793703f0eb2affec0285f5bfb13a062e91810ef96c17a766aa81539.json
PDFUA-Ref-2-04_Presentation-M09,PDFUA-Ref-2-04_Presentation,M09,PAC,Formal,Detected,DIRECT_TARGET_DETECTION,New automated checkpoint(s) role mapping match the intended M09 property. Evidence: baseline report=evidence\pac\formal\PDFUA-Ref-2-04_Presentation__90acb829ca8bfa037796592539d15010e9099d1cd2622aac1fce7d9fd3ae7575.pdf; mutant report=evidence\pac\formal\PDFUA-Ref-2-04_Presentation-M09__d9603ca680cfdcaf22033828f12e55e1d26f825bcbdfaf7dd0a29798ea61de3a.pdf; baseline_sha256=90acb829ca8bfa037796592539d15010e9099d1cd2622aac1fce7d9fd3ae7575; mutant_sha256=d9603ca680cfdcaf22033828f12e55e1d26f825bcbdfaf7dd0a29798ea61de3a; baseline_rules=none; mutant_rules=Role mapping.,BASELINE_PASS,d9603ca680cfdcaf22033828f12e55e1d26f825bcbdfaf7dd0a29798ea61de3a,evidence\pac\formal\PDFUA-Ref-2-04_Presentation-M09__d9603ca680cfdcaf22033828f12e55e1d26f825bcbdfaf7dd0a29798ea61de3a.pdf
PDFUA-Ref-2-04_Presentation-M09,PDFUA-Ref-2-04_Presentation,M09,PAC,AI,TODO,UNCLASSIFIED,,,d9603ca680cfdcaf22033828f12e55e1d26f825bcbdfaf7dd0a29798ea61de3a,
PDFUA-Ref-2-04_Presentation-M09,PDFUA-Ref-2-04_Presentation,M09,Acrobat,Formal,Missed,NO_TARGET_DETECTION,No new automated checkpoint matched the intended M09 property. Evidence: baseline report=evidence\acrobat\PDFUA-Ref-2-04_Presentation__90acb829ca8bfa037796592539d15010e9099d1cd2622aac1fce7d9fd3ae7575.accreport.html; mutant report=evidence\acrobat\PDFUA-Ref-2-04_Presentation-M09__d9603ca680cfdcaf22033828f12e55e1d26f825bcbdfaf7dd0a29798ea61de3a.accreport.html; baseline_sha256=90acb829ca8bfa037796592539d15010e9099d1cd2622aac1fce7d9fd3ae7575; mutant_sha256=d9603ca680cfdcaf22033828f12e55e1d26f825bcbdfaf7dd0a29798ea61de3a; baseline_rules=none; mutant_rules=NONE_REPORTED.,BASELINE_PASS,d9603ca680cfdcaf22033828f12e55e1d26f825bcbdfaf7dd0a29798ea61de3a,evidence\acrobat\PDFUA-Ref-2-04_Presentation-M09__d9603ca680cfdcaf22033828f12e55e1d26f825bcbdfaf7dd0a29798ea61de3a.accreport.html
PDFUA-Ref-2-04_Presentation-M09,PDFUA-Ref-2-04_Presentation,M09,veraPDF,Formal,Detected,DIRECT_TARGET_DETECTION,New automated checkpoint(s) role map match the intended M09 property. Evidence: baseline report=evidence\verapdf\PDFUA-Ref-2-04_Presentation__90acb829ca8bfa037796592539d15010e9099d1cd2622aac1fce7d9fd3ae7575.json; mutant report=evidence\verapdf\PDFUA-Ref-2-04_Presentation-M09__d9603ca680cfdcaf22033828f12e55e1d26f825bcbdfaf7dd0a29798ea61de3a.json; baseline_sha256=90acb829ca8bfa037796592539d15010e9099d1cd2622aac1fce7d9fd3ae7575; mutant_sha256=d9603ca680cfdcaf22033828f12e55e1d26f825bcbdfaf7dd0a29798ea61de3a; baseline_rules=none; mutant_rules=7.1.,BASELINE_PASS,d9603ca680cfdcaf22033828f12e55e1d26f825bcbdfaf7dd0a29798ea61de3a,evidence\verapdf\PDFUA-Ref-2-04_Presentation-M09__d9603ca680cfdcaf22033828f12e55e1d26f825bcbdfaf7dd0a29798ea61de3a.json
PDFUA-Ref-2-05_BookChapter-german-M01,PDFUA-Ref-2-05_BookChapter-german,M01,PAC,Formal,Missed,NO_TARGET_DETECTION,No new automated checkpoint matched the intended M01 property. Evidence: baseline report=evidence\pac\formal\PDFUA-Ref-2-05_BookChapter-german__fc525b8899da31779b6143c16053779cd560d4417018a901472de33c71252352.pdf; mutant report=evidence\pac\formal\PDFUA-Ref-2-05_BookChapter-german-M01__f3455e42a1e7610054506c9ece9cfbef949f888e93294fce9eae762222be6078.pdf; baseline_sha256=fc525b8899da31779b6143c16053779cd560d4417018a901472de33c71252352; mutant_sha256=f3455e42a1e7610054506c9ece9cfbef949f888e93294fce9eae762222be6078; baseline_rules=none; mutant_rules=NONE_REPORTED.,BASELINE_PASS,f3455e42a1e7610054506c9ece9cfbef949f888e93294fce9eae762222be6078,evidence\pac\formal\PDFUA-Ref-2-05_BookChapter-german-M01__f3455e42a1e7610054506c9ece9cfbef949f888e93294fce9eae762222be6078.pdf
PDFUA-Ref-2-05_BookChapter-german-M01,PDFUA-Ref-2-05_BookChapter-german,M01,PAC,AI,TODO,UNCLASSIFIED,PAC AI is evaluated separately in data/pac_ai_classifications.csv; no formal mutation-specific classification is inferred here.,BASELINE_PASS,f3455e42a1e7610054506c9ece9cfbef949f888e93294fce9eae762222be6078,evidence\pac\ai\PDFUA-Ref-2-05_BookChapter-german-M01__f3455e42a1e7610054506c9ece9cfbef949f888e93294fce9eae762222be6078.pdf
PDFUA-Ref-2-05_BookChapter-german-M01,PDFUA-Ref-2-05_BookChapter-german,M01,Acrobat,Formal,Needs Manual Check,MANUAL_REVIEW,Acrobat emitted the manual checkpoint(s) logical reading order; manual prompts are retained separately and are not automated detections. G05's pre-existing Lbl and LBody failure is baseline context; only new operator-specific failures are considered. Evidence: baseline report=evidence\acrobat\PDFUA-Ref-2-05_BookChapter-german__fc525b8899da31779b6143c16053779cd560d4417018a901472de33c71252352.accreport.html; mutant report=evidence\acrobat\PDFUA-Ref-2-05_BookChapter-german-M01__f3455e42a1e7610054506c9ece9cfbef949f888e93294fce9eae762222be6078.accreport.html; baseline_sha256=fc525b8899da31779b6143c16053779cd560d4417018a901472de33c71252352; mutant_sha256=f3455e42a1e7610054506c9ece9cfbef949f888e93294fce9eae762222be6078; baseline_rules=Lbl and LBody; mutant_rules=Lbl and LBody.,BASELINE_FAIL,f3455e42a1e7610054506c9ece9cfbef949f888e93294fce9eae762222be6078,evidence\acrobat\PDFUA-Ref-2-05_BookChapter-german-M01__f3455e42a1e7610054506c9ece9cfbef949f888e93294fce9eae762222be6078.accreport.html
PDFUA-Ref-2-05_BookChapter-german-M01,PDFUA-Ref-2-05_BookChapter-german,M01,veraPDF,Formal,Missed,NO_TARGET_DETECTION,No new automated checkpoint matched the intended M01 property. Evidence: baseline report=evidence\verapdf\PDFUA-Ref-2-05_BookChapter-german__fc525b8899da31779b6143c16053779cd560d4417018a901472de33c71252352.json; mutant report=evidence\verapdf\PDFUA-Ref-2-05_BookChapter-german-M01__f3455e42a1e7610054506c9ece9cfbef949f888e93294fce9eae762222be6078.json; baseline_sha256=fc525b8899da31779b6143c16053779cd560d4417018a901472de33c71252352; mutant_sha256=f3455e42a1e7610054506c9ece9cfbef949f888e93294fce9eae762222be6078; baseline_rules=none; mutant_rules=none.,BASELINE_PASS,f3455e42a1e7610054506c9ece9cfbef949f888e93294fce9eae762222be6078,evidence\verapdf\PDFUA-Ref-2-05_BookChapter-german-M01__f3455e42a1e7610054506c9ece9cfbef949f888e93294fce9eae762222be6078.json
PDFUA-Ref-2-05_BookChapter-german-M02,PDFUA-Ref-2-05_BookChapter-german,M02,PAC,Formal,Missed,NO_TARGET_DETECTION,No new automated checkpoint matched the intended M02 property. Evidence: baseline report=evidence\pac\formal\PDFUA-Ref-2-05_BookChapter-german__fc525b8899da31779b6143c16053779cd560d4417018a901472de33c71252352.pdf; mutant report=evidence\pac\formal\PDFUA-Ref-2-05_BookChapter-german-M02__5b806fd39c6559c0416737eb3cc131c05f5071f0b1d758af0fecca9b315070af.pdf; baseline_sha256=fc525b8899da31779b6143c16053779cd560d4417018a901472de33c71252352; mutant_sha256=5b806fd39c6559c0416737eb3cc131c05f5071f0b1d758af0fecca9b315070af; baseline_rules=none; mutant_rules=NONE_REPORTED.,BASELINE_PASS,5b806fd39c6559c0416737eb3cc131c05f5071f0b1d758af0fecca9b315070af,evidence\pac\formal\PDFUA-Ref-2-05_BookChapter-german-M02__5b806fd39c6559c0416737eb3cc131c05f5071f0b1d758af0fecca9b315070af.pdf
PDFUA-Ref-2-05_BookChapter-german-M02,PDFUA-Ref-2-05_BookChapter-german,M02,PAC,AI,TODO,UNCLASSIFIED,PAC AI is evaluated separately in data/pac_ai_classifications.csv; no formal mutation-specific classification is inferred here.,BASELINE_PASS,5b806fd39c6559c0416737eb3cc131c05f5071f0b1d758af0fecca9b315070af,evidence\pac\ai\PDFUA-Ref-2-05_BookChapter-german-M02__5b806fd39c6559c0416737eb3cc131c05f5071f0b1d758af0fecca9b315070af.pdf
PDFUA-Ref-2-05_BookChapter-german-M02,PDFUA-Ref-2-05_BookChapter-german,M02,Acrobat,Formal,Missed,NO_TARGET_DETECTION,No new automated checkpoint matched the intended M02 property. G05's pre-existing Lbl and LBody failure is baseline context; only new operator-specific failures are considered. Evidence: baseline report=evidence\acrobat\PDFUA-Ref-2-05_BookChapter-german__fc525b8899da31779b6143c16053779cd560d4417018a901472de33c71252352.accreport.html; mutant report=evidence\acrobat\PDFUA-Ref-2-05_BookChapter-german-M02__5b806fd39c6559c0416737eb3cc131c05f5071f0b1d758af0fecca9b315070af.accreport.html; baseline_sha256=fc525b8899da31779b6143c16053779cd560d4417018a901472de33c71252352; mutant_sha256=5b806fd39c6559c0416737eb3cc131c05f5071f0b1d758af0fecca9b315070af; baseline_rules=Lbl and LBody; mutant_rules=NONE_REPORTED.,BASELINE_FAIL,5b806fd39c6559c0416737eb3cc131c05f5071f0b1d758af0fecca9b315070af,evidence\acrobat\PDFUA-Ref-2-05_BookChapter-german-M02__5b806fd39c6559c0416737eb3cc131c05f5071f0b1d758af0fecca9b315070af.accreport.html
PDFUA-Ref-2-05_BookChapter-german-M02,PDFUA-Ref-2-05_BookChapter-german,M02,veraPDF,Formal,Missed,NO_TARGET_DETECTION,No new automated checkpoint matched the intended M02 property. Evidence: baseline report=evidence\verapdf\PDFUA-Ref-2-05_BookChapter-german__fc525b8899da31779b6143c16053779cd560d4417018a901472de33c71252352.json; mutant report=evidence\verapdf\PDFUA-Ref-2-05_BookChapter-german-M02__5b806fd39c6559c0416737eb3cc131c05f5071f0b1d758af0fecca9b315070af.json; baseline_sha256=fc525b8899da31779b6143c16053779cd560d4417018a901472de33c71252352; mutant_sha256=5b806fd39c6559c0416737eb3cc131c05f5071f0b1d758af0fecca9b315070af; baseline_rules=none; mutant_rules=none.,BASELINE_PASS,5b806fd39c6559c0416737eb3cc131c05f5071f0b1d758af0fecca9b315070af,evidence\verapdf\PDFUA-Ref-2-05_BookChapter-german-M02__5b806fd39c6559c0416737eb3cc131c05f5071f0b1d758af0fecca9b315070af.json
PDFUA-Ref-2-05_BookChapter-german-M03,PDFUA-Ref-2-05_BookChapter-german,M03,PAC,Formal,Detected,DIRECT_TARGET_DETECTION,New automated checkpoint(s) structure elements match the intended M03 property. Evidence: baseline report=evidence\pac\formal\PDFUA-Ref-2-05_BookChapter-german__fc525b8899da31779b6143c16053779cd560d4417018a901472de33c71252352.pdf; mutant report=evidence\pac\formal\PDFUA-Ref-2-05_BookChapter-german-M03__08a17db95cf262351a8e2a6464edaec73836e71fd34b0db112bdec9676930e75.pdf; baseline_sha256=fc525b8899da31779b6143c16053779cd560d4417018a901472de33c71252352; mutant_sha256=08a17db95cf262351a8e2a6464edaec73836e71fd34b0db112bdec9676930e75; baseline_rules=none; mutant_rules=Structure elements.,BASELINE_PASS,08a17db95cf262351a8e2a6464edaec73836e71fd34b0db112bdec9676930e75,evidence\pac\formal\PDFUA-Ref-2-05_BookChapter-german-M03__08a17db95cf262351a8e2a6464edaec73836e71fd34b0db112bdec9676930e75.pdf
PDFUA-Ref-2-05_BookChapter-german-M03,PDFUA-Ref-2-05_BookChapter-german,M03,PAC,AI,TODO,UNCLASSIFIED,,,08a17db95cf262351a8e2a6464edaec73836e71fd34b0db112bdec9676930e75,
PDFUA-Ref-2-05_BookChapter-german-M03,PDFUA-Ref-2-05_BookChapter-german,M03,Acrobat,Formal,Detected,DIRECT_TARGET_DETECTION,New automated checkpoint(s) appropriate nesting match the intended M03 property. G05's pre-existing Lbl and LBody failure is baseline context; only new operator-specific failures are considered. Evidence: baseline report=evidence\acrobat\PDFUA-Ref-2-05_BookChapter-german__fc525b8899da31779b6143c16053779cd560d4417018a901472de33c71252352.accreport.html; mutant report=evidence\acrobat\PDFUA-Ref-2-05_BookChapter-german-M03__08a17db95cf262351a8e2a6464edaec73836e71fd34b0db112bdec9676930e75.accreport.html; baseline_sha256=fc525b8899da31779b6143c16053779cd560d4417018a901472de33c71252352; mutant_sha256=08a17db95cf262351a8e2a6464edaec73836e71fd34b0db112bdec9676930e75; baseline_rules=Lbl and LBody; mutant_rules=Lbl and LBody;Appropriate nesting.,BASELINE_FAIL,08a17db95cf262351a8e2a6464edaec73836e71fd34b0db112bdec9676930e75,evidence\acrobat\PDFUA-Ref-2-05_BookChapter-german-M03__08a17db95cf262351a8e2a6464edaec73836e71fd34b0db112bdec9676930e75.accreport.html
PDFUA-Ref-2-05_BookChapter-german-M03,PDFUA-Ref-2-05_BookChapter-german,M03,veraPDF,Formal,Detected,DIRECT_TARGET_DETECTION,New automated checkpoint(s) heading match the intended M03 property. Evidence: baseline report=evidence\verapdf\PDFUA-Ref-2-05_BookChapter-german__fc525b8899da31779b6143c16053779cd560d4417018a901472de33c71252352.json; mutant report=evidence\verapdf\PDFUA-Ref-2-05_BookChapter-german-M03__08a17db95cf262351a8e2a6464edaec73836e71fd34b0db112bdec9676930e75.json; baseline_sha256=fc525b8899da31779b6143c16053779cd560d4417018a901472de33c71252352; mutant_sha256=08a17db95cf262351a8e2a6464edaec73836e71fd34b0db112bdec9676930e75; baseline_rules=none; mutant_rules=7.4.2.,BASELINE_PASS,08a17db95cf262351a8e2a6464edaec73836e71fd34b0db112bdec9676930e75,evidence\verapdf\PDFUA-Ref-2-05_BookChapter-german-M03__08a17db95cf262351a8e2a6464edaec73836e71fd34b0db112bdec9676930e75.json
PDFUA-Ref-2-05_BookChapter-german-M04,PDFUA-Ref-2-05_BookChapter-german,M04,PAC,Formal,Missed,COLLATERAL_DETECTION,No new automated checkpoint matched the intended M04 property; unrelated/collateral new finding(s) PDF Syntax are not counted. Evidence: baseline report=evidence\pac\formal\PDFUA-Ref-2-05_BookChapter-german__fc525b8899da31779b6143c16053779cd560d4417018a901472de33c71252352.pdf; mutant report=evidence\pac\formal\PDFUA-Ref-2-05_BookChapter-german-M04__668b5c55c85237169484722c15354e8d353179f8b9fc9e96a2a6f83a13c71250.pdf; baseline_sha256=fc525b8899da31779b6143c16053779cd560d4417018a901472de33c71252352; mutant_sha256=668b5c55c85237169484722c15354e8d353179f8b9fc9e96a2a6f83a13c71250; baseline_rules=none; mutant_rules=PDF Syntax.,BASELINE_PASS,668b5c55c85237169484722c15354e8d353179f8b9fc9e96a2a6f83a13c71250,evidence\pac\formal\PDFUA-Ref-2-05_BookChapter-german-M04__668b5c55c85237169484722c15354e8d353179f8b9fc9e96a2a6f83a13c71250.pdf
PDFUA-Ref-2-05_BookChapter-german-M04,PDFUA-Ref-2-05_BookChapter-german,M04,PAC,AI,TODO,UNCLASSIFIED,PAC AI is evaluated separately in data/pac_ai_classifications.csv; no formal mutation-specific classification is inferred here.,BASELINE_PASS,668b5c55c85237169484722c15354e8d353179f8b9fc9e96a2a6f83a13c71250,evidence\pac\ai\PDFUA-Ref-2-05_BookChapter-german-M04__668b5c55c85237169484722c15354e8d353179f8b9fc9e96a2a6f83a13c71250.pdf
PDFUA-Ref-2-05_BookChapter-german-M04,PDFUA-Ref-2-05_BookChapter-german,M04,Acrobat,Formal,Missed,NO_TARGET_DETECTION,No new automated checkpoint matched the intended M04 property. G05's pre-existing Lbl and LBody failure is baseline context; only new operator-specific failures are considered. Evidence: baseline report=evidence\acrobat\PDFUA-Ref-2-05_BookChapter-german__fc525b8899da31779b6143c16053779cd560d4417018a901472de33c71252352.accreport.html; mutant report=evidence\acrobat\PDFUA-Ref-2-05_BookChapter-german-M04__668b5c55c85237169484722c15354e8d353179f8b9fc9e96a2a6f83a13c71250.accreport.html; baseline_sha256=fc525b8899da31779b6143c16053779cd560d4417018a901472de33c71252352; mutant_sha256=668b5c55c85237169484722c15354e8d353179f8b9fc9e96a2a6f83a13c71250; baseline_rules=Lbl and LBody; mutant_rules=Lbl and LBody.,BASELINE_FAIL,668b5c55c85237169484722c15354e8d353179f8b9fc9e96a2a6f83a13c71250,evidence\acrobat\PDFUA-Ref-2-05_BookChapter-german-M04__668b5c55c85237169484722c15354e8d353179f8b9fc9e96a2a6f83a13c71250.accreport.html
PDFUA-Ref-2-05_BookChapter-german-M04,PDFUA-Ref-2-05_BookChapter-german,M04,veraPDF,Formal,Missed,NO_TARGET_DETECTION,No new automated checkpoint matched the intended M04 property. Evidence: baseline report=evidence\verapdf\PDFUA-Ref-2-05_BookChapter-german__fc525b8899da31779b6143c16053779cd560d4417018a901472de33c71252352.json; mutant report=evidence\verapdf\PDFUA-Ref-2-05_BookChapter-german-M04__668b5c55c85237169484722c15354e8d353179f8b9fc9e96a2a6f83a13c71250.json; baseline_sha256=fc525b8899da31779b6143c16053779cd560d4417018a901472de33c71252352; mutant_sha256=668b5c55c85237169484722c15354e8d353179f8b9fc9e96a2a6f83a13c71250; baseline_rules=none; mutant_rules=none.,BASELINE_PASS,668b5c55c85237169484722c15354e8d353179f8b9fc9e96a2a6f83a13c71250,evidence\verapdf\PDFUA-Ref-2-05_BookChapter-german-M04__668b5c55c85237169484722c15354e8d353179f8b9fc9e96a2a6f83a13c71250.json
PDFUA-Ref-2-05_BookChapter-german-M05,PDFUA-Ref-2-05_BookChapter-german,M05,PAC,Formal,Missed,NO_TARGET_DETECTION,No new automated checkpoint matched the intended M05 property. Evidence: baseline report=evidence\pac\formal\PDFUA-Ref-2-05_BookChapter-german__fc525b8899da31779b6143c16053779cd560d4417018a901472de33c71252352.pdf; mutant report=evidence\pac\formal\PDFUA-Ref-2-05_BookChapter-german-M05__b7a688694201ed24e8dda1fcf6290c752e42d1ab1d074fc0c8f9d29c0dcad216.pdf; baseline_sha256=fc525b8899da31779b6143c16053779cd560d4417018a901472de33c71252352; mutant_sha256=b7a688694201ed24e8dda1fcf6290c752e42d1ab1d074fc0c8f9d29c0dcad216; baseline_rules=none; mutant_rules=none.,BASELINE_PASS,b7a688694201ed24e8dda1fcf6290c752e42d1ab1d074fc0c8f9d29c0dcad216,evidence\pac\formal\PDFUA-Ref-2-05_BookChapter-german-M05__b7a688694201ed24e8dda1fcf6290c752e42d1ab1d074fc0c8f9d29c0dcad216.pdf
PDFUA-Ref-2-05_BookChapter-german-M05,PDFUA-Ref-2-05_BookChapter-german,M05,PAC,AI,TODO,UNCLASSIFIED,PAC AI is evaluated separately in data/pac_ai_classifications.csv; no formal mutation-specific classification is inferred here.,BASELINE_PASS,b7a688694201ed24e8dda1fcf6290c752e42d1ab1d074fc0c8f9d29c0dcad216,evidence\pac\ai\PDFUA-Ref-2-05_BookChapter-german-M05__b7a688694201ed24e8dda1fcf6290c752e42d1ab1d074fc0c8f9d29c0dcad216.pdf
PDFUA-Ref-2-05_BookChapter-german-M05,PDFUA-Ref-2-05_BookChapter-german,M05,Acrobat,Formal,Needs Manual Check,MANUAL_REVIEW,Acrobat emitted the manual checkpoint(s) logical reading order; manual prompts are retained separately and are not automated detections. G05's pre-existing Lbl and LBody failure is baseline context; only new operator-specific failures are considered. Evidence: baseline report=evidence\acrobat\PDFUA-Ref-2-05_BookChapter-german__fc525b8899da31779b6143c16053779cd560d4417018a901472de33c71252352.accreport.html; mutant report=evidence\acrobat\PDFUA-Ref-2-05_BookChapter-german-M05__b7a688694201ed24e8dda1fcf6290c752e42d1ab1d074fc0c8f9d29c0dcad216.accreport.html; baseline_sha256=fc525b8899da31779b6143c16053779cd560d4417018a901472de33c71252352; mutant_sha256=b7a688694201ed24e8dda1fcf6290c752e42d1ab1d074fc0c8f9d29c0dcad216; baseline_rules=Lbl and LBody; mutant_rules=Lbl and LBody.,BASELINE_FAIL,b7a688694201ed24e8dda1fcf6290c752e42d1ab1d074fc0c8f9d29c0dcad216,evidence\acrobat\PDFUA-Ref-2-05_BookChapter-german-M05__b7a688694201ed24e8dda1fcf6290c752e42d1ab1d074fc0c8f9d29c0dcad216.accreport.html
PDFUA-Ref-2-05_BookChapter-german-M05,PDFUA-Ref-2-05_BookChapter-german,M05,veraPDF,Formal,Missed,NO_TARGET_DETECTION,No new automated checkpoint matched the intended M05 property. Evidence: baseline report=evidence\verapdf\PDFUA-Ref-2-05_BookChapter-german__fc525b8899da31779b6143c16053779cd560d4417018a901472de33c71252352.json; mutant report=evidence\verapdf\PDFUA-Ref-2-05_BookChapter-german-M05__b7a688694201ed24e8dda1fcf6290c752e42d1ab1d074fc0c8f9d29c0dcad216.json; baseline_sha256=fc525b8899da31779b6143c16053779cd560d4417018a901472de33c71252352; mutant_sha256=b7a688694201ed24e8dda1fcf6290c752e42d1ab1d074fc0c8f9d29c0dcad216; baseline_rules=none; mutant_rules=none.,BASELINE_PASS,b7a688694201ed24e8dda1fcf6290c752e42d1ab1d074fc0c8f9d29c0dcad216,evidence\verapdf\PDFUA-Ref-2-05_BookChapter-german-M05__b7a688694201ed24e8dda1fcf6290c752e42d1ab1d074fc0c8f9d29c0dcad216.json
PDFUA-Ref-2-05_BookChapter-german-M06,PDFUA-Ref-2-05_BookChapter-german,M06,PAC,Formal,Missed,NO_TARGET_DETECTION,No new automated checkpoint matched the intended M06 property. Evidence: baseline report=evidence\pac\formal\PDFUA-Ref-2-05_BookChapter-german__fc525b8899da31779b6143c16053779cd560d4417018a901472de33c71252352.pdf; mutant report=evidence\pac\formal\PDFUA-Ref-2-05_BookChapter-german-M06__823c2b5ddc120128c9e6eb07963de30f15be94f72a40d781b698af48fb5833a6.pdf; baseline_sha256=fc525b8899da31779b6143c16053779cd560d4417018a901472de33c71252352; mutant_sha256=823c2b5ddc120128c9e6eb07963de30f15be94f72a40d781b698af48fb5833a6; baseline_rules=none; mutant_rules=NONE_REPORTED.,BASELINE_PASS,823c2b5ddc120128c9e6eb07963de30f15be94f72a40d781b698af48fb5833a6,evidence\pac\formal\PDFUA-Ref-2-05_BookChapter-german-M06__823c2b5ddc120128c9e6eb07963de30f15be94f72a40d781b698af48fb5833a6.pdf
PDFUA-Ref-2-05_BookChapter-german-M06,PDFUA-Ref-2-05_BookChapter-german,M06,PAC,AI,TODO,UNCLASSIFIED,,,823c2b5ddc120128c9e6eb07963de30f15be94f72a40d781b698af48fb5833a6,
PDFUA-Ref-2-05_BookChapter-german-M06,PDFUA-Ref-2-05_BookChapter-german,M06,Acrobat,Formal,Missed,NO_TARGET_DETECTION,No new automated checkpoint matched the intended M06 property. G05's pre-existing Lbl and LBody failure is baseline context; only new operator-specific failures are considered. Evidence: baseline report=evidence\acrobat\PDFUA-Ref-2-05_BookChapter-german__fc525b8899da31779b6143c16053779cd560d4417018a901472de33c71252352.accreport.html; mutant report=evidence\acrobat\PDFUA-Ref-2-05_BookChapter-german-M06__823c2b5ddc120128c9e6eb07963de30f15be94f72a40d781b698af48fb5833a6.accreport.html; baseline_sha256=fc525b8899da31779b6143c16053779cd560d4417018a901472de33c71252352; mutant_sha256=823c2b5ddc120128c9e6eb07963de30f15be94f72a40d781b698af48fb5833a6; baseline_rules=Lbl and LBody; mutant_rules=Lbl and LBody.,BASELINE_FAIL,823c2b5ddc120128c9e6eb07963de30f15be94f72a40d781b698af48fb5833a6,evidence\acrobat\PDFUA-Ref-2-05_BookChapter-german-M06__823c2b5ddc120128c9e6eb07963de30f15be94f72a40d781b698af48fb5833a6.accreport.html
PDFUA-Ref-2-05_BookChapter-german-M06,PDFUA-Ref-2-05_BookChapter-german,M06,veraPDF,Formal,Missed,NO_TARGET_DETECTION,No new automated checkpoint matched the intended M06 property. Evidence: baseline report=evidence\verapdf\PDFUA-Ref-2-05_BookChapter-german__fc525b8899da31779b6143c16053779cd560d4417018a901472de33c71252352.json; mutant report=evidence\verapdf\PDFUA-Ref-2-05_BookChapter-german-M06__823c2b5ddc120128c9e6eb07963de30f15be94f72a40d781b698af48fb5833a6.json; baseline_sha256=fc525b8899da31779b6143c16053779cd560d4417018a901472de33c71252352; mutant_sha256=823c2b5ddc120128c9e6eb07963de30f15be94f72a40d781b698af48fb5833a6; baseline_rules=none; mutant_rules=none.,BASELINE_PASS,823c2b5ddc120128c9e6eb07963de30f15be94f72a40d781b698af48fb5833a6,evidence\verapdf\PDFUA-Ref-2-05_BookChapter-german-M06__823c2b5ddc120128c9e6eb07963de30f15be94f72a40d781b698af48fb5833a6.json
PDFUA-Ref-2-05_BookChapter-german-M07,PDFUA-Ref-2-05_BookChapter-german,M07,PAC,Formal,Detected,DIRECT_TARGET_DETECTION,New automated checkpoint(s) alternative descriptions match the intended M07 property. Evidence: baseline report=evidence\pac\formal\PDFUA-Ref-2-05_BookChapter-german__fc525b8899da31779b6143c16053779cd560d4417018a901472de33c71252352.pdf; mutant report=evidence\pac\formal\PDFUA-Ref-2-05_BookChapter-german-M07__be8cb7f6aca4a81ecb01654b816f6ae0f5cf8f5daa45ebf5468925fcf7ab9742.pdf; baseline_sha256=fc525b8899da31779b6143c16053779cd560d4417018a901472de33c71252352; mutant_sha256=be8cb7f6aca4a81ecb01654b816f6ae0f5cf8f5daa45ebf5468925fcf7ab9742; baseline_rules=none; mutant_rules=Alternative Descriptions.,BASELINE_PASS,be8cb7f6aca4a81ecb01654b816f6ae0f5cf8f5daa45ebf5468925fcf7ab9742,evidence\pac\formal\PDFUA-Ref-2-05_BookChapter-german-M07__be8cb7f6aca4a81ecb01654b816f6ae0f5cf8f5daa45ebf5468925fcf7ab9742.pdf
PDFUA-Ref-2-05_BookChapter-german-M07,PDFUA-Ref-2-05_BookChapter-german,M07,PAC,AI,TODO,UNCLASSIFIED,,,be8cb7f6aca4a81ecb01654b816f6ae0f5cf8f5daa45ebf5468925fcf7ab9742,
PDFUA-Ref-2-05_BookChapter-german-M07,PDFUA-Ref-2-05_BookChapter-german,M07,Acrobat,Formal,Detected,DIRECT_TARGET_DETECTION,New automated checkpoint(s) figures alternate text match the intended M07 property. G05's pre-existing Lbl and LBody failure is baseline context; only new operator-specific failures are considered. Evidence: baseline report=evidence\acrobat\PDFUA-Ref-2-05_BookChapter-german__fc525b8899da31779b6143c16053779cd560d4417018a901472de33c71252352.accreport.html; mutant report=evidence\acrobat\PDFUA-Ref-2-05_BookChapter-german-M07__be8cb7f6aca4a81ecb01654b816f6ae0f5cf8f5daa45ebf5468925fcf7ab9742.accreport.html; baseline_sha256=fc525b8899da31779b6143c16053779cd560d4417018a901472de33c71252352; mutant_sha256=be8cb7f6aca4a81ecb01654b816f6ae0f5cf8f5daa45ebf5468925fcf7ab9742; baseline_rules=Lbl and LBody; mutant_rules=Figures alternate text;Lbl and LBody.,BASELINE_FAIL,be8cb7f6aca4a81ecb01654b816f6ae0f5cf8f5daa45ebf5468925fcf7ab9742,evidence\acrobat\PDFUA-Ref-2-05_BookChapter-german-M07__be8cb7f6aca4a81ecb01654b816f6ae0f5cf8f5daa45ebf5468925fcf7ab9742.accreport.html
PDFUA-Ref-2-05_BookChapter-german-M07,PDFUA-Ref-2-05_BookChapter-german,M07,veraPDF,Formal,Detected,DIRECT_TARGET_DETECTION,New automated checkpoint(s) figure match the intended M07 property. Evidence: baseline report=evidence\verapdf\PDFUA-Ref-2-05_BookChapter-german__fc525b8899da31779b6143c16053779cd560d4417018a901472de33c71252352.json; mutant report=evidence\verapdf\PDFUA-Ref-2-05_BookChapter-german-M07__be8cb7f6aca4a81ecb01654b816f6ae0f5cf8f5daa45ebf5468925fcf7ab9742.json; baseline_sha256=fc525b8899da31779b6143c16053779cd560d4417018a901472de33c71252352; mutant_sha256=be8cb7f6aca4a81ecb01654b816f6ae0f5cf8f5daa45ebf5468925fcf7ab9742; baseline_rules=none; mutant_rules=7.3.,BASELINE_PASS,be8cb7f6aca4a81ecb01654b816f6ae0f5cf8f5daa45ebf5468925fcf7ab9742,evidence\verapdf\PDFUA-Ref-2-05_BookChapter-german-M07__be8cb7f6aca4a81ecb01654b816f6ae0f5cf8f5daa45ebf5468925fcf7ab9742.json
PDFUA-Ref-2-05_BookChapter-german-M08,PDFUA-Ref-2-05_BookChapter-german,M08,PAC,Formal,Detected,DIRECT_TARGET_DETECTION,New automated checkpoint(s) natural language match the intended M08 property. Evidence: baseline report=evidence\pac\formal\PDFUA-Ref-2-05_BookChapter-german__fc525b8899da31779b6143c16053779cd560d4417018a901472de33c71252352.pdf; mutant report=evidence\pac\formal\PDFUA-Ref-2-05_BookChapter-german-M08__01ada38b1d9dc17882581a3ae080fa771f7a3ed2d3affbff49473ff510719fdd.pdf; baseline_sha256=fc525b8899da31779b6143c16053779cd560d4417018a901472de33c71252352; mutant_sha256=01ada38b1d9dc17882581a3ae080fa771f7a3ed2d3affbff49473ff510719fdd; baseline_rules=none; mutant_rules=Natural language.,BASELINE_PASS,01ada38b1d9dc17882581a3ae080fa771f7a3ed2d3affbff49473ff510719fdd,evidence\pac\formal\PDFUA-Ref-2-05_BookChapter-german-M08__01ada38b1d9dc17882581a3ae080fa771f7a3ed2d3affbff49473ff510719fdd.pdf
PDFUA-Ref-2-05_BookChapter-german-M08,PDFUA-Ref-2-05_BookChapter-german,M08,PAC,AI,TODO,UNCLASSIFIED,,,01ada38b1d9dc17882581a3ae080fa771f7a3ed2d3affbff49473ff510719fdd,
PDFUA-Ref-2-05_BookChapter-german-M08,PDFUA-Ref-2-05_BookChapter-german,M08,Acrobat,Formal,Detected,DIRECT_TARGET_DETECTION,New automated checkpoint(s) primary language match the intended M08 property. G05's pre-existing Lbl and LBody failure is baseline context; only new operator-specific failures are considered. Evidence: baseline report=evidence\acrobat\PDFUA-Ref-2-05_BookChapter-german__fc525b8899da31779b6143c16053779cd560d4417018a901472de33c71252352.accreport.html; mutant report=evidence\acrobat\PDFUA-Ref-2-05_BookChapter-german-M08__01ada38b1d9dc17882581a3ae080fa771f7a3ed2d3affbff49473ff510719fdd.accreport.html; baseline_sha256=fc525b8899da31779b6143c16053779cd560d4417018a901472de33c71252352; mutant_sha256=01ada38b1d9dc17882581a3ae080fa771f7a3ed2d3affbff49473ff510719fdd; baseline_rules=Lbl and LBody; mutant_rules=Primary language;Lbl and LBody.,BASELINE_FAIL,01ada38b1d9dc17882581a3ae080fa771f7a3ed2d3affbff49473ff510719fdd,evidence\acrobat\PDFUA-Ref-2-05_BookChapter-german-M08__01ada38b1d9dc17882581a3ae080fa771f7a3ed2d3affbff49473ff510719fdd.accreport.html
PDFUA-Ref-2-05_BookChapter-german-M08,PDFUA-Ref-2-05_BookChapter-german,M08,veraPDF,Formal,Detected,DIRECT_TARGET_DETECTION,New automated checkpoint(s) natural language match the intended M08 property. Evidence: baseline report=evidence\verapdf\PDFUA-Ref-2-05_BookChapter-german__fc525b8899da31779b6143c16053779cd560d4417018a901472de33c71252352.json; mutant report=evidence\verapdf\PDFUA-Ref-2-05_BookChapter-german-M08__01ada38b1d9dc17882581a3ae080fa771f7a3ed2d3affbff49473ff510719fdd.json; baseline_sha256=fc525b8899da31779b6143c16053779cd560d4417018a901472de33c71252352; mutant_sha256=01ada38b1d9dc17882581a3ae080fa771f7a3ed2d3affbff49473ff510719fdd; baseline_rules=none; mutant_rules=7.2.,BASELINE_PASS,01ada38b1d9dc17882581a3ae080fa771f7a3ed2d3affbff49473ff510719fdd,evidence\verapdf\PDFUA-Ref-2-05_BookChapter-german-M08__01ada38b1d9dc17882581a3ae080fa771f7a3ed2d3affbff49473ff510719fdd.json
PDFUA-Ref-2-05_BookChapter-german-M09,PDFUA-Ref-2-05_BookChapter-german,M09,PAC,Formal,Detected,DIRECT_TARGET_DETECTION,New automated checkpoint(s) role mapping match the intended M09 property. Evidence: baseline report=evidence\pac\formal\PDFUA-Ref-2-05_BookChapter-german__fc525b8899da31779b6143c16053779cd560d4417018a901472de33c71252352.pdf; mutant report=evidence\pac\formal\PDFUA-Ref-2-05_BookChapter-german-M09__0ceaf48c6cf200ecab12a36c5bc30bb019911102fe2f2c7bc94508c87f43333f.pdf; baseline_sha256=fc525b8899da31779b6143c16053779cd560d4417018a901472de33c71252352; mutant_sha256=0ceaf48c6cf200ecab12a36c5bc30bb019911102fe2f2c7bc94508c87f43333f; baseline_rules=none; mutant_rules=Role mapping.,BASELINE_PASS,0ceaf48c6cf200ecab12a36c5bc30bb019911102fe2f2c7bc94508c87f43333f,evidence\pac\formal\PDFUA-Ref-2-05_BookChapter-german-M09__0ceaf48c6cf200ecab12a36c5bc30bb019911102fe2f2c7bc94508c87f43333f.pdf
PDFUA-Ref-2-05_BookChapter-german-M09,PDFUA-Ref-2-05_BookChapter-german,M09,PAC,AI,TODO,UNCLASSIFIED,,,0ceaf48c6cf200ecab12a36c5bc30bb019911102fe2f2c7bc94508c87f43333f,
PDFUA-Ref-2-05_BookChapter-german-M09,PDFUA-Ref-2-05_BookChapter-german,M09,Acrobat,Formal,Missed,NO_TARGET_DETECTION,No new automated checkpoint matched the intended M09 property. G05's pre-existing Lbl and LBody failure is baseline context; only new operator-specific failures are considered. Evidence: baseline report=evidence\acrobat\PDFUA-Ref-2-05_BookChapter-german__fc525b8899da31779b6143c16053779cd560d4417018a901472de33c71252352.accreport.html; mutant report=evidence\acrobat\PDFUA-Ref-2-05_BookChapter-german-M09__0ceaf48c6cf200ecab12a36c5bc30bb019911102fe2f2c7bc94508c87f43333f.accreport.html; baseline_sha256=fc525b8899da31779b6143c16053779cd560d4417018a901472de33c71252352; mutant_sha256=0ceaf48c6cf200ecab12a36c5bc30bb019911102fe2f2c7bc94508c87f43333f; baseline_rules=Lbl and LBody; mutant_rules=Lbl and LBody.,BASELINE_FAIL,0ceaf48c6cf200ecab12a36c5bc30bb019911102fe2f2c7bc94508c87f43333f,evidence\acrobat\PDFUA-Ref-2-05_BookChapter-german-M09__0ceaf48c6cf200ecab12a36c5bc30bb019911102fe2f2c7bc94508c87f43333f.accreport.html
PDFUA-Ref-2-05_BookChapter-german-M09,PDFUA-Ref-2-05_BookChapter-german,M09,veraPDF,Formal,Detected,DIRECT_TARGET_DETECTION,New automated checkpoint(s) role map match the intended M09 property. Evidence: baseline report=evidence\verapdf\PDFUA-Ref-2-05_BookChapter-german__fc525b8899da31779b6143c16053779cd560d4417018a901472de33c71252352.json; mutant report=evidence\verapdf\PDFUA-Ref-2-05_BookChapter-german-M09__0ceaf48c6cf200ecab12a36c5bc30bb019911102fe2f2c7bc94508c87f43333f.json; baseline_sha256=fc525b8899da31779b6143c16053779cd560d4417018a901472de33c71252352; mutant_sha256=0ceaf48c6cf200ecab12a36c5bc30bb019911102fe2f2c7bc94508c87f43333f; baseline_rules=none; mutant_rules=7.1.,BASELINE_PASS,0ceaf48c6cf200ecab12a36c5bc30bb019911102fe2f2c7bc94508c87f43333f,evidence\verapdf\PDFUA-Ref-2-05_BookChapter-german-M09__0ceaf48c6cf200ecab12a36c5bc30bb019911102fe2f2c7bc94508c87f43333f.json
PDFUA-Ref-2-05_BookChapter-german-M10,PDFUA-Ref-2-05_BookChapter-german,M10,PAC,Formal,Detected,DIRECT_TARGET_DETECTION,New automated checkpoint(s) structure tree match the intended M10 property. Evidence: baseline report=evidence\pac\formal\PDFUA-Ref-2-05_BookChapter-german__fc525b8899da31779b6143c16053779cd560d4417018a901472de33c71252352.pdf; mutant report=evidence\pac\formal\PDFUA-Ref-2-05_BookChapter-german-M10__4dcdbc2dd191cbca8b848640ec29c68cd21d74dedbbcacdb21e76112bb1d3f9c.pdf; baseline_sha256=fc525b8899da31779b6143c16053779cd560d4417018a901472de33c71252352; mutant_sha256=4dcdbc2dd191cbca8b848640ec29c68cd21d74dedbbcacdb21e76112bb1d3f9c; baseline_rules=none; mutant_rules=Structure tree.,BASELINE_PASS,4dcdbc2dd191cbca8b848640ec29c68cd21d74dedbbcacdb21e76112bb1d3f9c,evidence\pac\formal\PDFUA-Ref-2-05_BookChapter-german-M10__4dcdbc2dd191cbca8b848640ec29c68cd21d74dedbbcacdb21e76112bb1d3f9c.pdf
PDFUA-Ref-2-05_BookChapter-german-M10,PDFUA-Ref-2-05_BookChapter-german,M10,PAC,AI,TODO,UNCLASSIFIED,,,4dcdbc2dd191cbca8b848640ec29c68cd21d74dedbbcacdb21e76112bb1d3f9c,
PDFUA-Ref-2-05_BookChapter-german-M10,PDFUA-Ref-2-05_BookChapter-german,M10,Acrobat,Formal,Detected,CONSEQUENCE_PROXY_DETECTION,"New Acrobat Headers failure satisfies the M10 direct-consequence proxy fixed before final adjudication: the hash-linked manifest verifies the sole semantic change is /TH to /P under the same table row, with target content, non-target structure, page content, and rendering preserved. G05's pre-existing Lbl and LBody failure is baseline context; only new operator-specific failures are considered. Evidence: baseline report=evidence\acrobat\PDFUA-Ref-2-05_BookChapter-german__fc525b8899da31779b6143c16053779cd560d4417018a901472de33c71252352.accreport.html; mutant report=evidence\acrobat\PDFUA-Ref-2-05_BookChapter-german-M10__4dcdbc2dd191cbca8b848640ec29c68cd21d74dedbbcacdb21e76112bb1d3f9c.accreport.html; baseline_sha256=fc525b8899da31779b6143c16053779cd560d4417018a901472de33c71252352; mutant_sha256=4dcdbc2dd191cbca8b848640ec29c68cd21d74dedbbcacdb21e76112bb1d3f9c; baseline_rules=Lbl and LBody; mutant_rules=Headers;Lbl and LBody.",BASELINE_FAIL,4dcdbc2dd191cbca8b848640ec29c68cd21d74dedbbcacdb21e76112bb1d3f9c,evidence\acrobat\PDFUA-Ref-2-05_BookChapter-german-M10__4dcdbc2dd191cbca8b848640ec29c68cd21d74dedbbcacdb21e76112bb1d3f9c.accreport.html
PDFUA-Ref-2-05_BookChapter-german-M10,PDFUA-Ref-2-05_BookChapter-german,M10,veraPDF,Formal,Detected,DIRECT_TARGET_DETECTION,New automated checkpoint(s) tr element may contain only th and td match the intended M10 property. Evidence: baseline report=evidence\verapdf\PDFUA-Ref-2-05_BookChapter-german__fc525b8899da31779b6143c16053779cd560d4417018a901472de33c71252352.json; mutant report=evidence\verapdf\PDFUA-Ref-2-05_BookChapter-german-M10__4dcdbc2dd191cbca8b848640ec29c68cd21d74dedbbcacdb21e76112bb1d3f9c.json; baseline_sha256=fc525b8899da31779b6143c16053779cd560d4417018a901472de33c71252352; mutant_sha256=4dcdbc2dd191cbca8b848640ec29c68cd21d74dedbbcacdb21e76112bb1d3f9c; baseline_rules=none; mutant_rules=7.2.,BASELINE_PASS,4dcdbc2dd191cbca8b848640ec29c68cd21d74dedbbcacdb21e76112bb1d3f9c,evidence\verapdf\PDFUA-Ref-2-05_BookChapter-german-M10__4dcdbc2dd191cbca8b848640ec29c68cd21d74dedbbcacdb21e76112bb1d3f9c.json
PDFUA-Ref-2-06_Brochure-M01,PDFUA-Ref-2-06_Brochure,M01,PAC,Formal,Missed,NO_TARGET_DETECTION,No new automated checkpoint matched the intended M01 property. Evidence: baseline report=evidence\pac\formal\PDFUA-Ref-2-06_Brochure__aefd5ab48a908b9996ffadcb14d8ff31a2c653657cbe011a46f4cf61396a589e.pdf; mutant report=evidence\pac\formal\PDFUA-Ref-2-06_Brochure-M01__a1a94935bccdbaad7b39c045e9c627fb5deacc3f7fd7fa80c8c77cd6c02acf0a.pdf; baseline_sha256=aefd5ab48a908b9996ffadcb14d8ff31a2c653657cbe011a46f4cf61396a589e; mutant_sha256=a1a94935bccdbaad7b39c045e9c627fb5deacc3f7fd7fa80c8c77cd6c02acf0a; baseline_rules=none; mutant_rules=NONE_REPORTED.,BASELINE_PASS,a1a94935bccdbaad7b39c045e9c627fb5deacc3f7fd7fa80c8c77cd6c02acf0a,evidence\pac\formal\PDFUA-Ref-2-06_Brochure-M01__a1a94935bccdbaad7b39c045e9c627fb5deacc3f7fd7fa80c8c77cd6c02acf0a.pdf
PDFUA-Ref-2-06_Brochure-M01,PDFUA-Ref-2-06_Brochure,M01,PAC,AI,TODO,UNCLASSIFIED,PAC AI is evaluated separately in data/pac_ai_classifications.csv; no formal mutation-specific classification is inferred here.,BASELINE_PASS,a1a94935bccdbaad7b39c045e9c627fb5deacc3f7fd7fa80c8c77cd6c02acf0a,evidence\pac\ai\PDFUA-Ref-2-06_Brochure-M01__a1a94935bccdbaad7b39c045e9c627fb5deacc3f7fd7fa80c8c77cd6c02acf0a.pdf
PDFUA-Ref-2-06_Brochure-M01,PDFUA-Ref-2-06_Brochure,M01,Acrobat,Formal,Needs Manual Check,MANUAL_REVIEW,Acrobat emitted the manual checkpoint(s) logical reading order; manual prompts are retained separately and are not automated detections. Evidence: baseline report=evidence\acrobat\PDFUA-Ref-2-06_Brochure__aefd5ab48a908b9996ffadcb14d8ff31a2c653657cbe011a46f4cf61396a589e.accreport.html; mutant report=evidence\acrobat\PDFUA-Ref-2-06_Brochure-M01__a1a94935bccdbaad7b39c045e9c627fb5deacc3f7fd7fa80c8c77cd6c02acf0a.accreport.html; baseline_sha256=aefd5ab48a908b9996ffadcb14d8ff31a2c653657cbe011a46f4cf61396a589e; mutant_sha256=a1a94935bccdbaad7b39c045e9c627fb5deacc3f7fd7fa80c8c77cd6c02acf0a; baseline_rules=none; mutant_rules=MANUAL_CHECK_PROMPTS:2.,BASELINE_PASS,a1a94935bccdbaad7b39c045e9c627fb5deacc3f7fd7fa80c8c77cd6c02acf0a,evidence\acrobat\PDFUA-Ref-2-06_Brochure-M01__a1a94935bccdbaad7b39c045e9c627fb5deacc3f7fd7fa80c8c77cd6c02acf0a.accreport.html
PDFUA-Ref-2-06_Brochure-M01,PDFUA-Ref-2-06_Brochure,M01,veraPDF,Formal,Missed,NO_TARGET_DETECTION,No new automated checkpoint matched the intended M01 property. Evidence: baseline report=evidence\verapdf\PDFUA-Ref-2-06_Brochure__aefd5ab48a908b9996ffadcb14d8ff31a2c653657cbe011a46f4cf61396a589e.json; mutant report=evidence\verapdf\PDFUA-Ref-2-06_Brochure-M01__a1a94935bccdbaad7b39c045e9c627fb5deacc3f7fd7fa80c8c77cd6c02acf0a.json; baseline_sha256=aefd5ab48a908b9996ffadcb14d8ff31a2c653657cbe011a46f4cf61396a589e; mutant_sha256=a1a94935bccdbaad7b39c045e9c627fb5deacc3f7fd7fa80c8c77cd6c02acf0a; baseline_rules=none; mutant_rules=none.,BASELINE_PASS,a1a94935bccdbaad7b39c045e9c627fb5deacc3f7fd7fa80c8c77cd6c02acf0a,evidence\verapdf\PDFUA-Ref-2-06_Brochure-M01__a1a94935bccdbaad7b39c045e9c627fb5deacc3f7fd7fa80c8c77cd6c02acf0a.json
PDFUA-Ref-2-06_Brochure-M02,PDFUA-Ref-2-06_Brochure,M02,PAC,Formal,Missed,NO_TARGET_DETECTION,No new automated checkpoint matched the intended M02 property. Evidence: baseline report=evidence\pac\formal\PDFUA-Ref-2-06_Brochure__aefd5ab48a908b9996ffadcb14d8ff31a2c653657cbe011a46f4cf61396a589e.pdf; mutant report=evidence\pac\formal\PDFUA-Ref-2-06_Brochure-M02__6a7c6c4b28369d6bc3ab0f091ff69a08665fe3b8d8398a7fa59ac5bab1cef360.pdf; baseline_sha256=aefd5ab48a908b9996ffadcb14d8ff31a2c653657cbe011a46f4cf61396a589e; mutant_sha256=6a7c6c4b28369d6bc3ab0f091ff69a08665fe3b8d8398a7fa59ac5bab1cef360; baseline_rules=none; mutant_rules=NONE_REPORTED.,BASELINE_PASS,6a7c6c4b28369d6bc3ab0f091ff69a08665fe3b8d8398a7fa59ac5bab1cef360,evidence\pac\formal\PDFUA-Ref-2-06_Brochure-M02__6a7c6c4b28369d6bc3ab0f091ff69a08665fe3b8d8398a7fa59ac5bab1cef360.pdf
PDFUA-Ref-2-06_Brochure-M02,PDFUA-Ref-2-06_Brochure,M02,PAC,AI,TODO,UNCLASSIFIED,PAC AI is evaluated separately in data/pac_ai_classifications.csv; no formal mutation-specific classification is inferred here.,BASELINE_PASS,6a7c6c4b28369d6bc3ab0f091ff69a08665fe3b8d8398a7fa59ac5bab1cef360,evidence\pac\ai\PDFUA-Ref-2-06_Brochure-M02__6a7c6c4b28369d6bc3ab0f091ff69a08665fe3b8d8398a7fa59ac5bab1cef360.pdf
PDFUA-Ref-2-06_Brochure-M02,PDFUA-Ref-2-06_Brochure,M02,Acrobat,Formal,Missed,NO_TARGET_DETECTION,No new automated checkpoint matched the intended M02 property. Evidence: baseline report=evidence\acrobat\PDFUA-Ref-2-06_Brochure__aefd5ab48a908b9996ffadcb14d8ff31a2c653657cbe011a46f4cf61396a589e.accreport.html; mutant report=evidence\acrobat\PDFUA-Ref-2-06_Brochure-M02__6a7c6c4b28369d6bc3ab0f091ff69a08665fe3b8d8398a7fa59ac5bab1cef360.accreport.html; baseline_sha256=aefd5ab48a908b9996ffadcb14d8ff31a2c653657cbe011a46f4cf61396a589e; mutant_sha256=6a7c6c4b28369d6bc3ab0f091ff69a08665fe3b8d8398a7fa59ac5bab1cef360; baseline_rules=none; mutant_rules=NONE_REPORTED.,BASELINE_PASS,6a7c6c4b28369d6bc3ab0f091ff69a08665fe3b8d8398a7fa59ac5bab1cef360,evidence\acrobat\PDFUA-Ref-2-06_Brochure-M02__6a7c6c4b28369d6bc3ab0f091ff69a08665fe3b8d8398a7fa59ac5bab1cef360.accreport.html
PDFUA-Ref-2-06_Brochure-M02,PDFUA-Ref-2-06_Brochure,M02,veraPDF,Formal,Missed,NO_TARGET_DETECTION,No new automated checkpoint matched the intended M02 property. Evidence: baseline report=evidence\verapdf\PDFUA-Ref-2-06_Brochure__aefd5ab48a908b9996ffadcb14d8ff31a2c653657cbe011a46f4cf61396a589e.json; mutant report=evidence\verapdf\PDFUA-Ref-2-06_Brochure-M02__6a7c6c4b28369d6bc3ab0f091ff69a08665fe3b8d8398a7fa59ac5bab1cef360.json; baseline_sha256=aefd5ab48a908b9996ffadcb14d8ff31a2c653657cbe011a46f4cf61396a589e; mutant_sha256=6a7c6c4b28369d6bc3ab0f091ff69a08665fe3b8d8398a7fa59ac5bab1cef360; baseline_rules=none; mutant_rules=none.,BASELINE_PASS,6a7c6c4b28369d6bc3ab0f091ff69a08665fe3b8d8398a7fa59ac5bab1cef360,evidence\verapdf\PDFUA-Ref-2-06_Brochure-M02__6a7c6c4b28369d6bc3ab0f091ff69a08665fe3b8d8398a7fa59ac5bab1cef360.json
PDFUA-Ref-2-06_Brochure-M03,PDFUA-Ref-2-06_Brochure,M03,PAC,Formal,Detected,DIRECT_TARGET_DETECTION,New automated checkpoint(s) structure elements match the intended M03 property. Evidence: baseline report=evidence\pac\formal\PDFUA-Ref-2-06_Brochure__aefd5ab48a908b9996ffadcb14d8ff31a2c653657cbe011a46f4cf61396a589e.pdf; mutant report=evidence\pac\formal\PDFUA-Ref-2-06_Brochure-M03__ed0e82b1eecd666930ccb41d3c75cc0a8703cc39d76b6ab87e15b1f70fd5935f.pdf; baseline_sha256=aefd5ab48a908b9996ffadcb14d8ff31a2c653657cbe011a46f4cf61396a589e; mutant_sha256=ed0e82b1eecd666930ccb41d3c75cc0a8703cc39d76b6ab87e15b1f70fd5935f; baseline_rules=none; mutant_rules=Structure elements.,BASELINE_PASS,ed0e82b1eecd666930ccb41d3c75cc0a8703cc39d76b6ab87e15b1f70fd5935f,evidence\pac\formal\PDFUA-Ref-2-06_Brochure-M03__ed0e82b1eecd666930ccb41d3c75cc0a8703cc39d76b6ab87e15b1f70fd5935f.pdf
PDFUA-Ref-2-06_Brochure-M03,PDFUA-Ref-2-06_Brochure,M03,PAC,AI,TODO,UNCLASSIFIED,,,ed0e82b1eecd666930ccb41d3c75cc0a8703cc39d76b6ab87e15b1f70fd5935f,
PDFUA-Ref-2-06_Brochure-M03,PDFUA-Ref-2-06_Brochure,M03,Acrobat,Formal,Detected,DIRECT_TARGET_DETECTION,New automated checkpoint(s) appropriate nesting match the intended M03 property. Evidence: baseline report=evidence\acrobat\PDFUA-Ref-2-06_Brochure__aefd5ab48a908b9996ffadcb14d8ff31a2c653657cbe011a46f4cf61396a589e.accreport.html; mutant report=evidence\acrobat\PDFUA-Ref-2-06_Brochure-M03__ed0e82b1eecd666930ccb41d3c75cc0a8703cc39d76b6ab87e15b1f70fd5935f.accreport.html; baseline_sha256=aefd5ab48a908b9996ffadcb14d8ff31a2c653657cbe011a46f4cf61396a589e; mutant_sha256=ed0e82b1eecd666930ccb41d3c75cc0a8703cc39d76b6ab87e15b1f70fd5935f; baseline_rules=none; mutant_rules=Appropriate nesting.,BASELINE_PASS,ed0e82b1eecd666930ccb41d3c75cc0a8703cc39d76b6ab87e15b1f70fd5935f,evidence\acrobat\PDFUA-Ref-2-06_Brochure-M03__ed0e82b1eecd666930ccb41d3c75cc0a8703cc39d76b6ab87e15b1f70fd5935f.accreport.html
PDFUA-Ref-2-06_Brochure-M03,PDFUA-Ref-2-06_Brochure,M03,veraPDF,Formal,Detected,DIRECT_TARGET_DETECTION,New automated checkpoint(s) heading match the intended M03 property. Evidence: baseline report=evidence\verapdf\PDFUA-Ref-2-06_Brochure__aefd5ab48a908b9996ffadcb14d8ff31a2c653657cbe011a46f4cf61396a589e.json; mutant report=evidence\verapdf\PDFUA-Ref-2-06_Brochure-M03__ed0e82b1eecd666930ccb41d3c75cc0a8703cc39d76b6ab87e15b1f70fd5935f.json; baseline_sha256=aefd5ab48a908b9996ffadcb14d8ff31a2c653657cbe011a46f4cf61396a589e; mutant_sha256=ed0e82b1eecd666930ccb41d3c75cc0a8703cc39d76b6ab87e15b1f70fd5935f; baseline_rules=none; mutant_rules=7.4.2.,BASELINE_PASS,ed0e82b1eecd666930ccb41d3c75cc0a8703cc39d76b6ab87e15b1f70fd5935f,evidence\verapdf\PDFUA-Ref-2-06_Brochure-M03__ed0e82b1eecd666930ccb41d3c75cc0a8703cc39d76b6ab87e15b1f70fd5935f.json
PDFUA-Ref-2-06_Brochure-M04,PDFUA-Ref-2-06_Brochure,M04,PAC,Formal,Missed,COLLATERAL_DETECTION,No new automated checkpoint matched the intended M04 property; unrelated/collateral new finding(s) PDF Syntax are not counted. Evidence: baseline report=evidence\pac\formal\PDFUA-Ref-2-06_Brochure__aefd5ab48a908b9996ffadcb14d8ff31a2c653657cbe011a46f4cf61396a589e.pdf; mutant report=evidence\pac\formal\PDFUA-Ref-2-06_Brochure-M04__12c8c27582c8ca949f0f95dc11371ef2a8c3a3a6a72bed7e8b82ff9aa74a049d.pdf; baseline_sha256=aefd5ab48a908b9996ffadcb14d8ff31a2c653657cbe011a46f4cf61396a589e; mutant_sha256=12c8c27582c8ca949f0f95dc11371ef2a8c3a3a6a72bed7e8b82ff9aa74a049d; baseline_rules=none; mutant_rules=PDF Syntax.,BASELINE_PASS,12c8c27582c8ca949f0f95dc11371ef2a8c3a3a6a72bed7e8b82ff9aa74a049d,evidence\pac\formal\PDFUA-Ref-2-06_Brochure-M04__12c8c27582c8ca949f0f95dc11371ef2a8c3a3a6a72bed7e8b82ff9aa74a049d.pdf
PDFUA-Ref-2-06_Brochure-M04,PDFUA-Ref-2-06_Brochure,M04,PAC,AI,TODO,UNCLASSIFIED,PAC AI is evaluated separately in data/pac_ai_classifications.csv; no formal mutation-specific classification is inferred here.,BASELINE_PASS,12c8c27582c8ca949f0f95dc11371ef2a8c3a3a6a72bed7e8b82ff9aa74a049d,evidence\pac\ai\PDFUA-Ref-2-06_Brochure-M04__12c8c27582c8ca949f0f95dc11371ef2a8c3a3a6a72bed7e8b82ff9aa74a049d.pdf
PDFUA-Ref-2-06_Brochure-M04,PDFUA-Ref-2-06_Brochure,M04,Acrobat,Formal,Missed,NO_TARGET_DETECTION,No new automated checkpoint matched the intended M04 property. Evidence: baseline report=evidence\acrobat\PDFUA-Ref-2-06_Brochure__aefd5ab48a908b9996ffadcb14d8ff31a2c653657cbe011a46f4cf61396a589e.accreport.html; mutant report=evidence\acrobat\PDFUA-Ref-2-06_Brochure-M04__12c8c27582c8ca949f0f95dc11371ef2a8c3a3a6a72bed7e8b82ff9aa74a049d.accreport.html; baseline_sha256=aefd5ab48a908b9996ffadcb14d8ff31a2c653657cbe011a46f4cf61396a589e; mutant_sha256=12c8c27582c8ca949f0f95dc11371ef2a8c3a3a6a72bed7e8b82ff9aa74a049d; baseline_rules=none; mutant_rules=NONE_REPORTED.,BASELINE_PASS,12c8c27582c8ca949f0f95dc11371ef2a8c3a3a6a72bed7e8b82ff9aa74a049d,evidence\acrobat\PDFUA-Ref-2-06_Brochure-M04__12c8c27582c8ca949f0f95dc11371ef2a8c3a3a6a72bed7e8b82ff9aa74a049d.accreport.html
PDFUA-Ref-2-06_Brochure-M04,PDFUA-Ref-2-06_Brochure,M04,veraPDF,Formal,Missed,NO_TARGET_DETECTION,No new automated checkpoint matched the intended M04 property. Evidence: baseline report=evidence\verapdf\PDFUA-Ref-2-06_Brochure__aefd5ab48a908b9996ffadcb14d8ff31a2c653657cbe011a46f4cf61396a589e.json; mutant report=evidence\verapdf\PDFUA-Ref-2-06_Brochure-M04__12c8c27582c8ca949f0f95dc11371ef2a8c3a3a6a72bed7e8b82ff9aa74a049d.json; baseline_sha256=aefd5ab48a908b9996ffadcb14d8ff31a2c653657cbe011a46f4cf61396a589e; mutant_sha256=12c8c27582c8ca949f0f95dc11371ef2a8c3a3a6a72bed7e8b82ff9aa74a049d; baseline_rules=none; mutant_rules=none.,BASELINE_PASS,12c8c27582c8ca949f0f95dc11371ef2a8c3a3a6a72bed7e8b82ff9aa74a049d,evidence\verapdf\PDFUA-Ref-2-06_Brochure-M04__12c8c27582c8ca949f0f95dc11371ef2a8c3a3a6a72bed7e8b82ff9aa74a049d.json
PDFUA-Ref-2-06_Brochure-M05,PDFUA-Ref-2-06_Brochure,M05,PAC,Formal,Missed,NO_TARGET_DETECTION,No new automated checkpoint matched the intended M05 property. Evidence: baseline report=evidence\pac\formal\PDFUA-Ref-2-06_Brochure__aefd5ab48a908b9996ffadcb14d8ff31a2c653657cbe011a46f4cf61396a589e.pdf; mutant report=evidence\pac\formal\PDFUA-Ref-2-06_Brochure-M05__692c7fddc91d6d6899dc1f9e820e2851a6cbeaa9694f0841b53445b15b8e3012.pdf; baseline_sha256=aefd5ab48a908b9996ffadcb14d8ff31a2c653657cbe011a46f4cf61396a589e; mutant_sha256=692c7fddc91d6d6899dc1f9e820e2851a6cbeaa9694f0841b53445b15b8e3012; baseline_rules=none; mutant_rules=none.,BASELINE_PASS,692c7fddc91d6d6899dc1f9e820e2851a6cbeaa9694f0841b53445b15b8e3012,evidence\pac\formal\PDFUA-Ref-2-06_Brochure-M05__692c7fddc91d6d6899dc1f9e820e2851a6cbeaa9694f0841b53445b15b8e3012.pdf
PDFUA-Ref-2-06_Brochure-M05,PDFUA-Ref-2-06_Brochure,M05,PAC,AI,TODO,UNCLASSIFIED,PAC AI is evaluated separately in data/pac_ai_classifications.csv; no formal mutation-specific classification is inferred here.,BASELINE_PASS,692c7fddc91d6d6899dc1f9e820e2851a6cbeaa9694f0841b53445b15b8e3012,evidence\pac\ai\PDFUA-Ref-2-06_Brochure-M05__692c7fddc91d6d6899dc1f9e820e2851a6cbeaa9694f0841b53445b15b8e3012.pdf
PDFUA-Ref-2-06_Brochure-M05,PDFUA-Ref-2-06_Brochure,M05,Acrobat,Formal,Needs Manual Check,MANUAL_REVIEW,Acrobat emitted the manual checkpoint(s) logical reading order; manual prompts are retained separately and are not automated detections. Evidence: baseline report=evidence\acrobat\PDFUA-Ref-2-06_Brochure__aefd5ab48a908b9996ffadcb14d8ff31a2c653657cbe011a46f4cf61396a589e.accreport.html; mutant report=evidence\acrobat\PDFUA-Ref-2-06_Brochure-M05__692c7fddc91d6d6899dc1f9e820e2851a6cbeaa9694f0841b53445b15b8e3012.accreport.html; baseline_sha256=aefd5ab48a908b9996ffadcb14d8ff31a2c653657cbe011a46f4cf61396a589e; mutant_sha256=692c7fddc91d6d6899dc1f9e820e2851a6cbeaa9694f0841b53445b15b8e3012; baseline_rules=none; mutant_rules=MANUAL_CHECK_PROMPTS:2.,BASELINE_PASS,692c7fddc91d6d6899dc1f9e820e2851a6cbeaa9694f0841b53445b15b8e3012,evidence\acrobat\PDFUA-Ref-2-06_Brochure-M05__692c7fddc91d6d6899dc1f9e820e2851a6cbeaa9694f0841b53445b15b8e3012.accreport.html
PDFUA-Ref-2-06_Brochure-M05,PDFUA-Ref-2-06_Brochure,M05,veraPDF,Formal,Missed,NO_TARGET_DETECTION,No new automated checkpoint matched the intended M05 property. Evidence: baseline report=evidence\verapdf\PDFUA-Ref-2-06_Brochure__aefd5ab48a908b9996ffadcb14d8ff31a2c653657cbe011a46f4cf61396a589e.json; mutant report=evidence\verapdf\PDFUA-Ref-2-06_Brochure-M05__692c7fddc91d6d6899dc1f9e820e2851a6cbeaa9694f0841b53445b15b8e3012.json; baseline_sha256=aefd5ab48a908b9996ffadcb14d8ff31a2c653657cbe011a46f4cf61396a589e; mutant_sha256=692c7fddc91d6d6899dc1f9e820e2851a6cbeaa9694f0841b53445b15b8e3012; baseline_rules=none; mutant_rules=none.,BASELINE_PASS,692c7fddc91d6d6899dc1f9e820e2851a6cbeaa9694f0841b53445b15b8e3012,evidence\verapdf\PDFUA-Ref-2-06_Brochure-M05__692c7fddc91d6d6899dc1f9e820e2851a6cbeaa9694f0841b53445b15b8e3012.json
PDFUA-Ref-2-06_Brochure-M06,PDFUA-Ref-2-06_Brochure,M06,PAC,Formal,Missed,NO_TARGET_DETECTION,No new automated checkpoint matched the intended M06 property. Evidence: baseline report=evidence\pac\formal\PDFUA-Ref-2-06_Brochure__aefd5ab48a908b9996ffadcb14d8ff31a2c653657cbe011a46f4cf61396a589e.pdf; mutant report=evidence\pac\formal\PDFUA-Ref-2-06_Brochure-M06__a8629a74e71648776b2bb71606a7de30f1cbea3ffa60417d0bc936fabdb3c382.pdf; baseline_sha256=aefd5ab48a908b9996ffadcb14d8ff31a2c653657cbe011a46f4cf61396a589e; mutant_sha256=a8629a74e71648776b2bb71606a7de30f1cbea3ffa60417d0bc936fabdb3c382; baseline_rules=none; mutant_rules=NONE_REPORTED.,BASELINE_PASS,a8629a74e71648776b2bb71606a7de30f1cbea3ffa60417d0bc936fabdb3c382,evidence\pac\formal\PDFUA-Ref-2-06_Brochure-M06__a8629a74e71648776b2bb71606a7de30f1cbea3ffa60417d0bc936fabdb3c382.pdf
PDFUA-Ref-2-06_Brochure-M06,PDFUA-Ref-2-06_Brochure,M06,PAC,AI,TODO,UNCLASSIFIED,,,a8629a74e71648776b2bb71606a7de30f1cbea3ffa60417d0bc936fabdb3c382,
PDFUA-Ref-2-06_Brochure-M06,PDFUA-Ref-2-06_Brochure,M06,Acrobat,Formal,Missed,NO_TARGET_DETECTION,No new automated checkpoint matched the intended M06 property. Evidence: baseline report=evidence\acrobat\PDFUA-Ref-2-06_Brochure__aefd5ab48a908b9996ffadcb14d8ff31a2c653657cbe011a46f4cf61396a589e.accreport.html; mutant report=evidence\acrobat\PDFUA-Ref-2-06_Brochure-M06__a8629a74e71648776b2bb71606a7de30f1cbea3ffa60417d0bc936fabdb3c382.accreport.html; baseline_sha256=aefd5ab48a908b9996ffadcb14d8ff31a2c653657cbe011a46f4cf61396a589e; mutant_sha256=a8629a74e71648776b2bb71606a7de30f1cbea3ffa60417d0bc936fabdb3c382; baseline_rules=none; mutant_rules=NONE_REPORTED.,BASELINE_PASS,a8629a74e71648776b2bb71606a7de30f1cbea3ffa60417d0bc936fabdb3c382,evidence\acrobat\PDFUA-Ref-2-06_Brochure-M06__a8629a74e71648776b2bb71606a7de30f1cbea3ffa60417d0bc936fabdb3c382.accreport.html
PDFUA-Ref-2-06_Brochure-M06,PDFUA-Ref-2-06_Brochure,M06,veraPDF,Formal,Missed,NO_TARGET_DETECTION,No new automated checkpoint matched the intended M06 property. Evidence: baseline report=evidence\verapdf\PDFUA-Ref-2-06_Brochure__aefd5ab48a908b9996ffadcb14d8ff31a2c653657cbe011a46f4cf61396a589e.json; mutant report=evidence\verapdf\PDFUA-Ref-2-06_Brochure-M06__a8629a74e71648776b2bb71606a7de30f1cbea3ffa60417d0bc936fabdb3c382.json; baseline_sha256=aefd5ab48a908b9996ffadcb14d8ff31a2c653657cbe011a46f4cf61396a589e; mutant_sha256=a8629a74e71648776b2bb71606a7de30f1cbea3ffa60417d0bc936fabdb3c382; baseline_rules=none; mutant_rules=none.,BASELINE_PASS,a8629a74e71648776b2bb71606a7de30f1cbea3ffa60417d0bc936fabdb3c382,evidence\verapdf\PDFUA-Ref-2-06_Brochure-M06__a8629a74e71648776b2bb71606a7de30f1cbea3ffa60417d0bc936fabdb3c382.json
PDFUA-Ref-2-06_Brochure-M07,PDFUA-Ref-2-06_Brochure,M07,PAC,Formal,Detected,DIRECT_TARGET_DETECTION,New automated checkpoint(s) alternative descriptions match the intended M07 property. Evidence: baseline report=evidence\pac\formal\PDFUA-Ref-2-06_Brochure__aefd5ab48a908b9996ffadcb14d8ff31a2c653657cbe011a46f4cf61396a589e.pdf; mutant report=evidence\pac\formal\PDFUA-Ref-2-06_Brochure-M07__7aed010a1cad015f6b9de4498a855cccc6599be37fe85e0ecdbddaef1d9af3dd.pdf; baseline_sha256=aefd5ab48a908b9996ffadcb14d8ff31a2c653657cbe011a46f4cf61396a589e; mutant_sha256=7aed010a1cad015f6b9de4498a855cccc6599be37fe85e0ecdbddaef1d9af3dd; baseline_rules=none; mutant_rules=Alternative Descriptions.,BASELINE_PASS,7aed010a1cad015f6b9de4498a855cccc6599be37fe85e0ecdbddaef1d9af3dd,evidence\pac\formal\PDFUA-Ref-2-06_Brochure-M07__7aed010a1cad015f6b9de4498a855cccc6599be37fe85e0ecdbddaef1d9af3dd.pdf
PDFUA-Ref-2-06_Brochure-M07,PDFUA-Ref-2-06_Brochure,M07,PAC,AI,TODO,UNCLASSIFIED,,,7aed010a1cad015f6b9de4498a855cccc6599be37fe85e0ecdbddaef1d9af3dd,
PDFUA-Ref-2-06_Brochure-M07,PDFUA-Ref-2-06_Brochure,M07,Acrobat,Formal,Detected,DIRECT_TARGET_DETECTION,New automated checkpoint(s) figures alternate text match the intended M07 property. Evidence: baseline report=evidence\acrobat\PDFUA-Ref-2-06_Brochure__aefd5ab48a908b9996ffadcb14d8ff31a2c653657cbe011a46f4cf61396a589e.accreport.html; mutant report=evidence\acrobat\PDFUA-Ref-2-06_Brochure-M07__7aed010a1cad015f6b9de4498a855cccc6599be37fe85e0ecdbddaef1d9af3dd.accreport.html; baseline_sha256=aefd5ab48a908b9996ffadcb14d8ff31a2c653657cbe011a46f4cf61396a589e; mutant_sha256=7aed010a1cad015f6b9de4498a855cccc6599be37fe85e0ecdbddaef1d9af3dd; baseline_rules=none; mutant_rules=Figures alternate text.,BASELINE_PASS,7aed010a1cad015f6b9de4498a855cccc6599be37fe85e0ecdbddaef1d9af3dd,evidence\acrobat\PDFUA-Ref-2-06_Brochure-M07__7aed010a1cad015f6b9de4498a855cccc6599be37fe85e0ecdbddaef1d9af3dd.accreport.html
PDFUA-Ref-2-06_Brochure-M07,PDFUA-Ref-2-06_Brochure,M07,veraPDF,Formal,Detected,DIRECT_TARGET_DETECTION,New automated checkpoint(s) figure match the intended M07 property. Evidence: baseline report=evidence\verapdf\PDFUA-Ref-2-06_Brochure__aefd5ab48a908b9996ffadcb14d8ff31a2c653657cbe011a46f4cf61396a589e.json; mutant report=evidence\verapdf\PDFUA-Ref-2-06_Brochure-M07__7aed010a1cad015f6b9de4498a855cccc6599be37fe85e0ecdbddaef1d9af3dd.json; baseline_sha256=aefd5ab48a908b9996ffadcb14d8ff31a2c653657cbe011a46f4cf61396a589e; mutant_sha256=7aed010a1cad015f6b9de4498a855cccc6599be37fe85e0ecdbddaef1d9af3dd; baseline_rules=none; mutant_rules=7.3.,BASELINE_PASS,7aed010a1cad015f6b9de4498a855cccc6599be37fe85e0ecdbddaef1d9af3dd,evidence\verapdf\PDFUA-Ref-2-06_Brochure-M07__7aed010a1cad015f6b9de4498a855cccc6599be37fe85e0ecdbddaef1d9af3dd.json
PDFUA-Ref-2-06_Brochure-M08,PDFUA-Ref-2-06_Brochure,M08,PAC,Formal,Detected,DIRECT_TARGET_DETECTION,New automated checkpoint(s) natural language match the intended M08 property. Evidence: baseline report=evidence\pac\formal\PDFUA-Ref-2-06_Brochure__aefd5ab48a908b9996ffadcb14d8ff31a2c653657cbe011a46f4cf61396a589e.pdf; mutant report=evidence\pac\formal\PDFUA-Ref-2-06_Brochure-M08__fa090d7a7a195eca6b885da4e9b0884b162b73a3b015be189fc41173738c2996.pdf; baseline_sha256=aefd5ab48a908b9996ffadcb14d8ff31a2c653657cbe011a46f4cf61396a589e; mutant_sha256=fa090d7a7a195eca6b885da4e9b0884b162b73a3b015be189fc41173738c2996; baseline_rules=none; mutant_rules=Natural language.,BASELINE_PASS,fa090d7a7a195eca6b885da4e9b0884b162b73a3b015be189fc41173738c2996,evidence\pac\formal\PDFUA-Ref-2-06_Brochure-M08__fa090d7a7a195eca6b885da4e9b0884b162b73a3b015be189fc41173738c2996.pdf
PDFUA-Ref-2-06_Brochure-M08,PDFUA-Ref-2-06_Brochure,M08,PAC,AI,TODO,UNCLASSIFIED,,,fa090d7a7a195eca6b885da4e9b0884b162b73a3b015be189fc41173738c2996,
PDFUA-Ref-2-06_Brochure-M08,PDFUA-Ref-2-06_Brochure,M08,Acrobat,Formal,Detected,DIRECT_TARGET_DETECTION,New automated checkpoint(s) primary language match the intended M08 property. Evidence: baseline report=evidence\acrobat\PDFUA-Ref-2-06_Brochure__aefd5ab48a908b9996ffadcb14d8ff31a2c653657cbe011a46f4cf61396a589e.accreport.html; mutant report=evidence\acrobat\PDFUA-Ref-2-06_Brochure-M08__fa090d7a7a195eca6b885da4e9b0884b162b73a3b015be189fc41173738c2996.accreport.html; baseline_sha256=aefd5ab48a908b9996ffadcb14d8ff31a2c653657cbe011a46f4cf61396a589e; mutant_sha256=fa090d7a7a195eca6b885da4e9b0884b162b73a3b015be189fc41173738c2996; baseline_rules=none; mutant_rules=Primary language.,BASELINE_PASS,fa090d7a7a195eca6b885da4e9b0884b162b73a3b015be189fc41173738c2996,evidence\acrobat\PDFUA-Ref-2-06_Brochure-M08__fa090d7a7a195eca6b885da4e9b0884b162b73a3b015be189fc41173738c2996.accreport.html
PDFUA-Ref-2-06_Brochure-M08,PDFUA-Ref-2-06_Brochure,M08,veraPDF,Formal,Detected,DIRECT_TARGET_DETECTION,New automated checkpoint(s) natural language match the intended M08 property. Evidence: baseline report=evidence\verapdf\PDFUA-Ref-2-06_Brochure__aefd5ab48a908b9996ffadcb14d8ff31a2c653657cbe011a46f4cf61396a589e.json; mutant report=evidence\verapdf\PDFUA-Ref-2-06_Brochure-M08__fa090d7a7a195eca6b885da4e9b0884b162b73a3b015be189fc41173738c2996.json; baseline_sha256=aefd5ab48a908b9996ffadcb14d8ff31a2c653657cbe011a46f4cf61396a589e; mutant_sha256=fa090d7a7a195eca6b885da4e9b0884b162b73a3b015be189fc41173738c2996; baseline_rules=none; mutant_rules=7.2.,BASELINE_PASS,fa090d7a7a195eca6b885da4e9b0884b162b73a3b015be189fc41173738c2996,evidence\verapdf\PDFUA-Ref-2-06_Brochure-M08__fa090d7a7a195eca6b885da4e9b0884b162b73a3b015be189fc41173738c2996.json
PDFUA-Ref-2-08_BookChapter-M01,PDFUA-Ref-2-08_BookChapter,M01,PAC,Formal,Missed,COLLATERAL_DETECTION,No new automated checkpoint matched the intended M01 property; unrelated/collateral new finding(s) Structure elements are not counted. Evidence: baseline report=evidence\pac\formal\PDFUA-Ref-2-08_BookChapter__2b958600daec79373736f413f2712fcd9c604de2c352cbc1ec9d67cc5d7932f1.pdf; mutant report=evidence\pac\formal\PDFUA-Ref-2-08_BookChapter-M01__f5fdd674ca53247a75d32f520d656f24f8e97e864466f9a72ca8e62487f63178.pdf; baseline_sha256=2b958600daec79373736f413f2712fcd9c604de2c352cbc1ec9d67cc5d7932f1; mutant_sha256=f5fdd674ca53247a75d32f520d656f24f8e97e864466f9a72ca8e62487f63178; baseline_rules=none; mutant_rules=Structure elements.,BASELINE_PASS,f5fdd674ca53247a75d32f520d656f24f8e97e864466f9a72ca8e62487f63178,evidence\pac\formal\PDFUA-Ref-2-08_BookChapter-M01__f5fdd674ca53247a75d32f520d656f24f8e97e864466f9a72ca8e62487f63178.pdf
PDFUA-Ref-2-08_BookChapter-M01,PDFUA-Ref-2-08_BookChapter,M01,PAC,AI,TODO,UNCLASSIFIED,PAC AI is evaluated separately in data/pac_ai_classifications.csv; no formal mutation-specific classification is inferred here.,BASELINE_PASS,f5fdd674ca53247a75d32f520d656f24f8e97e864466f9a72ca8e62487f63178,evidence\pac\ai\PDFUA-Ref-2-08_BookChapter-M01__f5fdd674ca53247a75d32f520d656f24f8e97e864466f9a72ca8e62487f63178.pdf
PDFUA-Ref-2-08_BookChapter-M01,PDFUA-Ref-2-08_BookChapter,M01,Acrobat,Formal,Needs Manual Check,MANUAL_REVIEW,Acrobat emitted the manual checkpoint(s) logical reading order; manual prompts are retained separately and are not automated detections. Evidence: baseline report=evidence\acrobat\PDFUA-Ref-2-08_BookChapter__2b958600daec79373736f413f2712fcd9c604de2c352cbc1ec9d67cc5d7932f1.accreport.html; mutant report=evidence\acrobat\PDFUA-Ref-2-08_BookChapter-M01__f5fdd674ca53247a75d32f520d656f24f8e97e864466f9a72ca8e62487f63178.accreport.html; baseline_sha256=2b958600daec79373736f413f2712fcd9c604de2c352cbc1ec9d67cc5d7932f1; mutant_sha256=f5fdd674ca53247a75d32f520d656f24f8e97e864466f9a72ca8e62487f63178; baseline_rules=none; mutant_rules=Appropriate nesting.,BASELINE_PASS,f5fdd674ca53247a75d32f520d656f24f8e97e864466f9a72ca8e62487f63178,evidence\acrobat\PDFUA-Ref-2-08_BookChapter-M01__f5fdd674ca53247a75d32f520d656f24f8e97e864466f9a72ca8e62487f63178.accreport.html
PDFUA-Ref-2-08_BookChapter-M01,PDFUA-Ref-2-08_BookChapter,M01,veraPDF,Formal,Missed,COLLATERAL_DETECTION,No new automated checkpoint matched the intended M01 property; unrelated/collateral new finding(s) 7.4.2 are not counted. Evidence: baseline report=evidence\verapdf\PDFUA-Ref-2-08_BookChapter__2b958600daec79373736f413f2712fcd9c604de2c352cbc1ec9d67cc5d7932f1.json; mutant report=evidence\verapdf\PDFUA-Ref-2-08_BookChapter-M01__f5fdd674ca53247a75d32f520d656f24f8e97e864466f9a72ca8e62487f63178.json; baseline_sha256=2b958600daec79373736f413f2712fcd9c604de2c352cbc1ec9d67cc5d7932f1; mutant_sha256=f5fdd674ca53247a75d32f520d656f24f8e97e864466f9a72ca8e62487f63178; baseline_rules=none; mutant_rules=7.4.2.,BASELINE_PASS,f5fdd674ca53247a75d32f520d656f24f8e97e864466f9a72ca8e62487f63178,evidence\verapdf\PDFUA-Ref-2-08_BookChapter-M01__f5fdd674ca53247a75d32f520d656f24f8e97e864466f9a72ca8e62487f63178.json
PDFUA-Ref-2-08_BookChapter-M02,PDFUA-Ref-2-08_BookChapter,M02,PAC,Formal,Missed,COLLATERAL_DETECTION,No new automated checkpoint matched the intended M02 property; unrelated/collateral new finding(s) Structure elements are not counted. Evidence: baseline report=evidence\pac\formal\PDFUA-Ref-2-08_BookChapter__2b958600daec79373736f413f2712fcd9c604de2c352cbc1ec9d67cc5d7932f1.pdf; mutant report=evidence\pac\formal\PDFUA-Ref-2-08_BookChapter-M02__820bea08c3a5eed724bb8d1e65d9e9733c1ca47a0e003ae477aea7cce81725e4.pdf; baseline_sha256=2b958600daec79373736f413f2712fcd9c604de2c352cbc1ec9d67cc5d7932f1; mutant_sha256=820bea08c3a5eed724bb8d1e65d9e9733c1ca47a0e003ae477aea7cce81725e4; baseline_rules=none; mutant_rules=Structure elements.,BASELINE_PASS,820bea08c3a5eed724bb8d1e65d9e9733c1ca47a0e003ae477aea7cce81725e4,evidence\pac\formal\PDFUA-Ref-2-08_BookChapter-M02__820bea08c3a5eed724bb8d1e65d9e9733c1ca47a0e003ae477aea7cce81725e4.pdf
PDFUA-Ref-2-08_BookChapter-M02,PDFUA-Ref-2-08_BookChapter,M02,PAC,AI,TODO,UNCLASSIFIED,PAC AI is evaluated separately in data/pac_ai_classifications.csv; no formal mutation-specific classification is inferred here.,BASELINE_PASS,820bea08c3a5eed724bb8d1e65d9e9733c1ca47a0e003ae477aea7cce81725e4,evidence\pac\ai\PDFUA-Ref-2-08_BookChapter-M02__820bea08c3a5eed724bb8d1e65d9e9733c1ca47a0e003ae477aea7cce81725e4.pdf
PDFUA-Ref-2-08_BookChapter-M02,PDFUA-Ref-2-08_BookChapter,M02,Acrobat,Formal,Missed,COLLATERAL_DETECTION,No new automated checkpoint matched the intended M02 property; unrelated/collateral new finding(s) Appropriate nesting are not counted. Evidence: baseline report=evidence\acrobat\PDFUA-Ref-2-08_BookChapter__2b958600daec79373736f413f2712fcd9c604de2c352cbc1ec9d67cc5d7932f1.accreport.html; mutant report=evidence\acrobat\PDFUA-Ref-2-08_BookChapter-M02__820bea08c3a5eed724bb8d1e65d9e9733c1ca47a0e003ae477aea7cce81725e4.accreport.html; baseline_sha256=2b958600daec79373736f413f2712fcd9c604de2c352cbc1ec9d67cc5d7932f1; mutant_sha256=820bea08c3a5eed724bb8d1e65d9e9733c1ca47a0e003ae477aea7cce81725e4; baseline_rules=none; mutant_rules=Appropriate nesting.,BASELINE_PASS,820bea08c3a5eed724bb8d1e65d9e9733c1ca47a0e003ae477aea7cce81725e4,evidence\acrobat\PDFUA-Ref-2-08_BookChapter-M02__820bea08c3a5eed724bb8d1e65d9e9733c1ca47a0e003ae477aea7cce81725e4.accreport.html
PDFUA-Ref-2-08_BookChapter-M02,PDFUA-Ref-2-08_BookChapter,M02,veraPDF,Formal,Missed,COLLATERAL_DETECTION,No new automated checkpoint matched the intended M02 property; unrelated/collateral new finding(s) 7.4.2 are not counted. Evidence: baseline report=evidence\verapdf\PDFUA-Ref-2-08_BookChapter__2b958600daec79373736f413f2712fcd9c604de2c352cbc1ec9d67cc5d7932f1.json; mutant report=evidence\verapdf\PDFUA-Ref-2-08_BookChapter-M02__820bea08c3a5eed724bb8d1e65d9e9733c1ca47a0e003ae477aea7cce81725e4.json; baseline_sha256=2b958600daec79373736f413f2712fcd9c604de2c352cbc1ec9d67cc5d7932f1; mutant_sha256=820bea08c3a5eed724bb8d1e65d9e9733c1ca47a0e003ae477aea7cce81725e4; baseline_rules=none; mutant_rules=7.4.2.,BASELINE_PASS,820bea08c3a5eed724bb8d1e65d9e9733c1ca47a0e003ae477aea7cce81725e4,evidence\verapdf\PDFUA-Ref-2-08_BookChapter-M02__820bea08c3a5eed724bb8d1e65d9e9733c1ca47a0e003ae477aea7cce81725e4.json
PDFUA-Ref-2-08_BookChapter-M03,PDFUA-Ref-2-08_BookChapter,M03,PAC,Formal,Detected,DIRECT_TARGET_DETECTION,New automated checkpoint(s) structure elements match the intended M03 property. Evidence: baseline report=evidence\pac\formal\PDFUA-Ref-2-08_BookChapter__2b958600daec79373736f413f2712fcd9c604de2c352cbc1ec9d67cc5d7932f1.pdf; mutant report=evidence\pac\formal\PDFUA-Ref-2-08_BookChapter-M03__2907d533740ae0bea18da032ef36cea8ec48e3bf026dcf8b61439b86b931ed27.pdf; baseline_sha256=2b958600daec79373736f413f2712fcd9c604de2c352cbc1ec9d67cc5d7932f1; mutant_sha256=2907d533740ae0bea18da032ef36cea8ec48e3bf026dcf8b61439b86b931ed27; baseline_rules=none; mutant_rules=Structure elements.,BASELINE_PASS,2907d533740ae0bea18da032ef36cea8ec48e3bf026dcf8b61439b86b931ed27,evidence\pac\formal\PDFUA-Ref-2-08_BookChapter-M03__2907d533740ae0bea18da032ef36cea8ec48e3bf026dcf8b61439b86b931ed27.pdf
PDFUA-Ref-2-08_BookChapter-M03,PDFUA-Ref-2-08_BookChapter,M03,PAC,AI,TODO,UNCLASSIFIED,,,2907d533740ae0bea18da032ef36cea8ec48e3bf026dcf8b61439b86b931ed27,
PDFUA-Ref-2-08_BookChapter-M03,PDFUA-Ref-2-08_BookChapter,M03,Acrobat,Formal,Detected,DIRECT_TARGET_DETECTION,New automated checkpoint(s) appropriate nesting match the intended M03 property. Evidence: baseline report=evidence\acrobat\PDFUA-Ref-2-08_BookChapter__2b958600daec79373736f413f2712fcd9c604de2c352cbc1ec9d67cc5d7932f1.accreport.html; mutant report=evidence\acrobat\PDFUA-Ref-2-08_BookChapter-M03__2907d533740ae0bea18da032ef36cea8ec48e3bf026dcf8b61439b86b931ed27.accreport.html; baseline_sha256=2b958600daec79373736f413f2712fcd9c604de2c352cbc1ec9d67cc5d7932f1; mutant_sha256=2907d533740ae0bea18da032ef36cea8ec48e3bf026dcf8b61439b86b931ed27; baseline_rules=none; mutant_rules=Tagged annotations;Appropriate nesting.,BASELINE_PASS,2907d533740ae0bea18da032ef36cea8ec48e3bf026dcf8b61439b86b931ed27,evidence\acrobat\PDFUA-Ref-2-08_BookChapter-M03__2907d533740ae0bea18da032ef36cea8ec48e3bf026dcf8b61439b86b931ed27.accreport.html
PDFUA-Ref-2-08_BookChapter-M03,PDFUA-Ref-2-08_BookChapter,M03,veraPDF,Formal,Detected,DIRECT_TARGET_DETECTION,New automated checkpoint(s) heading match the intended M03 property. Evidence: baseline report=evidence\verapdf\PDFUA-Ref-2-08_BookChapter__2b958600daec79373736f413f2712fcd9c604de2c352cbc1ec9d67cc5d7932f1.json; mutant report=evidence\verapdf\PDFUA-Ref-2-08_BookChapter-M03__2907d533740ae0bea18da032ef36cea8ec48e3bf026dcf8b61439b86b931ed27.json; baseline_sha256=2b958600daec79373736f413f2712fcd9c604de2c352cbc1ec9d67cc5d7932f1; mutant_sha256=2907d533740ae0bea18da032ef36cea8ec48e3bf026dcf8b61439b86b931ed27; baseline_rules=none; mutant_rules=7.4.2.,BASELINE_PASS,2907d533740ae0bea18da032ef36cea8ec48e3bf026dcf8b61439b86b931ed27,evidence\verapdf\PDFUA-Ref-2-08_BookChapter-M03__2907d533740ae0bea18da032ef36cea8ec48e3bf026dcf8b61439b86b931ed27.json
PDFUA-Ref-2-08_BookChapter-M04,PDFUA-Ref-2-08_BookChapter,M04,PAC,Formal,Missed,COLLATERAL_DETECTION,No new automated checkpoint matched the intended M04 property; unrelated/collateral new finding(s) PDF Syntax are not counted. Evidence: baseline report=evidence\pac\formal\PDFUA-Ref-2-08_BookChapter__2b958600daec79373736f413f2712fcd9c604de2c352cbc1ec9d67cc5d7932f1.pdf; mutant report=evidence\pac\formal\PDFUA-Ref-2-08_BookChapter-M04__20ac005e0fb4cf3812fefd64b496cf14488a56d493e7c7ee5f5045ce9540c1f5.pdf; baseline_sha256=2b958600daec79373736f413f2712fcd9c604de2c352cbc1ec9d67cc5d7932f1; mutant_sha256=20ac005e0fb4cf3812fefd64b496cf14488a56d493e7c7ee5f5045ce9540c1f5; baseline_rules=none; mutant_rules=PDF Syntax.,BASELINE_PASS,20ac005e0fb4cf3812fefd64b496cf14488a56d493e7c7ee5f5045ce9540c1f5,evidence\pac\formal\PDFUA-Ref-2-08_BookChapter-M04__20ac005e0fb4cf3812fefd64b496cf14488a56d493e7c7ee5f5045ce9540c1f5.pdf
PDFUA-Ref-2-08_BookChapter-M04,PDFUA-Ref-2-08_BookChapter,M04,PAC,AI,TODO,UNCLASSIFIED,PAC AI is evaluated separately in data/pac_ai_classifications.csv; no formal mutation-specific classification is inferred here.,BASELINE_PASS,20ac005e0fb4cf3812fefd64b496cf14488a56d493e7c7ee5f5045ce9540c1f5,evidence\pac\ai\PDFUA-Ref-2-08_BookChapter-M04__20ac005e0fb4cf3812fefd64b496cf14488a56d493e7c7ee5f5045ce9540c1f5.pdf
PDFUA-Ref-2-08_BookChapter-M04,PDFUA-Ref-2-08_BookChapter,M04,Acrobat,Formal,Missed,NO_TARGET_DETECTION,No new automated checkpoint matched the intended M04 property. Evidence: baseline report=evidence\acrobat\PDFUA-Ref-2-08_BookChapter__2b958600daec79373736f413f2712fcd9c604de2c352cbc1ec9d67cc5d7932f1.accreport.html; mutant report=evidence\acrobat\PDFUA-Ref-2-08_BookChapter-M04__20ac005e0fb4cf3812fefd64b496cf14488a56d493e7c7ee5f5045ce9540c1f5.accreport.html; baseline_sha256=2b958600daec79373736f413f2712fcd9c604de2c352cbc1ec9d67cc5d7932f1; mutant_sha256=20ac005e0fb4cf3812fefd64b496cf14488a56d493e7c7ee5f5045ce9540c1f5; baseline_rules=none; mutant_rules=NONE_REPORTED.,BASELINE_PASS,20ac005e0fb4cf3812fefd64b496cf14488a56d493e7c7ee5f5045ce9540c1f5,evidence\acrobat\PDFUA-Ref-2-08_BookChapter-M04__20ac005e0fb4cf3812fefd64b496cf14488a56d493e7c7ee5f5045ce9540c1f5.accreport.html
PDFUA-Ref-2-08_BookChapter-M04,PDFUA-Ref-2-08_BookChapter,M04,veraPDF,Formal,Missed,NO_TARGET_DETECTION,No new automated checkpoint matched the intended M04 property. Evidence: baseline report=evidence\verapdf\PDFUA-Ref-2-08_BookChapter__2b958600daec79373736f413f2712fcd9c604de2c352cbc1ec9d67cc5d7932f1.json; mutant report=evidence\verapdf\PDFUA-Ref-2-08_BookChapter-M04__20ac005e0fb4cf3812fefd64b496cf14488a56d493e7c7ee5f5045ce9540c1f5.json; baseline_sha256=2b958600daec79373736f413f2712fcd9c604de2c352cbc1ec9d67cc5d7932f1; mutant_sha256=20ac005e0fb4cf3812fefd64b496cf14488a56d493e7c7ee5f5045ce9540c1f5; baseline_rules=none; mutant_rules=none.,BASELINE_PASS,20ac005e0fb4cf3812fefd64b496cf14488a56d493e7c7ee5f5045ce9540c1f5,evidence\verapdf\PDFUA-Ref-2-08_BookChapter-M04__20ac005e0fb4cf3812fefd64b496cf14488a56d493e7c7ee5f5045ce9540c1f5.json
PDFUA-Ref-2-08_BookChapter-M05,PDFUA-Ref-2-08_BookChapter,M05,PAC,Formal,Missed,NO_TARGET_DETECTION,No new automated checkpoint matched the intended M05 property. Evidence: baseline report=evidence\pac\formal\PDFUA-Ref-2-08_BookChapter__2b958600daec79373736f413f2712fcd9c604de2c352cbc1ec9d67cc5d7932f1.pdf; mutant report=evidence\pac\formal\PDFUA-Ref-2-08_BookChapter-M05__db8fd0be417f0b011ca55e313d0bc1bbe4421aec1d8bb27584fa99a9c5d1f7d3.pdf; baseline_sha256=2b958600daec79373736f413f2712fcd9c604de2c352cbc1ec9d67cc5d7932f1; mutant_sha256=db8fd0be417f0b011ca55e313d0bc1bbe4421aec1d8bb27584fa99a9c5d1f7d3; baseline_rules=none; mutant_rules=none.,BASELINE_PASS,db8fd0be417f0b011ca55e313d0bc1bbe4421aec1d8bb27584fa99a9c5d1f7d3,evidence\pac\formal\PDFUA-Ref-2-08_BookChapter-M05__db8fd0be417f0b011ca55e313d0bc1bbe4421aec1d8bb27584fa99a9c5d1f7d3.pdf
PDFUA-Ref-2-08_BookChapter-M05,PDFUA-Ref-2-08_BookChapter,M05,PAC,AI,TODO,UNCLASSIFIED,PAC AI is evaluated separately in data/pac_ai_classifications.csv; no formal mutation-specific classification is inferred here.,BASELINE_PASS,db8fd0be417f0b011ca55e313d0bc1bbe4421aec1d8bb27584fa99a9c5d1f7d3,evidence\pac\ai\PDFUA-Ref-2-08_BookChapter-M05__db8fd0be417f0b011ca55e313d0bc1bbe4421aec1d8bb27584fa99a9c5d1f7d3.pdf
PDFUA-Ref-2-08_BookChapter-M05,PDFUA-Ref-2-08_BookChapter,M05,Acrobat,Formal,Needs Manual Check,MANUAL_REVIEW,Acrobat emitted the manual checkpoint(s) logical reading order; manual prompts are retained separately and are not automated detections. Evidence: baseline report=evidence\acrobat\PDFUA-Ref-2-08_BookChapter__2b958600daec79373736f413f2712fcd9c604de2c352cbc1ec9d67cc5d7932f1.accreport.html; mutant report=evidence\acrobat\PDFUA-Ref-2-08_BookChapter-M05__db8fd0be417f0b011ca55e313d0bc1bbe4421aec1d8bb27584fa99a9c5d1f7d3.accreport.html; baseline_sha256=2b958600daec79373736f413f2712fcd9c604de2c352cbc1ec9d67cc5d7932f1; mutant_sha256=db8fd0be417f0b011ca55e313d0bc1bbe4421aec1d8bb27584fa99a9c5d1f7d3; baseline_rules=none; mutant_rules=MANUAL_CHECK_PROMPTS:2.,BASELINE_PASS,db8fd0be417f0b011ca55e313d0bc1bbe4421aec1d8bb27584fa99a9c5d1f7d3,evidence\acrobat\PDFUA-Ref-2-08_BookChapter-M05__db8fd0be417f0b011ca55e313d0bc1bbe4421aec1d8bb27584fa99a9c5d1f7d3.accreport.html
PDFUA-Ref-2-08_BookChapter-M05,PDFUA-Ref-2-08_BookChapter,M05,veraPDF,Formal,Missed,NO_TARGET_DETECTION,No new automated checkpoint matched the intended M05 property. Evidence: baseline report=evidence\verapdf\PDFUA-Ref-2-08_BookChapter__2b958600daec79373736f413f2712fcd9c604de2c352cbc1ec9d67cc5d7932f1.json; mutant report=evidence\verapdf\PDFUA-Ref-2-08_BookChapter-M05__db8fd0be417f0b011ca55e313d0bc1bbe4421aec1d8bb27584fa99a9c5d1f7d3.json; baseline_sha256=2b958600daec79373736f413f2712fcd9c604de2c352cbc1ec9d67cc5d7932f1; mutant_sha256=db8fd0be417f0b011ca55e313d0bc1bbe4421aec1d8bb27584fa99a9c5d1f7d3; baseline_rules=none; mutant_rules=none.,BASELINE_PASS,db8fd0be417f0b011ca55e313d0bc1bbe4421aec1d8bb27584fa99a9c5d1f7d3,evidence\verapdf\PDFUA-Ref-2-08_BookChapter-M05__db8fd0be417f0b011ca55e313d0bc1bbe4421aec1d8bb27584fa99a9c5d1f7d3.json
PDFUA-Ref-2-08_BookChapter-M06,PDFUA-Ref-2-08_BookChapter,M06,PAC,Formal,Missed,NO_TARGET_DETECTION,No new automated checkpoint matched the intended M06 property. Evidence: baseline report=evidence\pac\formal\PDFUA-Ref-2-08_BookChapter__2b958600daec79373736f413f2712fcd9c604de2c352cbc1ec9d67cc5d7932f1.pdf; mutant report=evidence\pac\formal\PDFUA-Ref-2-08_BookChapter-M06__86091f5caa50e48f16a3a67354122d88c286f8ad8e5a892f22202d5dfe0be414.pdf; baseline_sha256=2b958600daec79373736f413f2712fcd9c604de2c352cbc1ec9d67cc5d7932f1; mutant_sha256=86091f5caa50e48f16a3a67354122d88c286f8ad8e5a892f22202d5dfe0be414; baseline_rules=none; mutant_rules=NONE_REPORTED.,BASELINE_PASS,86091f5caa50e48f16a3a67354122d88c286f8ad8e5a892f22202d5dfe0be414,evidence\pac\formal\PDFUA-Ref-2-08_BookChapter-M06__86091f5caa50e48f16a3a67354122d88c286f8ad8e5a892f22202d5dfe0be414.pdf
PDFUA-Ref-2-08_BookChapter-M06,PDFUA-Ref-2-08_BookChapter,M06,PAC,AI,TODO,UNCLASSIFIED,,,86091f5caa50e48f16a3a67354122d88c286f8ad8e5a892f22202d5dfe0be414,
PDFUA-Ref-2-08_BookChapter-M06,PDFUA-Ref-2-08_BookChapter,M06,Acrobat,Formal,Missed,NO_TARGET_DETECTION,No new automated checkpoint matched the intended M06 property. Evidence: baseline report=evidence\acrobat\PDFUA-Ref-2-08_BookChapter__2b958600daec79373736f413f2712fcd9c604de2c352cbc1ec9d67cc5d7932f1.accreport.html; mutant report=evidence\acrobat\PDFUA-Ref-2-08_BookChapter-M06__86091f5caa50e48f16a3a67354122d88c286f8ad8e5a892f22202d5dfe0be414.accreport.html; baseline_sha256=2b958600daec79373736f413f2712fcd9c604de2c352cbc1ec9d67cc5d7932f1; mutant_sha256=86091f5caa50e48f16a3a67354122d88c286f8ad8e5a892f22202d5dfe0be414; baseline_rules=none; mutant_rules=NONE_REPORTED.,BASELINE_PASS,86091f5caa50e48f16a3a67354122d88c286f8ad8e5a892f22202d5dfe0be414,evidence\acrobat\PDFUA-Ref-2-08_BookChapter-M06__86091f5caa50e48f16a3a67354122d88c286f8ad8e5a892f22202d5dfe0be414.accreport.html
PDFUA-Ref-2-08_BookChapter-M06,PDFUA-Ref-2-08_BookChapter,M06,veraPDF,Formal,Missed,NO_TARGET_DETECTION,No new automated checkpoint matched the intended M06 property. Evidence: baseline report=evidence\verapdf\PDFUA-Ref-2-08_BookChapter__2b958600daec79373736f413f2712fcd9c604de2c352cbc1ec9d67cc5d7932f1.json; mutant report=evidence\verapdf\PDFUA-Ref-2-08_BookChapter-M06__86091f5caa50e48f16a3a67354122d88c286f8ad8e5a892f22202d5dfe0be414.json; baseline_sha256=2b958600daec79373736f413f2712fcd9c604de2c352cbc1ec9d67cc5d7932f1; mutant_sha256=86091f5caa50e48f16a3a67354122d88c286f8ad8e5a892f22202d5dfe0be414; baseline_rules=none; mutant_rules=none.,BASELINE_PASS,86091f5caa50e48f16a3a67354122d88c286f8ad8e5a892f22202d5dfe0be414,evidence\verapdf\PDFUA-Ref-2-08_BookChapter-M06__86091f5caa50e48f16a3a67354122d88c286f8ad8e5a892f22202d5dfe0be414.json
PDFUA-Ref-2-08_BookChapter-M07,PDFUA-Ref-2-08_BookChapter,M07,PAC,Formal,Detected,DIRECT_TARGET_DETECTION,New automated checkpoint(s) alternative descriptions match the intended M07 property. Evidence: baseline report=evidence\pac\formal\PDFUA-Ref-2-08_BookChapter__2b958600daec79373736f413f2712fcd9c604de2c352cbc1ec9d67cc5d7932f1.pdf; mutant report=evidence\pac\formal\PDFUA-Ref-2-08_BookChapter-M07__8df764ab15f21435fc2283a261e0fa073baef1005f3d740e3991a952285746e8.pdf; baseline_sha256=2b958600daec79373736f413f2712fcd9c604de2c352cbc1ec9d67cc5d7932f1; mutant_sha256=8df764ab15f21435fc2283a261e0fa073baef1005f3d740e3991a952285746e8; baseline_rules=none; mutant_rules=Alternative Descriptions.,BASELINE_PASS,8df764ab15f21435fc2283a261e0fa073baef1005f3d740e3991a952285746e8,evidence\pac\formal\PDFUA-Ref-2-08_BookChapter-M07__8df764ab15f21435fc2283a261e0fa073baef1005f3d740e3991a952285746e8.pdf
PDFUA-Ref-2-08_BookChapter-M07,PDFUA-Ref-2-08_BookChapter,M07,PAC,AI,TODO,UNCLASSIFIED,,,8df764ab15f21435fc2283a261e0fa073baef1005f3d740e3991a952285746e8,
PDFUA-Ref-2-08_BookChapter-M07,PDFUA-Ref-2-08_BookChapter,M07,Acrobat,Formal,Detected,DIRECT_TARGET_DETECTION,New automated checkpoint(s) figures alternate text match the intended M07 property. Evidence: baseline report=evidence\acrobat\PDFUA-Ref-2-08_BookChapter__2b958600daec79373736f413f2712fcd9c604de2c352cbc1ec9d67cc5d7932f1.accreport.html; mutant report=evidence\acrobat\PDFUA-Ref-2-08_BookChapter-M07__8df764ab15f21435fc2283a261e0fa073baef1005f3d740e3991a952285746e8.accreport.html; baseline_sha256=2b958600daec79373736f413f2712fcd9c604de2c352cbc1ec9d67cc5d7932f1; mutant_sha256=8df764ab15f21435fc2283a261e0fa073baef1005f3d740e3991a952285746e8; baseline_rules=none; mutant_rules=Figures alternate text.,BASELINE_PASS,8df764ab15f21435fc2283a261e0fa073baef1005f3d740e3991a952285746e8,evidence\acrobat\PDFUA-Ref-2-08_BookChapter-M07__8df764ab15f21435fc2283a261e0fa073baef1005f3d740e3991a952285746e8.accreport.html
PDFUA-Ref-2-08_BookChapter-M07,PDFUA-Ref-2-08_BookChapter,M07,veraPDF,Formal,Detected,DIRECT_TARGET_DETECTION,New automated checkpoint(s) figure match the intended M07 property. Evidence: baseline report=evidence\verapdf\PDFUA-Ref-2-08_BookChapter__2b958600daec79373736f413f2712fcd9c604de2c352cbc1ec9d67cc5d7932f1.json; mutant report=evidence\verapdf\PDFUA-Ref-2-08_BookChapter-M07__8df764ab15f21435fc2283a261e0fa073baef1005f3d740e3991a952285746e8.json; baseline_sha256=2b958600daec79373736f413f2712fcd9c604de2c352cbc1ec9d67cc5d7932f1; mutant_sha256=8df764ab15f21435fc2283a261e0fa073baef1005f3d740e3991a952285746e8; baseline_rules=none; mutant_rules=7.3.,BASELINE_PASS,8df764ab15f21435fc2283a261e0fa073baef1005f3d740e3991a952285746e8,evidence\verapdf\PDFUA-Ref-2-08_BookChapter-M07__8df764ab15f21435fc2283a261e0fa073baef1005f3d740e3991a952285746e8.json
PDFUA-Ref-2-08_BookChapter-M08,PDFUA-Ref-2-08_BookChapter,M08,PAC,Formal,Detected,DIRECT_TARGET_DETECTION,New automated checkpoint(s) natural language match the intended M08 property. Evidence: baseline report=evidence\pac\formal\PDFUA-Ref-2-08_BookChapter__2b958600daec79373736f413f2712fcd9c604de2c352cbc1ec9d67cc5d7932f1.pdf; mutant report=evidence\pac\formal\PDFUA-Ref-2-08_BookChapter-M08__2c631cd85add3b7883781fb114651993280bb8c9f360361eaf20cb1f3c1ef0c1.pdf; baseline_sha256=2b958600daec79373736f413f2712fcd9c604de2c352cbc1ec9d67cc5d7932f1; mutant_sha256=2c631cd85add3b7883781fb114651993280bb8c9f360361eaf20cb1f3c1ef0c1; baseline_rules=none; mutant_rules=Natural language.,BASELINE_PASS,2c631cd85add3b7883781fb114651993280bb8c9f360361eaf20cb1f3c1ef0c1,evidence\pac\formal\PDFUA-Ref-2-08_BookChapter-M08__2c631cd85add3b7883781fb114651993280bb8c9f360361eaf20cb1f3c1ef0c1.pdf
PDFUA-Ref-2-08_BookChapter-M08,PDFUA-Ref-2-08_BookChapter,M08,PAC,AI,TODO,UNCLASSIFIED,,,2c631cd85add3b7883781fb114651993280bb8c9f360361eaf20cb1f3c1ef0c1,
PDFUA-Ref-2-08_BookChapter-M08,PDFUA-Ref-2-08_BookChapter,M08,Acrobat,Formal,Detected,DIRECT_TARGET_DETECTION,New automated checkpoint(s) primary language match the intended M08 property. Evidence: baseline report=evidence\acrobat\PDFUA-Ref-2-08_BookChapter__2b958600daec79373736f413f2712fcd9c604de2c352cbc1ec9d67cc5d7932f1.accreport.html; mutant report=evidence\acrobat\PDFUA-Ref-2-08_BookChapter-M08__2c631cd85add3b7883781fb114651993280bb8c9f360361eaf20cb1f3c1ef0c1.accreport.html; baseline_sha256=2b958600daec79373736f413f2712fcd9c604de2c352cbc1ec9d67cc5d7932f1; mutant_sha256=2c631cd85add3b7883781fb114651993280bb8c9f360361eaf20cb1f3c1ef0c1; baseline_rules=none; mutant_rules=Primary language.,BASELINE_PASS,2c631cd85add3b7883781fb114651993280bb8c9f360361eaf20cb1f3c1ef0c1,evidence\acrobat\PDFUA-Ref-2-08_BookChapter-M08__2c631cd85add3b7883781fb114651993280bb8c9f360361eaf20cb1f3c1ef0c1.accreport.html
PDFUA-Ref-2-08_BookChapter-M08,PDFUA-Ref-2-08_BookChapter,M08,veraPDF,Formal,Detected,DIRECT_TARGET_DETECTION,New automated checkpoint(s) natural language match the intended M08 property. Evidence: baseline report=evidence\verapdf\PDFUA-Ref-2-08_BookChapter__2b958600daec79373736f413f2712fcd9c604de2c352cbc1ec9d67cc5d7932f1.json; mutant report=evidence\verapdf\PDFUA-Ref-2-08_BookChapter-M08__2c631cd85add3b7883781fb114651993280bb8c9f360361eaf20cb1f3c1ef0c1.json; baseline_sha256=2b958600daec79373736f413f2712fcd9c604de2c352cbc1ec9d67cc5d7932f1; mutant_sha256=2c631cd85add3b7883781fb114651993280bb8c9f360361eaf20cb1f3c1ef0c1; baseline_rules=none; mutant_rules=7.2.,BASELINE_PASS,2c631cd85add3b7883781fb114651993280bb8c9f360361eaf20cb1f3c1ef0c1,evidence\verapdf\PDFUA-Ref-2-08_BookChapter-M08__2c631cd85add3b7883781fb114651993280bb8c9f360361eaf20cb1f3c1ef0c1.json
PDFUA-Ref-2-08_BookChapter-M10,PDFUA-Ref-2-08_BookChapter,M10,PAC,Formal,Detected,DIRECT_TARGET_DETECTION,New automated checkpoint(s) structure tree match the intended M10 property. Evidence: baseline report=evidence\pac\formal\PDFUA-Ref-2-08_BookChapter__2b958600daec79373736f413f2712fcd9c604de2c352cbc1ec9d67cc5d7932f1.pdf; mutant report=evidence\pac\formal\PDFUA-Ref-2-08_BookChapter-M10__135ebc92b095127190c98164be07186359b69f0908bda83266abdbb34adab269.pdf; baseline_sha256=2b958600daec79373736f413f2712fcd9c604de2c352cbc1ec9d67cc5d7932f1; mutant_sha256=135ebc92b095127190c98164be07186359b69f0908bda83266abdbb34adab269; baseline_rules=none; mutant_rules=Structure tree.,BASELINE_PASS,135ebc92b095127190c98164be07186359b69f0908bda83266abdbb34adab269,evidence\pac\formal\PDFUA-Ref-2-08_BookChapter-M10__135ebc92b095127190c98164be07186359b69f0908bda83266abdbb34adab269.pdf
PDFUA-Ref-2-08_BookChapter-M10,PDFUA-Ref-2-08_BookChapter,M10,PAC,AI,TODO,UNCLASSIFIED,,,135ebc92b095127190c98164be07186359b69f0908bda83266abdbb34adab269,
PDFUA-Ref-2-08_BookChapter-M10,PDFUA-Ref-2-08_BookChapter,M10,Acrobat,Formal,Detected,CONSEQUENCE_PROXY_DETECTION,"New Acrobat Headers failure satisfies the M10 direct-consequence proxy fixed before final adjudication: the hash-linked manifest verifies the sole semantic change is /TH to /P under the same table row, with target content, non-target structure, page content, and rendering preserved. Evidence: baseline report=evidence\acrobat\PDFUA-Ref-2-08_BookChapter__2b958600daec79373736f413f2712fcd9c604de2c352cbc1ec9d67cc5d7932f1.accreport.html; mutant report=evidence\acrobat\PDFUA-Ref-2-08_BookChapter-M10__135ebc92b095127190c98164be07186359b69f0908bda83266abdbb34adab269.accreport.html; baseline_sha256=2b958600daec79373736f413f2712fcd9c604de2c352cbc1ec9d67cc5d7932f1; mutant_sha256=135ebc92b095127190c98164be07186359b69f0908bda83266abdbb34adab269; baseline_rules=none; mutant_rules=Headers.",BASELINE_PASS,135ebc92b095127190c98164be07186359b69f0908bda83266abdbb34adab269,evidence\acrobat\PDFUA-Ref-2-08_BookChapter-M10__135ebc92b095127190c98164be07186359b69f0908bda83266abdbb34adab269.accreport.html
PDFUA-Ref-2-08_BookChapter-M10,PDFUA-Ref-2-08_BookChapter,M10,veraPDF,Formal,Detected,DIRECT_TARGET_DETECTION,New automated checkpoint(s) tr element may contain only th and td match the intended M10 property. Evidence: baseline report=evidence\verapdf\PDFUA-Ref-2-08_BookChapter__2b958600daec79373736f413f2712fcd9c604de2c352cbc1ec9d67cc5d7932f1.json; mutant report=evidence\verapdf\PDFUA-Ref-2-08_BookChapter-M10__135ebc92b095127190c98164be07186359b69f0908bda83266abdbb34adab269.json; baseline_sha256=2b958600daec79373736f413f2712fcd9c604de2c352cbc1ec9d67cc5d7932f1; mutant_sha256=135ebc92b095127190c98164be07186359b69f0908bda83266abdbb34adab269; baseline_rules=none; mutant_rules=7.2.,BASELINE_PASS,135ebc92b095127190c98164be07186359b69f0908bda83266abdbb34adab269,evidence\verapdf\PDFUA-Ref-2-08_BookChapter-M10__135ebc92b095127190c98164be07186359b69f0908bda83266abdbb34adab269.json
PDFUA-Ref-2-09_Scanned-M01,PDFUA-Ref-2-09_Scanned,M01,PAC,Formal,Missed,COLLATERAL_DETECTION,No new automated checkpoint matched the intended M01 property; unrelated/collateral new finding(s) Structure elements are not counted. G09's Natural language baseline failure is confined to excluded M08; active operators are compared only on new rules. Evidence: baseline report=evidence\pac\formal\PDFUA-Ref-2-09_Scanned__bb46d5c723fe1427dd1bf92ccd8653f9a5cef4054f7d878168b99477fa3792ae.pdf; mutant report=evidence\pac\formal\PDFUA-Ref-2-09_Scanned-M01__04ce7bde54a9e481e0da7d5bf8a4e7fc98467f2bdbc3803291d166e219df9dc0.pdf; baseline_sha256=bb46d5c723fe1427dd1bf92ccd8653f9a5cef4054f7d878168b99477fa3792ae; mutant_sha256=04ce7bde54a9e481e0da7d5bf8a4e7fc98467f2bdbc3803291d166e219df9dc0; baseline_rules=Natural language; mutant_rules=Natural language;Structure elements.,BASELINE_FAIL,04ce7bde54a9e481e0da7d5bf8a4e7fc98467f2bdbc3803291d166e219df9dc0,evidence\pac\formal\PDFUA-Ref-2-09_Scanned-M01__04ce7bde54a9e481e0da7d5bf8a4e7fc98467f2bdbc3803291d166e219df9dc0.pdf
PDFUA-Ref-2-09_Scanned-M01,PDFUA-Ref-2-09_Scanned,M01,PAC,AI,TODO,UNCLASSIFIED,,,04ce7bde54a9e481e0da7d5bf8a4e7fc98467f2bdbc3803291d166e219df9dc0,
PDFUA-Ref-2-09_Scanned-M01,PDFUA-Ref-2-09_Scanned,M01,Acrobat,Formal,Needs Manual Check,MANUAL_REVIEW,Acrobat emitted the manual checkpoint(s) logical reading order; manual prompts are retained separately and are not automated detections. Evidence: baseline report=evidence\acrobat\PDFUA-Ref-2-09_Scanned__bb46d5c723fe1427dd1bf92ccd8653f9a5cef4054f7d878168b99477fa3792ae.accreport.html; mutant report=evidence\acrobat\PDFUA-Ref-2-09_Scanned-M01__04ce7bde54a9e481e0da7d5bf8a4e7fc98467f2bdbc3803291d166e219df9dc0.accreport.html; baseline_sha256=bb46d5c723fe1427dd1bf92ccd8653f9a5cef4054f7d878168b99477fa3792ae; mutant_sha256=04ce7bde54a9e481e0da7d5bf8a4e7fc98467f2bdbc3803291d166e219df9dc0; baseline_rules=none; mutant_rules=Appropriate nesting.,BASELINE_PASS,04ce7bde54a9e481e0da7d5bf8a4e7fc98467f2bdbc3803291d166e219df9dc0,evidence\acrobat\PDFUA-Ref-2-09_Scanned-M01__04ce7bde54a9e481e0da7d5bf8a4e7fc98467f2bdbc3803291d166e219df9dc0.accreport.html
PDFUA-Ref-2-09_Scanned-M01,PDFUA-Ref-2-09_Scanned,M01,veraPDF,Formal,Missed,COLLATERAL_DETECTION,No new automated checkpoint matched the intended M01 property; unrelated/collateral new finding(s) 7.4.2 are not counted. Evidence: baseline report=evidence\verapdf\PDFUA-Ref-2-09_Scanned__bb46d5c723fe1427dd1bf92ccd8653f9a5cef4054f7d878168b99477fa3792ae.json; mutant report=evidence\verapdf\PDFUA-Ref-2-09_Scanned-M01__04ce7bde54a9e481e0da7d5bf8a4e7fc98467f2bdbc3803291d166e219df9dc0.json; baseline_sha256=bb46d5c723fe1427dd1bf92ccd8653f9a5cef4054f7d878168b99477fa3792ae; mutant_sha256=04ce7bde54a9e481e0da7d5bf8a4e7fc98467f2bdbc3803291d166e219df9dc0; baseline_rules=none; mutant_rules=7.4.2.,BASELINE_PASS,04ce7bde54a9e481e0da7d5bf8a4e7fc98467f2bdbc3803291d166e219df9dc0,evidence\verapdf\PDFUA-Ref-2-09_Scanned-M01__04ce7bde54a9e481e0da7d5bf8a4e7fc98467f2bdbc3803291d166e219df9dc0.json
PDFUA-Ref-2-09_Scanned-M02,PDFUA-Ref-2-09_Scanned,M02,PAC,Formal,Missed,COLLATERAL_DETECTION,No new automated checkpoint matched the intended M02 property; unrelated/collateral new finding(s) Structure elements are not counted. G09's Natural language baseline failure is confined to excluded M08; active operators are compared only on new rules. Evidence: baseline report=evidence\pac\formal\PDFUA-Ref-2-09_Scanned__bb46d5c723fe1427dd1bf92ccd8653f9a5cef4054f7d878168b99477fa3792ae.pdf; mutant report=evidence\pac\formal\PDFUA-Ref-2-09_Scanned-M02__f45a0b6356c4f2435d8bd75482c8ff0c17fc8f072b81169e342bff4376b04946.pdf; baseline_sha256=bb46d5c723fe1427dd1bf92ccd8653f9a5cef4054f7d878168b99477fa3792ae; mutant_sha256=f45a0b6356c4f2435d8bd75482c8ff0c17fc8f072b81169e342bff4376b04946; baseline_rules=Natural language; mutant_rules=Natural language;Structure elements.,BASELINE_FAIL,f45a0b6356c4f2435d8bd75482c8ff0c17fc8f072b81169e342bff4376b04946,evidence\pac\formal\PDFUA-Ref-2-09_Scanned-M02__f45a0b6356c4f2435d8bd75482c8ff0c17fc8f072b81169e342bff4376b04946.pdf
PDFUA-Ref-2-09_Scanned-M02,PDFUA-Ref-2-09_Scanned,M02,PAC,AI,TODO,UNCLASSIFIED,,,f45a0b6356c4f2435d8bd75482c8ff0c17fc8f072b81169e342bff4376b04946,
PDFUA-Ref-2-09_Scanned-M02,PDFUA-Ref-2-09_Scanned,M02,Acrobat,Formal,Missed,COLLATERAL_DETECTION,No new automated checkpoint matched the intended M02 property; unrelated/collateral new finding(s) Appropriate nesting are not counted. Evidence: baseline report=evidence\acrobat\PDFUA-Ref-2-09_Scanned__bb46d5c723fe1427dd1bf92ccd8653f9a5cef4054f7d878168b99477fa3792ae.accreport.html; mutant report=evidence\acrobat\PDFUA-Ref-2-09_Scanned-M02__f45a0b6356c4f2435d8bd75482c8ff0c17fc8f072b81169e342bff4376b04946.accreport.html; baseline_sha256=bb46d5c723fe1427dd1bf92ccd8653f9a5cef4054f7d878168b99477fa3792ae; mutant_sha256=f45a0b6356c4f2435d8bd75482c8ff0c17fc8f072b81169e342bff4376b04946; baseline_rules=none; mutant_rules=Appropriate nesting.,BASELINE_PASS,f45a0b6356c4f2435d8bd75482c8ff0c17fc8f072b81169e342bff4376b04946,evidence\acrobat\PDFUA-Ref-2-09_Scanned-M02__f45a0b6356c4f2435d8bd75482c8ff0c17fc8f072b81169e342bff4376b04946.accreport.html
PDFUA-Ref-2-09_Scanned-M02,PDFUA-Ref-2-09_Scanned,M02,veraPDF,Formal,Missed,COLLATERAL_DETECTION,No new automated checkpoint matched the intended M02 property; unrelated/collateral new finding(s) 7.4.2 are not counted. Evidence: baseline report=evidence\verapdf\PDFUA-Ref-2-09_Scanned__bb46d5c723fe1427dd1bf92ccd8653f9a5cef4054f7d878168b99477fa3792ae.json; mutant report=evidence\verapdf\PDFUA-Ref-2-09_Scanned-M02__f45a0b6356c4f2435d8bd75482c8ff0c17fc8f072b81169e342bff4376b04946.json; baseline_sha256=bb46d5c723fe1427dd1bf92ccd8653f9a5cef4054f7d878168b99477fa3792ae; mutant_sha256=f45a0b6356c4f2435d8bd75482c8ff0c17fc8f072b81169e342bff4376b04946; baseline_rules=none; mutant_rules=7.4.2.,BASELINE_PASS,f45a0b6356c4f2435d8bd75482c8ff0c17fc8f072b81169e342bff4376b04946,evidence\verapdf\PDFUA-Ref-2-09_Scanned-M02__f45a0b6356c4f2435d8bd75482c8ff0c17fc8f072b81169e342bff4376b04946.json
PDFUA-Ref-2-09_Scanned-M03,PDFUA-Ref-2-09_Scanned,M03,PAC,Formal,Detected,DIRECT_TARGET_DETECTION,New automated checkpoint(s) structure elements match the intended M03 property. G09's Natural language baseline failure is confined to excluded M08; active operators are compared only on new rules. Evidence: baseline report=evidence\pac\formal\PDFUA-Ref-2-09_Scanned__bb46d5c723fe1427dd1bf92ccd8653f9a5cef4054f7d878168b99477fa3792ae.pdf; mutant report=evidence\pac\formal\PDFUA-Ref-2-09_Scanned-M03__b86a34d9c3d9be9e5022027a4856df45a5ab30b42b4cc04791130c0229119f7b.pdf; baseline_sha256=bb46d5c723fe1427dd1bf92ccd8653f9a5cef4054f7d878168b99477fa3792ae; mutant_sha256=b86a34d9c3d9be9e5022027a4856df45a5ab30b42b4cc04791130c0229119f7b; baseline_rules=Natural language; mutant_rules=Natural language;Structure elements.,BASELINE_FAIL,b86a34d9c3d9be9e5022027a4856df45a5ab30b42b4cc04791130c0229119f7b,evidence\pac\formal\PDFUA-Ref-2-09_Scanned-M03__b86a34d9c3d9be9e5022027a4856df45a5ab30b42b4cc04791130c0229119f7b.pdf
PDFUA-Ref-2-09_Scanned-M03,PDFUA-Ref-2-09_Scanned,M03,PAC,AI,TODO,UNCLASSIFIED,,,b86a34d9c3d9be9e5022027a4856df45a5ab30b42b4cc04791130c0229119f7b,
PDFUA-Ref-2-09_Scanned-M03,PDFUA-Ref-2-09_Scanned,M03,Acrobat,Formal,Detected,DIRECT_TARGET_DETECTION,New automated checkpoint(s) appropriate nesting match the intended M03 property. Evidence: baseline report=evidence\acrobat\PDFUA-Ref-2-09_Scanned__bb46d5c723fe1427dd1bf92ccd8653f9a5cef4054f7d878168b99477fa3792ae.accreport.html; mutant report=evidence\acrobat\PDFUA-Ref-2-09_Scanned-M03__b86a34d9c3d9be9e5022027a4856df45a5ab30b42b4cc04791130c0229119f7b.accreport.html; baseline_sha256=bb46d5c723fe1427dd1bf92ccd8653f9a5cef4054f7d878168b99477fa3792ae; mutant_sha256=b86a34d9c3d9be9e5022027a4856df45a5ab30b42b4cc04791130c0229119f7b; baseline_rules=none; mutant_rules=Appropriate nesting.,BASELINE_PASS,b86a34d9c3d9be9e5022027a4856df45a5ab30b42b4cc04791130c0229119f7b,evidence\acrobat\PDFUA-Ref-2-09_Scanned-M03__b86a34d9c3d9be9e5022027a4856df45a5ab30b42b4cc04791130c0229119f7b.accreport.html
PDFUA-Ref-2-09_Scanned-M03,PDFUA-Ref-2-09_Scanned,M03,veraPDF,Formal,Detected,DIRECT_TARGET_DETECTION,New automated checkpoint(s) heading match the intended M03 property. Evidence: baseline report=evidence\verapdf\PDFUA-Ref-2-09_Scanned__bb46d5c723fe1427dd1bf92ccd8653f9a5cef4054f7d878168b99477fa3792ae.json; mutant report=evidence\verapdf\PDFUA-Ref-2-09_Scanned-M03__b86a34d9c3d9be9e5022027a4856df45a5ab30b42b4cc04791130c0229119f7b.json; baseline_sha256=bb46d5c723fe1427dd1bf92ccd8653f9a5cef4054f7d878168b99477fa3792ae; mutant_sha256=b86a34d9c3d9be9e5022027a4856df45a5ab30b42b4cc04791130c0229119f7b; baseline_rules=none; mutant_rules=7.4.2.,BASELINE_PASS,b86a34d9c3d9be9e5022027a4856df45a5ab30b42b4cc04791130c0229119f7b,evidence\verapdf\PDFUA-Ref-2-09_Scanned-M03__b86a34d9c3d9be9e5022027a4856df45a5ab30b42b4cc04791130c0229119f7b.json
PDFUA-Ref-2-09_Scanned-M04,PDFUA-Ref-2-09_Scanned,M04,PAC,Formal,Missed,COLLATERAL_DETECTION,No new automated checkpoint matched the intended M04 property; unrelated/collateral new finding(s) PDF Syntax are not counted. G09's Natural language baseline failure is confined to excluded M08; active operators are compared only on new rules. Evidence: baseline report=evidence\pac\formal\PDFUA-Ref-2-09_Scanned__bb46d5c723fe1427dd1bf92ccd8653f9a5cef4054f7d878168b99477fa3792ae.pdf; mutant report=evidence\pac\formal\PDFUA-Ref-2-09_Scanned-M04__494532eaa86c5136f8de492a0bf4f227d91b90aabc6d7eed62506f2e1838ef28.pdf; baseline_sha256=bb46d5c723fe1427dd1bf92ccd8653f9a5cef4054f7d878168b99477fa3792ae; mutant_sha256=494532eaa86c5136f8de492a0bf4f227d91b90aabc6d7eed62506f2e1838ef28; baseline_rules=Natural language; mutant_rules=PDF Syntax;Natural language.,BASELINE_FAIL,494532eaa86c5136f8de492a0bf4f227d91b90aabc6d7eed62506f2e1838ef28,evidence\pac\formal\PDFUA-Ref-2-09_Scanned-M04__494532eaa86c5136f8de492a0bf4f227d91b90aabc6d7eed62506f2e1838ef28.pdf
PDFUA-Ref-2-09_Scanned-M04,PDFUA-Ref-2-09_Scanned,M04,PAC,AI,TODO,UNCLASSIFIED,,,494532eaa86c5136f8de492a0bf4f227d91b90aabc6d7eed62506f2e1838ef28,
PDFUA-Ref-2-09_Scanned-M04,PDFUA-Ref-2-09_Scanned,M04,Acrobat,Formal,Missed,NO_TARGET_DETECTION,No new automated checkpoint matched the intended M04 property. Evidence: baseline report=evidence\acrobat\PDFUA-Ref-2-09_Scanned__bb46d5c723fe1427dd1bf92ccd8653f9a5cef4054f7d878168b99477fa3792ae.accreport.html; mutant report=evidence\acrobat\PDFUA-Ref-2-09_Scanned-M04__494532eaa86c5136f8de492a0bf4f227d91b90aabc6d7eed62506f2e1838ef28.accreport.html; baseline_sha256=bb46d5c723fe1427dd1bf92ccd8653f9a5cef4054f7d878168b99477fa3792ae; mutant_sha256=494532eaa86c5136f8de492a0bf4f227d91b90aabc6d7eed62506f2e1838ef28; baseline_rules=none; mutant_rules=NONE_REPORTED.,BASELINE_PASS,494532eaa86c5136f8de492a0bf4f227d91b90aabc6d7eed62506f2e1838ef28,evidence\acrobat\PDFUA-Ref-2-09_Scanned-M04__494532eaa86c5136f8de492a0bf4f227d91b90aabc6d7eed62506f2e1838ef28.accreport.html
PDFUA-Ref-2-09_Scanned-M04,PDFUA-Ref-2-09_Scanned,M04,veraPDF,Formal,Missed,NO_TARGET_DETECTION,No new automated checkpoint matched the intended M04 property. Evidence: baseline report=evidence\verapdf\PDFUA-Ref-2-09_Scanned__bb46d5c723fe1427dd1bf92ccd8653f9a5cef4054f7d878168b99477fa3792ae.json; mutant report=evidence\verapdf\PDFUA-Ref-2-09_Scanned-M04__494532eaa86c5136f8de492a0bf4f227d91b90aabc6d7eed62506f2e1838ef28.json; baseline_sha256=bb46d5c723fe1427dd1bf92ccd8653f9a5cef4054f7d878168b99477fa3792ae; mutant_sha256=494532eaa86c5136f8de492a0bf4f227d91b90aabc6d7eed62506f2e1838ef28; baseline_rules=none; mutant_rules=none.,BASELINE_PASS,494532eaa86c5136f8de492a0bf4f227d91b90aabc6d7eed62506f2e1838ef28,evidence\verapdf\PDFUA-Ref-2-09_Scanned-M04__494532eaa86c5136f8de492a0bf4f227d91b90aabc6d7eed62506f2e1838ef28.json
PDFUA-Ref-2-09_Scanned-M05,PDFUA-Ref-2-09_Scanned,M05,PAC,Formal,Missed,NO_TARGET_DETECTION,No new automated checkpoint matched the intended M05 property. G09's Natural language baseline failure is confined to excluded M08; active operators are compared only on new rules. Evidence: baseline report=evidence\pac\formal\PDFUA-Ref-2-09_Scanned__bb46d5c723fe1427dd1bf92ccd8653f9a5cef4054f7d878168b99477fa3792ae.pdf; mutant report=evidence\pac\formal\PDFUA-Ref-2-09_Scanned-M05__6bbc4a32f5cfa0ae69e6f77ec68a66988bc5644b1e60e34278181c151d71b932.pdf; baseline_sha256=bb46d5c723fe1427dd1bf92ccd8653f9a5cef4054f7d878168b99477fa3792ae; mutant_sha256=6bbc4a32f5cfa0ae69e6f77ec68a66988bc5644b1e60e34278181c151d71b932; baseline_rules=Natural language; mutant_rules=Natural language.,BASELINE_FAIL,6bbc4a32f5cfa0ae69e6f77ec68a66988bc5644b1e60e34278181c151d71b932,evidence\pac\formal\PDFUA-Ref-2-09_Scanned-M05__6bbc4a32f5cfa0ae69e6f77ec68a66988bc5644b1e60e34278181c151d71b932.pdf
PDFUA-Ref-2-09_Scanned-M05,PDFUA-Ref-2-09_Scanned,M05,PAC,AI,TODO,UNCLASSIFIED,,,6bbc4a32f5cfa0ae69e6f77ec68a66988bc5644b1e60e34278181c151d71b932,
PDFUA-Ref-2-09_Scanned-M05,PDFUA-Ref-2-09_Scanned,M05,Acrobat,Formal,Needs Manual Check,MANUAL_REVIEW,Acrobat emitted the manual checkpoint(s) logical reading order; manual prompts are retained separately and are not automated detections. Evidence: baseline report=evidence\acrobat\PDFUA-Ref-2-09_Scanned__bb46d5c723fe1427dd1bf92ccd8653f9a5cef4054f7d878168b99477fa3792ae.accreport.html; mutant report=evidence\acrobat\PDFUA-Ref-2-09_Scanned-M05__6bbc4a32f5cfa0ae69e6f77ec68a66988bc5644b1e60e34278181c151d71b932.accreport.html; baseline_sha256=bb46d5c723fe1427dd1bf92ccd8653f9a5cef4054f7d878168b99477fa3792ae; mutant_sha256=6bbc4a32f5cfa0ae69e6f77ec68a66988bc5644b1e60e34278181c151d71b932; baseline_rules=none; mutant_rules=MANUAL_CHECK_PROMPTS:2.,BASELINE_PASS,6bbc4a32f5cfa0ae69e6f77ec68a66988bc5644b1e60e34278181c151d71b932,evidence\acrobat\PDFUA-Ref-2-09_Scanned-M05__6bbc4a32f5cfa0ae69e6f77ec68a66988bc5644b1e60e34278181c151d71b932.accreport.html
PDFUA-Ref-2-09_Scanned-M05,PDFUA-Ref-2-09_Scanned,M05,veraPDF,Formal,Missed,NO_TARGET_DETECTION,No new automated checkpoint matched the intended M05 property. Evidence: baseline report=evidence\verapdf\PDFUA-Ref-2-09_Scanned__bb46d5c723fe1427dd1bf92ccd8653f9a5cef4054f7d878168b99477fa3792ae.json; mutant report=evidence\verapdf\PDFUA-Ref-2-09_Scanned-M05__6bbc4a32f5cfa0ae69e6f77ec68a66988bc5644b1e60e34278181c151d71b932.json; baseline_sha256=bb46d5c723fe1427dd1bf92ccd8653f9a5cef4054f7d878168b99477fa3792ae; mutant_sha256=6bbc4a32f5cfa0ae69e6f77ec68a66988bc5644b1e60e34278181c151d71b932; baseline_rules=none; mutant_rules=none.,BASELINE_PASS,6bbc4a32f5cfa0ae69e6f77ec68a66988bc5644b1e60e34278181c151d71b932,evidence\verapdf\PDFUA-Ref-2-09_Scanned-M05__6bbc4a32f5cfa0ae69e6f77ec68a66988bc5644b1e60e34278181c151d71b932.json
PDFUA-Ref-2-09_Scanned-M06,PDFUA-Ref-2-09_Scanned,M06,PAC,Formal,Missed,NO_TARGET_DETECTION,No new automated checkpoint matched the intended M06 property. G09's Natural language baseline failure is confined to excluded M08; active operators are compared only on new rules. Evidence: baseline report=evidence\pac\formal\PDFUA-Ref-2-09_Scanned__bb46d5c723fe1427dd1bf92ccd8653f9a5cef4054f7d878168b99477fa3792ae.pdf; mutant report=evidence\pac\formal\PDFUA-Ref-2-09_Scanned-M06__637c71a7db4ce2fccd3d34ad662d600b62ef46c275c3ca370c2d17a97980c9fa.pdf; baseline_sha256=bb46d5c723fe1427dd1bf92ccd8653f9a5cef4054f7d878168b99477fa3792ae; mutant_sha256=637c71a7db4ce2fccd3d34ad662d600b62ef46c275c3ca370c2d17a97980c9fa; baseline_rules=Natural language; mutant_rules=Natural language.,BASELINE_FAIL,637c71a7db4ce2fccd3d34ad662d600b62ef46c275c3ca370c2d17a97980c9fa,evidence\pac\formal\PDFUA-Ref-2-09_Scanned-M06__637c71a7db4ce2fccd3d34ad662d600b62ef46c275c3ca370c2d17a97980c9fa.pdf
PDFUA-Ref-2-09_Scanned-M06,PDFUA-Ref-2-09_Scanned,M06,PAC,AI,TODO,UNCLASSIFIED,,,637c71a7db4ce2fccd3d34ad662d600b62ef46c275c3ca370c2d17a97980c9fa,
PDFUA-Ref-2-09_Scanned-M06,PDFUA-Ref-2-09_Scanned,M06,Acrobat,Formal,Missed,NO_TARGET_DETECTION,No new automated checkpoint matched the intended M06 property. Evidence: baseline report=evidence\acrobat\PDFUA-Ref-2-09_Scanned__bb46d5c723fe1427dd1bf92ccd8653f9a5cef4054f7d878168b99477fa3792ae.accreport.html; mutant report=evidence\acrobat\PDFUA-Ref-2-09_Scanned-M06__637c71a7db4ce2fccd3d34ad662d600b62ef46c275c3ca370c2d17a97980c9fa.accreport.html; baseline_sha256=bb46d5c723fe1427dd1bf92ccd8653f9a5cef4054f7d878168b99477fa3792ae; mutant_sha256=637c71a7db4ce2fccd3d34ad662d600b62ef46c275c3ca370c2d17a97980c9fa; baseline_rules=none; mutant_rules=NONE_REPORTED.,BASELINE_PASS,637c71a7db4ce2fccd3d34ad662d600b62ef46c275c3ca370c2d17a97980c9fa,evidence\acrobat\PDFUA-Ref-2-09_Scanned-M06__637c71a7db4ce2fccd3d34ad662d600b62ef46c275c3ca370c2d17a97980c9fa.accreport.html
PDFUA-Ref-2-09_Scanned-M06,PDFUA-Ref-2-09_Scanned,M06,veraPDF,Formal,Missed,NO_TARGET_DETECTION,No new automated checkpoint matched the intended M06 property. Evidence: baseline report=evidence\verapdf\PDFUA-Ref-2-09_Scanned__bb46d5c723fe1427dd1bf92ccd8653f9a5cef4054f7d878168b99477fa3792ae.json; mutant report=evidence\verapdf\PDFUA-Ref-2-09_Scanned-M06__637c71a7db4ce2fccd3d34ad662d600b62ef46c275c3ca370c2d17a97980c9fa.json; baseline_sha256=bb46d5c723fe1427dd1bf92ccd8653f9a5cef4054f7d878168b99477fa3792ae; mutant_sha256=637c71a7db4ce2fccd3d34ad662d600b62ef46c275c3ca370c2d17a97980c9fa; baseline_rules=none; mutant_rules=none.,BASELINE_PASS,637c71a7db4ce2fccd3d34ad662d600b62ef46c275c3ca370c2d17a97980c9fa,evidence\verapdf\PDFUA-Ref-2-09_Scanned-M06__637c71a7db4ce2fccd3d34ad662d600b62ef46c275c3ca370c2d17a97980c9fa.json
PDFUA-Ref-2-09_Scanned-M07,PDFUA-Ref-2-09_Scanned,M07,PAC,Formal,Detected,DIRECT_TARGET_DETECTION,New automated checkpoint(s) alternative descriptions match the intended M07 property. G09's Natural language baseline failure is confined to excluded M08; active operators are compared only on new rules. Evidence: baseline report=evidence\pac\formal\PDFUA-Ref-2-09_Scanned__bb46d5c723fe1427dd1bf92ccd8653f9a5cef4054f7d878168b99477fa3792ae.pdf; mutant report=evidence\pac\formal\PDFUA-Ref-2-09_Scanned-M07__c16652da4ab2f15701bf4b12fb0790c269bea5fadbfd0443c1e5db51c51d2c3a.pdf; baseline_sha256=bb46d5c723fe1427dd1bf92ccd8653f9a5cef4054f7d878168b99477fa3792ae; mutant_sha256=c16652da4ab2f15701bf4b12fb0790c269bea5fadbfd0443c1e5db51c51d2c3a; baseline_rules=Natural language; mutant_rules=Natural language;Alternative Descriptions.,BASELINE_FAIL,c16652da4ab2f15701bf4b12fb0790c269bea5fadbfd0443c1e5db51c51d2c3a,evidence\pac\formal\PDFUA-Ref-2-09_Scanned-M07__c16652da4ab2f15701bf4b12fb0790c269bea5fadbfd0443c1e5db51c51d2c3a.pdf
PDFUA-Ref-2-09_Scanned-M07,PDFUA-Ref-2-09_Scanned,M07,PAC,AI,TODO,UNCLASSIFIED,,,c16652da4ab2f15701bf4b12fb0790c269bea5fadbfd0443c1e5db51c51d2c3a,
PDFUA-Ref-2-09_Scanned-M07,PDFUA-Ref-2-09_Scanned,M07,Acrobat,Formal,Detected,DIRECT_TARGET_DETECTION,New automated checkpoint(s) figures alternate text match the intended M07 property. Evidence: baseline report=evidence\acrobat\PDFUA-Ref-2-09_Scanned__bb46d5c723fe1427dd1bf92ccd8653f9a5cef4054f7d878168b99477fa3792ae.accreport.html; mutant report=evidence\acrobat\PDFUA-Ref-2-09_Scanned-M07__c16652da4ab2f15701bf4b12fb0790c269bea5fadbfd0443c1e5db51c51d2c3a.accreport.html; baseline_sha256=bb46d5c723fe1427dd1bf92ccd8653f9a5cef4054f7d878168b99477fa3792ae; mutant_sha256=c16652da4ab2f15701bf4b12fb0790c269bea5fadbfd0443c1e5db51c51d2c3a; baseline_rules=none; mutant_rules=Figures alternate text.,BASELINE_PASS,c16652da4ab2f15701bf4b12fb0790c269bea5fadbfd0443c1e5db51c51d2c3a,evidence\acrobat\PDFUA-Ref-2-09_Scanned-M07__c16652da4ab2f15701bf4b12fb0790c269bea5fadbfd0443c1e5db51c51d2c3a.accreport.html
PDFUA-Ref-2-09_Scanned-M07,PDFUA-Ref-2-09_Scanned,M07,veraPDF,Formal,Detected,DIRECT_TARGET_DETECTION,New automated checkpoint(s) figure match the intended M07 property. Evidence: baseline report=evidence\verapdf\PDFUA-Ref-2-09_Scanned__bb46d5c723fe1427dd1bf92ccd8653f9a5cef4054f7d878168b99477fa3792ae.json; mutant report=evidence\verapdf\PDFUA-Ref-2-09_Scanned-M07__c16652da4ab2f15701bf4b12fb0790c269bea5fadbfd0443c1e5db51c51d2c3a.json; baseline_sha256=bb46d5c723fe1427dd1bf92ccd8653f9a5cef4054f7d878168b99477fa3792ae; mutant_sha256=c16652da4ab2f15701bf4b12fb0790c269bea5fadbfd0443c1e5db51c51d2c3a; baseline_rules=none; mutant_rules=7.3.,BASELINE_PASS,c16652da4ab2f15701bf4b12fb0790c269bea5fadbfd0443c1e5db51c51d2c3a,evidence\verapdf\PDFUA-Ref-2-09_Scanned-M07__c16652da4ab2f15701bf4b12fb0790c269bea5fadbfd0443c1e5db51c51d2c3a.json
PDFUA-Ref-2-09_Scanned-M10,PDFUA-Ref-2-09_Scanned,M10,PAC,Formal,Detected,DIRECT_TARGET_DETECTION,New automated checkpoint(s) structure tree match the intended M10 property. G09's Natural language baseline failure is confined to excluded M08; active operators are compared only on new rules. Evidence: baseline report=evidence\pac\formal\PDFUA-Ref-2-09_Scanned__bb46d5c723fe1427dd1bf92ccd8653f9a5cef4054f7d878168b99477fa3792ae.pdf; mutant report=evidence\pac\formal\PDFUA-Ref-2-09_Scanned-M10__c5f2c1706faf55b963f7ae539710aa419a530967f41fcbc495d5fbc6708927e8.pdf; baseline_sha256=bb46d5c723fe1427dd1bf92ccd8653f9a5cef4054f7d878168b99477fa3792ae; mutant_sha256=c5f2c1706faf55b963f7ae539710aa419a530967f41fcbc495d5fbc6708927e8; baseline_rules=Natural language; mutant_rules=Natural language;Structure tree.,BASELINE_FAIL,c5f2c1706faf55b963f7ae539710aa419a530967f41fcbc495d5fbc6708927e8,evidence\pac\formal\PDFUA-Ref-2-09_Scanned-M10__c5f2c1706faf55b963f7ae539710aa419a530967f41fcbc495d5fbc6708927e8.pdf
PDFUA-Ref-2-09_Scanned-M10,PDFUA-Ref-2-09_Scanned,M10,PAC,AI,TODO,UNCLASSIFIED,,,c5f2c1706faf55b963f7ae539710aa419a530967f41fcbc495d5fbc6708927e8,
PDFUA-Ref-2-09_Scanned-M10,PDFUA-Ref-2-09_Scanned,M10,Acrobat,Formal,Detected,CONSEQUENCE_PROXY_DETECTION,"New Acrobat Headers failure satisfies the M10 direct-consequence proxy fixed before final adjudication: the hash-linked manifest verifies the sole semantic change is /TH to /P under the same table row, with target content, non-target structure, page content, and rendering preserved. Evidence: baseline report=evidence\acrobat\PDFUA-Ref-2-09_Scanned__bb46d5c723fe1427dd1bf92ccd8653f9a5cef4054f7d878168b99477fa3792ae.accreport.html; mutant report=evidence\acrobat\PDFUA-Ref-2-09_Scanned-M10__c5f2c1706faf55b963f7ae539710aa419a530967f41fcbc495d5fbc6708927e8.accreport.html; baseline_sha256=bb46d5c723fe1427dd1bf92ccd8653f9a5cef4054f7d878168b99477fa3792ae; mutant_sha256=c5f2c1706faf55b963f7ae539710aa419a530967f41fcbc495d5fbc6708927e8; baseline_rules=none; mutant_rules=Headers.",BASELINE_PASS,c5f2c1706faf55b963f7ae539710aa419a530967f41fcbc495d5fbc6708927e8,evidence\acrobat\PDFUA-Ref-2-09_Scanned-M10__c5f2c1706faf55b963f7ae539710aa419a530967f41fcbc495d5fbc6708927e8.accreport.html
PDFUA-Ref-2-09_Scanned-M10,PDFUA-Ref-2-09_Scanned,M10,veraPDF,Formal,Detected,DIRECT_TARGET_DETECTION,New automated checkpoint(s) tr element may contain only th and td match the intended M10 property. Evidence: baseline report=evidence\verapdf\PDFUA-Ref-2-09_Scanned__bb46d5c723fe1427dd1bf92ccd8653f9a5cef4054f7d878168b99477fa3792ae.json; mutant report=evidence\verapdf\PDFUA-Ref-2-09_Scanned-M10__c5f2c1706faf55b963f7ae539710aa419a530967f41fcbc495d5fbc6708927e8.json; baseline_sha256=bb46d5c723fe1427dd1bf92ccd8653f9a5cef4054f7d878168b99477fa3792ae; mutant_sha256=c5f2c1706faf55b963f7ae539710aa419a530967f41fcbc495d5fbc6708927e8; baseline_rules=none; mutant_rules=7.2.,BASELINE_PASS,c5f2c1706faf55b963f7ae539710aa419a530967f41fcbc495d5fbc6708927e8,evidence\verapdf\PDFUA-Ref-2-09_Scanned-M10__c5f2c1706faf55b963f7ae539710aa419a530967f41fcbc495d5fbc6708927e8.json
PDFUA-Ref-2-10_Form-M01,PDFUA-Ref-2-10_Form,M01,PAC,Formal,Missed,NO_TARGET_DETECTION,No new automated checkpoint matched the intended M01 property. Evidence: baseline report=evidence\pac\formal\PDFUA-Ref-2-10_Form__06d5cacd7c5ba9573a57c6d99d3f357ee14a24cff0c138036840fc44c6311806.pdf; mutant report=evidence\pac\formal\PDFUA-Ref-2-10_Form-M01__3f4549f2b3c4a7e8ec2859096f3bc42513bf0df4cad6c5ee1f324835425bfece.pdf; baseline_sha256=06d5cacd7c5ba9573a57c6d99d3f357ee14a24cff0c138036840fc44c6311806; mutant_sha256=3f4549f2b3c4a7e8ec2859096f3bc42513bf0df4cad6c5ee1f324835425bfece; baseline_rules=none; mutant_rules=NONE_REPORTED.,BASELINE_PASS,3f4549f2b3c4a7e8ec2859096f3bc42513bf0df4cad6c5ee1f324835425bfece,evidence\pac\formal\PDFUA-Ref-2-10_Form-M01__3f4549f2b3c4a7e8ec2859096f3bc42513bf0df4cad6c5ee1f324835425bfece.pdf
PDFUA-Ref-2-10_Form-M01,PDFUA-Ref-2-10_Form,M01,PAC,AI,TODO,UNCLASSIFIED,PAC AI is evaluated separately in data/pac_ai_classifications.csv; no formal mutation-specific classification is inferred here.,BASELINE_PASS,3f4549f2b3c4a7e8ec2859096f3bc42513bf0df4cad6c5ee1f324835425bfece,evidence\pac\ai\PDFUA-Ref-2-10_Form-M01__3f4549f2b3c4a7e8ec2859096f3bc42513bf0df4cad6c5ee1f324835425bfece.pdf
PDFUA-Ref-2-10_Form-M01,PDFUA-Ref-2-10_Form,M01,Acrobat,Formal,Needs Manual Check,MANUAL_REVIEW,Acrobat emitted the manual checkpoint(s) logical reading order; manual prompts are retained separately and are not automated detections. Evidence: baseline report=evidence\acrobat\PDFUA-Ref-2-10_Form__06d5cacd7c5ba9573a57c6d99d3f357ee14a24cff0c138036840fc44c6311806.accreport.html; mutant report=evidence\acrobat\PDFUA-Ref-2-10_Form-M01__3f4549f2b3c4a7e8ec2859096f3bc42513bf0df4cad6c5ee1f324835425bfece.accreport.html; baseline_sha256=06d5cacd7c5ba9573a57c6d99d3f357ee14a24cff0c138036840fc44c6311806; mutant_sha256=3f4549f2b3c4a7e8ec2859096f3bc42513bf0df4cad6c5ee1f324835425bfece; baseline_rules=none; mutant_rules=Tagged annotations.,BASELINE_PASS,3f4549f2b3c4a7e8ec2859096f3bc42513bf0df4cad6c5ee1f324835425bfece,evidence\acrobat\PDFUA-Ref-2-10_Form-M01__3f4549f2b3c4a7e8ec2859096f3bc42513bf0df4cad6c5ee1f324835425bfece.accreport.html
PDFUA-Ref-2-10_Form-M01,PDFUA-Ref-2-10_Form,M01,veraPDF,Formal,Missed,NO_TARGET_DETECTION,No new automated checkpoint matched the intended M01 property. Evidence: baseline report=evidence\verapdf\PDFUA-Ref-2-10_Form__06d5cacd7c5ba9573a57c6d99d3f357ee14a24cff0c138036840fc44c6311806.json; mutant report=evidence\verapdf\PDFUA-Ref-2-10_Form-M01__3f4549f2b3c4a7e8ec2859096f3bc42513bf0df4cad6c5ee1f324835425bfece.json; baseline_sha256=06d5cacd7c5ba9573a57c6d99d3f357ee14a24cff0c138036840fc44c6311806; mutant_sha256=3f4549f2b3c4a7e8ec2859096f3bc42513bf0df4cad6c5ee1f324835425bfece; baseline_rules=none; mutant_rules=none.,BASELINE_PASS,3f4549f2b3c4a7e8ec2859096f3bc42513bf0df4cad6c5ee1f324835425bfece,evidence\verapdf\PDFUA-Ref-2-10_Form-M01__3f4549f2b3c4a7e8ec2859096f3bc42513bf0df4cad6c5ee1f324835425bfece.json
PDFUA-Ref-2-10_Form-M02,PDFUA-Ref-2-10_Form,M02,PAC,Formal,Missed,NO_TARGET_DETECTION,No new automated checkpoint matched the intended M02 property. Evidence: baseline report=evidence\pac\formal\PDFUA-Ref-2-10_Form__06d5cacd7c5ba9573a57c6d99d3f357ee14a24cff0c138036840fc44c6311806.pdf; mutant report=evidence\pac\formal\PDFUA-Ref-2-10_Form-M02__85550ea9d4a77f73600cbc328ea4c1edf6916e032e2f5c79bf30e97f3db2d478.pdf; baseline_sha256=06d5cacd7c5ba9573a57c6d99d3f357ee14a24cff0c138036840fc44c6311806; mutant_sha256=85550ea9d4a77f73600cbc328ea4c1edf6916e032e2f5c79bf30e97f3db2d478; baseline_rules=none; mutant_rules=NONE_REPORTED.,BASELINE_PASS,85550ea9d4a77f73600cbc328ea4c1edf6916e032e2f5c79bf30e97f3db2d478,evidence\pac\formal\PDFUA-Ref-2-10_Form-M02__85550ea9d4a77f73600cbc328ea4c1edf6916e032e2f5c79bf30e97f3db2d478.pdf
PDFUA-Ref-2-10_Form-M02,PDFUA-Ref-2-10_Form,M02,PAC,AI,TODO,UNCLASSIFIED,PAC AI is evaluated separately in data/pac_ai_classifications.csv; no formal mutation-specific classification is inferred here.,BASELINE_PASS,85550ea9d4a77f73600cbc328ea4c1edf6916e032e2f5c79bf30e97f3db2d478,evidence\pac\ai\PDFUA-Ref-2-10_Form-M02__85550ea9d4a77f73600cbc328ea4c1edf6916e032e2f5c79bf30e97f3db2d478.pdf
PDFUA-Ref-2-10_Form-M02,PDFUA-Ref-2-10_Form,M02,Acrobat,Formal,Missed,NO_TARGET_DETECTION,No new automated checkpoint matched the intended M02 property. Evidence: baseline report=evidence\acrobat\PDFUA-Ref-2-10_Form__06d5cacd7c5ba9573a57c6d99d3f357ee14a24cff0c138036840fc44c6311806.accreport.html; mutant report=evidence\acrobat\PDFUA-Ref-2-10_Form-M02__85550ea9d4a77f73600cbc328ea4c1edf6916e032e2f5c79bf30e97f3db2d478.accreport.html; baseline_sha256=06d5cacd7c5ba9573a57c6d99d3f357ee14a24cff0c138036840fc44c6311806; mutant_sha256=85550ea9d4a77f73600cbc328ea4c1edf6916e032e2f5c79bf30e97f3db2d478; baseline_rules=none; mutant_rules=NONE_REPORTED.,BASELINE_PASS,85550ea9d4a77f73600cbc328ea4c1edf6916e032e2f5c79bf30e97f3db2d478,evidence\acrobat\PDFUA-Ref-2-10_Form-M02__85550ea9d4a77f73600cbc328ea4c1edf6916e032e2f5c79bf30e97f3db2d478.accreport.html
PDFUA-Ref-2-10_Form-M02,PDFUA-Ref-2-10_Form,M02,veraPDF,Formal,Missed,NO_TARGET_DETECTION,No new automated checkpoint matched the intended M02 property. Evidence: baseline report=evidence\verapdf\PDFUA-Ref-2-10_Form__06d5cacd7c5ba9573a57c6d99d3f357ee14a24cff0c138036840fc44c6311806.json; mutant report=evidence\verapdf\PDFUA-Ref-2-10_Form-M02__85550ea9d4a77f73600cbc328ea4c1edf6916e032e2f5c79bf30e97f3db2d478.json; baseline_sha256=06d5cacd7c5ba9573a57c6d99d3f357ee14a24cff0c138036840fc44c6311806; mutant_sha256=85550ea9d4a77f73600cbc328ea4c1edf6916e032e2f5c79bf30e97f3db2d478; baseline_rules=none; mutant_rules=none.,BASELINE_PASS,85550ea9d4a77f73600cbc328ea4c1edf6916e032e2f5c79bf30e97f3db2d478,evidence\verapdf\PDFUA-Ref-2-10_Form-M02__85550ea9d4a77f73600cbc328ea4c1edf6916e032e2f5c79bf30e97f3db2d478.json
PDFUA-Ref-2-10_Form-M08,PDFUA-Ref-2-10_Form,M08,PAC,Formal,Detected,DIRECT_TARGET_DETECTION,New automated checkpoint(s) natural language match the intended M08 property. Evidence: baseline report=evidence\pac\formal\PDFUA-Ref-2-10_Form__06d5cacd7c5ba9573a57c6d99d3f357ee14a24cff0c138036840fc44c6311806.pdf; mutant report=evidence\pac\formal\PDFUA-Ref-2-10_Form-M08__53befb723e3cca79d246644678be0a3a09dae65ff4e514fc56d3fa404cd4ff8a.pdf; baseline_sha256=06d5cacd7c5ba9573a57c6d99d3f357ee14a24cff0c138036840fc44c6311806; mutant_sha256=53befb723e3cca79d246644678be0a3a09dae65ff4e514fc56d3fa404cd4ff8a; baseline_rules=none; mutant_rules=Natural language.,BASELINE_PASS,53befb723e3cca79d246644678be0a3a09dae65ff4e514fc56d3fa404cd4ff8a,evidence\pac\formal\PDFUA-Ref-2-10_Form-M08__53befb723e3cca79d246644678be0a3a09dae65ff4e514fc56d3fa404cd4ff8a.pdf
PDFUA-Ref-2-10_Form-M08,PDFUA-Ref-2-10_Form,M08,PAC,AI,TODO,UNCLASSIFIED,,,53befb723e3cca79d246644678be0a3a09dae65ff4e514fc56d3fa404cd4ff8a,
PDFUA-Ref-2-10_Form-M08,PDFUA-Ref-2-10_Form,M08,Acrobat,Formal,Detected,DIRECT_TARGET_DETECTION,New automated checkpoint(s) primary language match the intended M08 property. Evidence: baseline report=evidence\acrobat\PDFUA-Ref-2-10_Form__06d5cacd7c5ba9573a57c6d99d3f357ee14a24cff0c138036840fc44c6311806.accreport.html; mutant report=evidence\acrobat\PDFUA-Ref-2-10_Form-M08__53befb723e3cca79d246644678be0a3a09dae65ff4e514fc56d3fa404cd4ff8a.accreport.html; baseline_sha256=06d5cacd7c5ba9573a57c6d99d3f357ee14a24cff0c138036840fc44c6311806; mutant_sha256=53befb723e3cca79d246644678be0a3a09dae65ff4e514fc56d3fa404cd4ff8a; baseline_rules=none; mutant_rules=Primary language.,BASELINE_PASS,53befb723e3cca79d246644678be0a3a09dae65ff4e514fc56d3fa404cd4ff8a,evidence\acrobat\PDFUA-Ref-2-10_Form-M08__53befb723e3cca79d246644678be0a3a09dae65ff4e514fc56d3fa404cd4ff8a.accreport.html
PDFUA-Ref-2-10_Form-M08,PDFUA-Ref-2-10_Form,M08,veraPDF,Formal,Detected,DIRECT_TARGET_DETECTION,New automated checkpoint(s) natural language match the intended M08 property. Evidence: baseline report=evidence\verapdf\PDFUA-Ref-2-10_Form__06d5cacd7c5ba9573a57c6d99d3f357ee14a24cff0c138036840fc44c6311806.json; mutant report=evidence\verapdf\PDFUA-Ref-2-10_Form-M08__53befb723e3cca79d246644678be0a3a09dae65ff4e514fc56d3fa404cd4ff8a.json; baseline_sha256=06d5cacd7c5ba9573a57c6d99d3f357ee14a24cff0c138036840fc44c6311806; mutant_sha256=53befb723e3cca79d246644678be0a3a09dae65ff4e514fc56d3fa404cd4ff8a; baseline_rules=none; mutant_rules=7.2.,BASELINE_PASS,53befb723e3cca79d246644678be0a3a09dae65ff4e514fc56d3fa404cd4ff8a,evidence\verapdf\PDFUA-Ref-2-10_Form-M08__53befb723e3cca79d246644678be0a3a09dae65ff4e514fc56d3fa404cd4ff8a.json
