record_id,artifact_id,source_golden,validator,configuration,baseline_status,baseline_run_id,baseline_file_sha256,mutant_file_sha256,delta_state,notes
Acrobat::Full Check::PDFUA-Ref-2-01_Magazine-danish-M01,PDFUA-Ref-2-01_Magazine-danish-M01,PDFUA-Ref-2-01_Magazine-danish,Acrobat,Full Check,BASELINE_PASS,Acrobat::Full Check::PDFUA-Ref-2-01_Magazine-danish,aef89af13c9c94fc4f4e1a8c5872450cc4c8fff7de544d8ada6a0912425aa434,a52e75193364438a1701f76c986fc047ee3e3b98dd691ec662d2c1d380c5d2df,Needs Manual Check,Acrobat emitted the manual checkpoint(s) logical reading order; manual prompts are retained separately and are not automated detections. Evidence: baseline report=evidence\acrobat\PDFUA-Ref-2-01_Magazine-danish__aef89af13c9c94fc4f4e1a8c5872450cc4c8fff7de544d8ada6a0912425aa434.accreport.html; mutant report=evidence\acrobat\PDFUA-Ref-2-01_Magazine-danish-M01__a52e75193364438a1701f76c986fc047ee3e3b98dd691ec662d2c1d380c5d2df.accreport.html; baseline_sha256=aef89af13c9c94fc4f4e1a8c5872450cc4c8fff7de544d8ada6a0912425aa434; mutant_sha256=a52e75193364438a1701f76c986fc047ee3e3b98dd691ec662d2c1d380c5d2df; baseline_rules=none; mutant_rules=MANUAL_CHECK_PROMPTS:2.
Acrobat::Full Check::PDFUA-Ref-2-01_Magazine-danish-M02,PDFUA-Ref-2-01_Magazine-danish-M02,PDFUA-Ref-2-01_Magazine-danish,Acrobat,Full Check,BASELINE_PASS,Acrobat::Full Check::PDFUA-Ref-2-01_Magazine-danish,aef89af13c9c94fc4f4e1a8c5872450cc4c8fff7de544d8ada6a0912425aa434,e8df97191d286d7b52b625d3664034a14374aac4965a0bdd2aa6af57f9876c5f,Missed,No new automated checkpoint matched the intended M02 property. Evidence: baseline report=evidence\acrobat\PDFUA-Ref-2-01_Magazine-danish__aef89af13c9c94fc4f4e1a8c5872450cc4c8fff7de544d8ada6a0912425aa434.accreport.html; mutant report=evidence\acrobat\PDFUA-Ref-2-01_Magazine-danish-M02__e8df97191d286d7b52b625d3664034a14374aac4965a0bdd2aa6af57f9876c5f.accreport.html; baseline_sha256=aef89af13c9c94fc4f4e1a8c5872450cc4c8fff7de544d8ada6a0912425aa434; mutant_sha256=e8df97191d286d7b52b625d3664034a14374aac4965a0bdd2aa6af57f9876c5f; baseline_rules=none; mutant_rules=NONE_REPORTED.
Acrobat::Full Check::PDFUA-Ref-2-01_Magazine-danish-M03,PDFUA-Ref-2-01_Magazine-danish-M03,PDFUA-Ref-2-01_Magazine-danish,Acrobat,Full Check,BASELINE_PASS,Acrobat::Full Check::PDFUA-Ref-2-01_Magazine-danish,aef89af13c9c94fc4f4e1a8c5872450cc4c8fff7de544d8ada6a0912425aa434,f7b9e14f0320211e69643205e92b5c0719008a512cbb0b572b00d5362d011bfb,Detected,New automated checkpoint(s) appropriate nesting match the intended M03 property. Evidence: baseline report=evidence\acrobat\PDFUA-Ref-2-01_Magazine-danish__aef89af13c9c94fc4f4e1a8c5872450cc4c8fff7de544d8ada6a0912425aa434.accreport.html; mutant report=evidence\acrobat\PDFUA-Ref-2-01_Magazine-danish-M03__f7b9e14f0320211e69643205e92b5c0719008a512cbb0b572b00d5362d011bfb.accreport.html; baseline_sha256=aef89af13c9c94fc4f4e1a8c5872450cc4c8fff7de544d8ada6a0912425aa434; mutant_sha256=f7b9e14f0320211e69643205e92b5c0719008a512cbb0b572b00d5362d011bfb; baseline_rules=none; mutant_rules=Appropriate nesting.
Acrobat::Full Check::PDFUA-Ref-2-01_Magazine-danish-M04,PDFUA-Ref-2-01_Magazine-danish-M04,PDFUA-Ref-2-01_Magazine-danish,Acrobat,Full Check,BASELINE_PASS,Acrobat::Full Check::PDFUA-Ref-2-01_Magazine-danish,aef89af13c9c94fc4f4e1a8c5872450cc4c8fff7de544d8ada6a0912425aa434,eb79fabe18daacdee5408ca7bc5a7968f8113c1721ff80830870d5680a639c82,Missed,No new automated checkpoint matched the intended M04 property. Evidence: baseline report=evidence\acrobat\PDFUA-Ref-2-01_Magazine-danish__aef89af13c9c94fc4f4e1a8c5872450cc4c8fff7de544d8ada6a0912425aa434.accreport.html; mutant report=evidence\acrobat\PDFUA-Ref-2-01_Magazine-danish-M04__eb79fabe18daacdee5408ca7bc5a7968f8113c1721ff80830870d5680a639c82.accreport.html; baseline_sha256=aef89af13c9c94fc4f4e1a8c5872450cc4c8fff7de544d8ada6a0912425aa434; mutant_sha256=eb79fabe18daacdee5408ca7bc5a7968f8113c1721ff80830870d5680a639c82; baseline_rules=none; mutant_rules=NONE_REPORTED.
Acrobat::Full Check::PDFUA-Ref-2-01_Magazine-danish-M05,PDFUA-Ref-2-01_Magazine-danish-M05,PDFUA-Ref-2-01_Magazine-danish,Acrobat,Full Check,BASELINE_PASS,Acrobat::Full Check::PDFUA-Ref-2-01_Magazine-danish,aef89af13c9c94fc4f4e1a8c5872450cc4c8fff7de544d8ada6a0912425aa434,5b5f3a85909983e4b44ba0babf92c7e9704757387a94804ef792ca3d3918bb6f,Needs Manual Check,Acrobat emitted the manual checkpoint(s) logical reading order; manual prompts are retained separately and are not automated detections. Evidence: baseline report=evidence\acrobat\PDFUA-Ref-2-01_Magazine-danish__aef89af13c9c94fc4f4e1a8c5872450cc4c8fff7de544d8ada6a0912425aa434.accreport.html; mutant report=evidence\acrobat\PDFUA-Ref-2-01_Magazine-danish-M05__5b5f3a85909983e4b44ba0babf92c7e9704757387a94804ef792ca3d3918bb6f.accreport.html; baseline_sha256=aef89af13c9c94fc4f4e1a8c5872450cc4c8fff7de544d8ada6a0912425aa434; mutant_sha256=5b5f3a85909983e4b44ba0babf92c7e9704757387a94804ef792ca3d3918bb6f; baseline_rules=none; mutant_rules=MANUAL_CHECK_PROMPTS:2.
Acrobat::Full Check::PDFUA-Ref-2-01_Magazine-danish-M06,PDFUA-Ref-2-01_Magazine-danish-M06,PDFUA-Ref-2-01_Magazine-danish,Acrobat,Full Check,BASELINE_PASS,Acrobat::Full Check::PDFUA-Ref-2-01_Magazine-danish,aef89af13c9c94fc4f4e1a8c5872450cc4c8fff7de544d8ada6a0912425aa434,4774ad31d5381502e81bc0e30ee6a92559c51bf4bd3772adcc50b3ca1d671d81,Missed,No new automated checkpoint matched the intended M06 property. Evidence: baseline report=evidence\acrobat\PDFUA-Ref-2-01_Magazine-danish__aef89af13c9c94fc4f4e1a8c5872450cc4c8fff7de544d8ada6a0912425aa434.accreport.html; mutant report=evidence\acrobat\PDFUA-Ref-2-01_Magazine-danish-M06__4774ad31d5381502e81bc0e30ee6a92559c51bf4bd3772adcc50b3ca1d671d81.accreport.html; baseline_sha256=aef89af13c9c94fc4f4e1a8c5872450cc4c8fff7de544d8ada6a0912425aa434; mutant_sha256=4774ad31d5381502e81bc0e30ee6a92559c51bf4bd3772adcc50b3ca1d671d81; baseline_rules=none; mutant_rules=NONE_REPORTED.
Acrobat::Full Check::PDFUA-Ref-2-01_Magazine-danish-M07,PDFUA-Ref-2-01_Magazine-danish-M07,PDFUA-Ref-2-01_Magazine-danish,Acrobat,Full Check,BASELINE_PASS,Acrobat::Full Check::PDFUA-Ref-2-01_Magazine-danish,aef89af13c9c94fc4f4e1a8c5872450cc4c8fff7de544d8ada6a0912425aa434,a45021dfa3ce09f803eac101d0d5bffcd1326662a9a71c028bbd51cbe01a595f,Detected,New automated checkpoint(s) figures alternate text match the intended M07 property. Evidence: baseline report=evidence\acrobat\PDFUA-Ref-2-01_Magazine-danish__aef89af13c9c94fc4f4e1a8c5872450cc4c8fff7de544d8ada6a0912425aa434.accreport.html; mutant report=evidence\acrobat\PDFUA-Ref-2-01_Magazine-danish-M07__a45021dfa3ce09f803eac101d0d5bffcd1326662a9a71c028bbd51cbe01a595f.accreport.html; baseline_sha256=aef89af13c9c94fc4f4e1a8c5872450cc4c8fff7de544d8ada6a0912425aa434; mutant_sha256=a45021dfa3ce09f803eac101d0d5bffcd1326662a9a71c028bbd51cbe01a595f; baseline_rules=none; mutant_rules=Figures alternate text.
Acrobat::Full Check::PDFUA-Ref-2-01_Magazine-danish-M08,PDFUA-Ref-2-01_Magazine-danish-M08,PDFUA-Ref-2-01_Magazine-danish,Acrobat,Full Check,BASELINE_PASS,Acrobat::Full Check::PDFUA-Ref-2-01_Magazine-danish,aef89af13c9c94fc4f4e1a8c5872450cc4c8fff7de544d8ada6a0912425aa434,798d1807493ecbed375ba1a175bb6d19f6d51dfe508c6df88df7ec3f8e1d6061,Detected,New automated checkpoint(s) primary language match the intended M08 property. Evidence: baseline report=evidence\acrobat\PDFUA-Ref-2-01_Magazine-danish__aef89af13c9c94fc4f4e1a8c5872450cc4c8fff7de544d8ada6a0912425aa434.accreport.html; mutant report=evidence\acrobat\PDFUA-Ref-2-01_Magazine-danish-M08__798d1807493ecbed375ba1a175bb6d19f6d51dfe508c6df88df7ec3f8e1d6061.accreport.html; baseline_sha256=aef89af13c9c94fc4f4e1a8c5872450cc4c8fff7de544d8ada6a0912425aa434; mutant_sha256=798d1807493ecbed375ba1a175bb6d19f6d51dfe508c6df88df7ec3f8e1d6061; baseline_rules=none; mutant_rules=Primary language.
Acrobat::Full Check::PDFUA-Ref-2-01_Magazine-danish-M09,PDFUA-Ref-2-01_Magazine-danish-M09,PDFUA-Ref-2-01_Magazine-danish,Acrobat,Full Check,BASELINE_PASS,Acrobat::Full Check::PDFUA-Ref-2-01_Magazine-danish,aef89af13c9c94fc4f4e1a8c5872450cc4c8fff7de544d8ada6a0912425aa434,3ef299495b93ea1d1fd50ba38ec265412abb6e1d7e147918d50ec9afcc36662b,Missed,No new automated checkpoint matched the intended M09 property. Evidence: baseline report=evidence\acrobat\PDFUA-Ref-2-01_Magazine-danish__aef89af13c9c94fc4f4e1a8c5872450cc4c8fff7de544d8ada6a0912425aa434.accreport.html; mutant report=evidence\acrobat\PDFUA-Ref-2-01_Magazine-danish-M09__3ef299495b93ea1d1fd50ba38ec265412abb6e1d7e147918d50ec9afcc36662b.accreport.html; baseline_sha256=aef89af13c9c94fc4f4e1a8c5872450cc4c8fff7de544d8ada6a0912425aa434; mutant_sha256=3ef299495b93ea1d1fd50ba38ec265412abb6e1d7e147918d50ec9afcc36662b; baseline_rules=none; mutant_rules=NONE_REPORTED.
Acrobat::Full Check::PDFUA-Ref-2-02_Invoice-M01,PDFUA-Ref-2-02_Invoice-M01,PDFUA-Ref-2-02_Invoice,Acrobat,Full Check,BASELINE_PASS,Acrobat::Full Check::PDFUA-Ref-2-02_Invoice,fbae08464f192f532205833215505b78266e86df6283d9b0c439cb06927ce0b9,3ceee5c96667c0fab812443c3d82abdb1bfefa908c3a3d037276ec3153c3d199,REQUIRES_CLASSIFICATION,parsed_acrobat_html;automated_failure_count=0;automated_failure_names=;manual_check_count=2;manual_check_names=Logical Reading Order|Color contrast;skipped_count=1;skipped_names=Summary;passed_manually_count=0;failed_manually_count=0;unknown_status_count=0;manual_check_descriptions=Logical Reading Order: Document structure provides a logical reading order|Color contrast: Document has appropriate color contrast;skipped_descriptions=Summary: Tables must have a summary;parsed_acrobat_html;automated_failure_count=0;automated_failure_names=;manual_check_count=2;manual_check_names=Logical Reading Order|Color contrast;skipped_count=1;skipped_names=Summary;passed_manually_count=0;failed_manually_count=0;unknown_status_count=0;manual_check_descriptions=Logical Reading Order: Document structure provides a logical reading order|Color contrast: Document has appropriate color contrast;skipped_descriptions=Summary: Tables must have a summary;parsed_acrobat_html;automated_failure_count=0;automated_failure_names=;manual_check_count=2;manual_check_names=Logical Reading Order|Color contrast;skipped_count=1;skipped_names=Summary;passed_manually_count=0;failed_manually_count=0;unknown_status_count=0;manual_check_descriptions=Logical Reading Order: Document structure provides a logical reading order|Color contrast: Document has appropriate color contrast;skipped_descriptions=Summary: Tables must have a summary;parsed_acrobat_html;automated_failure_count=0;automated_failure_names=;manual_check_count=2;manual_check_names=Logical Reading Order|Color contrast;skipped_count=1;skipped_names=Summary;passed_manually_count=0;failed_manually_count=0;unknown_status_count=0;manual_check_descriptions=Logical Reading Order: Document structure provides a logical reading order|Color contrast: Document has appropriate color contrast;skipped_descriptions=Summary: Tables must have a summary;parsed_acrobat_html;automated_failure_count=0;automated_failure_names=;manual_check_count=2;manual_check_names=Logical Reading Order|Color contrast;skipped_count=1;skipped_names=Summary;passed_manually_count=0;failed_manually_count=0;unknown_status_count=0;manual_check_descriptions=Logical Reading Order: Document structure provides a logical reading order|Color contrast: Document has appropriate color contrast;skipped_descriptions=Summary: Tables must have a summary;parsed_acrobat_html;automated_failure_count=0;automated_failure_names=;manual_check_count=2;manual_check_names=Logical Reading Order|Color contrast;skipped_count=1;skipped_names=Summary;passed_manually_count=0;failed_manually_count=0;unknown_status_count=0;manual_check_descriptions=Logical Reading Order: Document structure provides a logical reading order|Color contrast: Document has appropriate color contrast;skipped_descriptions=Summary: Tables must have a summary;parsed_acrobat_html;automated_failure_count=0;automated_failure_names=;manual_check_count=2;manual_check_names=Logical Reading Order|Color contrast;skipped_count=1;skipped_names=Summary;passed_manually_count=0;failed_manually_count=0;unknown_status_count=0;manual_check_descriptions=Logical Reading Order: Document structure provides a logical reading order|Color contrast: Document has appropriate color contrast;skipped_descriptions=Summary: Tables must have a summary;parsed_acrobat_html;automated_failure_count=0;automated_failure_names=;manual_check_count=2;manual_check_names=Logical Reading Order|Color contrast;skipped_count=1;skipped_names=Summary;passed_manually_count=0;failed_manually_count=0;unknown_status_count=0;manual_check_descriptions=Logical Reading Order: Document structure provides a logical reading order|Color contrast: Document has appropriate color contrast;skipped_descriptions=Summary: Tables must have a summary;parsed_acrobat_html;automated_failure_count=0;automated_failure_names=;manual_check_count=2;manual_check_names=Logical Reading Order|Color contrast;skipped_count=1;skipped_names=Summary;passed_manually_count=0;failed_manually_count=0;unknown_status_count=0;manual_check_descriptions=Logical Reading Order: Document structure provides a logical reading order|Color contrast: Document has appropriate color contrast;skipped_descriptions=Summary: Tables must have a summary;formal_classification=Needs Manual Check
Acrobat::Full Check::PDFUA-Ref-2-02_Invoice-M02,PDFUA-Ref-2-02_Invoice-M02,PDFUA-Ref-2-02_Invoice,Acrobat,Full Check,BASELINE_PASS,Acrobat::Full Check::PDFUA-Ref-2-02_Invoice,fbae08464f192f532205833215505b78266e86df6283d9b0c439cb06927ce0b9,462607fdecfb53a1cfdf57d060f6f2ef467370ae7d39213b258398a1777120fd,Missed,No new automated checkpoint matched the intended M02 property. Evidence: baseline report=evidence\acrobat\PDFUA-Ref-2-02_Invoice__fbae08464f192f532205833215505b78266e86df6283d9b0c439cb06927ce0b9.accreport.html; mutant report=evidence\acrobat\PDFUA-Ref-2-02_Invoice-M02__462607fdecfb53a1cfdf57d060f6f2ef467370ae7d39213b258398a1777120fd.accreport.html; baseline_sha256=fbae08464f192f532205833215505b78266e86df6283d9b0c439cb06927ce0b9; mutant_sha256=462607fdecfb53a1cfdf57d060f6f2ef467370ae7d39213b258398a1777120fd; baseline_rules=none; mutant_rules=NONE_REPORTED.
Acrobat::Full Check::PDFUA-Ref-2-02_Invoice-M03,PDFUA-Ref-2-02_Invoice-M03,PDFUA-Ref-2-02_Invoice,Acrobat,Full Check,BASELINE_PASS,Acrobat::Full Check::PDFUA-Ref-2-02_Invoice,fbae08464f192f532205833215505b78266e86df6283d9b0c439cb06927ce0b9,7887ebfcc438c907ca1981ad33769f3ebee0831b86c8f18ba672a682e45e0323,Detected,New automated checkpoint(s) appropriate nesting match the intended M03 property. Evidence: baseline report=evidence\acrobat\PDFUA-Ref-2-02_Invoice__fbae08464f192f532205833215505b78266e86df6283d9b0c439cb06927ce0b9.accreport.html; mutant report=evidence\acrobat\PDFUA-Ref-2-02_Invoice-M03__7887ebfcc438c907ca1981ad33769f3ebee0831b86c8f18ba672a682e45e0323.accreport.html; baseline_sha256=fbae08464f192f532205833215505b78266e86df6283d9b0c439cb06927ce0b9; mutant_sha256=7887ebfcc438c907ca1981ad33769f3ebee0831b86c8f18ba672a682e45e0323; baseline_rules=none; mutant_rules=Appropriate nesting.
Acrobat::Full Check::PDFUA-Ref-2-02_Invoice-M04,PDFUA-Ref-2-02_Invoice-M04,PDFUA-Ref-2-02_Invoice,Acrobat,Full Check,BASELINE_PASS,Acrobat::Full Check::PDFUA-Ref-2-02_Invoice,fbae08464f192f532205833215505b78266e86df6283d9b0c439cb06927ce0b9,c831396c411f0e67e1fa9eea43cf7e8f741b9f99c69cbdd9f0ce3c17dcab2514,Missed,No new automated checkpoint matched the intended M04 property. Evidence: baseline report=evidence\acrobat\PDFUA-Ref-2-02_Invoice__fbae08464f192f532205833215505b78266e86df6283d9b0c439cb06927ce0b9.accreport.html; mutant report=evidence\acrobat\PDFUA-Ref-2-02_Invoice-M04__c831396c411f0e67e1fa9eea43cf7e8f741b9f99c69cbdd9f0ce3c17dcab2514.accreport.html; baseline_sha256=fbae08464f192f532205833215505b78266e86df6283d9b0c439cb06927ce0b9; mutant_sha256=c831396c411f0e67e1fa9eea43cf7e8f741b9f99c69cbdd9f0ce3c17dcab2514; baseline_rules=none; mutant_rules=NONE_REPORTED.
Acrobat::Full Check::PDFUA-Ref-2-02_Invoice-M07,PDFUA-Ref-2-02_Invoice-M07,PDFUA-Ref-2-02_Invoice,Acrobat,Full Check,BASELINE_PASS,Acrobat::Full Check::PDFUA-Ref-2-02_Invoice,fbae08464f192f532205833215505b78266e86df6283d9b0c439cb06927ce0b9,14e04ae7cadc509f5b6479aff17be9cf6d79e68524801d8aa9a27e49ea348506,Detected,New automated checkpoint(s) figures alternate text match the intended M07 property. Evidence: baseline report=evidence\acrobat\PDFUA-Ref-2-02_Invoice__fbae08464f192f532205833215505b78266e86df6283d9b0c439cb06927ce0b9.accreport.html; mutant report=evidence\acrobat\PDFUA-Ref-2-02_Invoice-M07__14e04ae7cadc509f5b6479aff17be9cf6d79e68524801d8aa9a27e49ea348506.accreport.html; baseline_sha256=fbae08464f192f532205833215505b78266e86df6283d9b0c439cb06927ce0b9; mutant_sha256=14e04ae7cadc509f5b6479aff17be9cf6d79e68524801d8aa9a27e49ea348506; baseline_rules=none; mutant_rules=Figures alternate text.
Acrobat::Full Check::PDFUA-Ref-2-02_Invoice-M08,PDFUA-Ref-2-02_Invoice-M08,PDFUA-Ref-2-02_Invoice,Acrobat,Full Check,BASELINE_PASS,Acrobat::Full Check::PDFUA-Ref-2-02_Invoice,fbae08464f192f532205833215505b78266e86df6283d9b0c439cb06927ce0b9,4fa45b60c80cb404e90b60c4eb2e273acfc22555afdab15b8b1684d09b4f33df,Detected,New automated checkpoint(s) primary language match the intended M08 property. Evidence: baseline report=evidence\acrobat\PDFUA-Ref-2-02_Invoice__fbae08464f192f532205833215505b78266e86df6283d9b0c439cb06927ce0b9.accreport.html; mutant report=evidence\acrobat\PDFUA-Ref-2-02_Invoice-M08__4fa45b60c80cb404e90b60c4eb2e273acfc22555afdab15b8b1684d09b4f33df.accreport.html; baseline_sha256=fbae08464f192f532205833215505b78266e86df6283d9b0c439cb06927ce0b9; mutant_sha256=4fa45b60c80cb404e90b60c4eb2e273acfc22555afdab15b8b1684d09b4f33df; baseline_rules=none; mutant_rules=Primary language.
Acrobat::Full Check::PDFUA-Ref-2-02_Invoice-M10,PDFUA-Ref-2-02_Invoice-M10,PDFUA-Ref-2-02_Invoice,Acrobat,Full Check,BASELINE_PASS,Acrobat::Full Check::PDFUA-Ref-2-02_Invoice,fbae08464f192f532205833215505b78266e86df6283d9b0c439cb06927ce0b9,a4e6177f2fba056f3364f7ac88c2907effa97ee177584a1c46c4aeeca5f31c48,Missed,No new automated checkpoint matched the intended M10 property. Evidence: baseline report=evidence\acrobat\PDFUA-Ref-2-02_Invoice__fbae08464f192f532205833215505b78266e86df6283d9b0c439cb06927ce0b9.accreport.html; mutant report=evidence\acrobat\PDFUA-Ref-2-02_Invoice-M10__a4e6177f2fba056f3364f7ac88c2907effa97ee177584a1c46c4aeeca5f31c48.accreport.html; baseline_sha256=fbae08464f192f532205833215505b78266e86df6283d9b0c439cb06927ce0b9; mutant_sha256=a4e6177f2fba056f3364f7ac88c2907effa97ee177584a1c46c4aeeca5f31c48; baseline_rules=none; mutant_rules=NONE_REPORTED.
Acrobat::Full Check::PDFUA-Ref-2-03_AcademicAbstract-M01,PDFUA-Ref-2-03_AcademicAbstract-M01,PDFUA-Ref-2-03_AcademicAbstract,Acrobat,Full Check,BASELINE_PASS,Acrobat::Full Check::PDFUA-Ref-2-03_AcademicAbstract,e61257d371261867926eb006f8895569a95fcfbcb93fca3be04b8b9187cb93a0,3e2fe0a15cd8758f335e91aef7bb50a2b45f2e003448723f106d803a55ce788f,Needs Manual Check,Acrobat emitted the manual checkpoint(s) logical reading order; manual prompts are retained separately and are not automated detections. Evidence: baseline report=evidence\acrobat\PDFUA-Ref-2-03_AcademicAbstract__e61257d371261867926eb006f8895569a95fcfbcb93fca3be04b8b9187cb93a0.accreport.html; mutant report=evidence\acrobat\PDFUA-Ref-2-03_AcademicAbstract-M01__3e2fe0a15cd8758f335e91aef7bb50a2b45f2e003448723f106d803a55ce788f.accreport.html; baseline_sha256=e61257d371261867926eb006f8895569a95fcfbcb93fca3be04b8b9187cb93a0; mutant_sha256=3e2fe0a15cd8758f335e91aef7bb50a2b45f2e003448723f106d803a55ce788f; baseline_rules=none; mutant_rules=MANUAL_CHECK_PROMPTS:2.
Acrobat::Full Check::PDFUA-Ref-2-03_AcademicAbstract-M02,PDFUA-Ref-2-03_AcademicAbstract-M02,PDFUA-Ref-2-03_AcademicAbstract,Acrobat,Full Check,BASELINE_PASS,Acrobat::Full Check::PDFUA-Ref-2-03_AcademicAbstract,e61257d371261867926eb006f8895569a95fcfbcb93fca3be04b8b9187cb93a0,16aed0e5075a817106227b70904ceee8d8c2f771c2a83fc933e07e4a561ba5f1,Missed,No new automated checkpoint matched the intended M02 property. Evidence: baseline report=evidence\acrobat\PDFUA-Ref-2-03_AcademicAbstract__e61257d371261867926eb006f8895569a95fcfbcb93fca3be04b8b9187cb93a0.accreport.html; mutant report=evidence\acrobat\PDFUA-Ref-2-03_AcademicAbstract-M02__16aed0e5075a817106227b70904ceee8d8c2f771c2a83fc933e07e4a561ba5f1.accreport.html; baseline_sha256=e61257d371261867926eb006f8895569a95fcfbcb93fca3be04b8b9187cb93a0; mutant_sha256=16aed0e5075a817106227b70904ceee8d8c2f771c2a83fc933e07e4a561ba5f1; baseline_rules=none; mutant_rules=NONE_REPORTED.
Acrobat::Full Check::PDFUA-Ref-2-03_AcademicAbstract-M03,PDFUA-Ref-2-03_AcademicAbstract-M03,PDFUA-Ref-2-03_AcademicAbstract,Acrobat,Full Check,BASELINE_PASS,Acrobat::Full Check::PDFUA-Ref-2-03_AcademicAbstract,e61257d371261867926eb006f8895569a95fcfbcb93fca3be04b8b9187cb93a0,fcc8533b325c9a1a1675c46ec0856649fa02feea531e4aba4492a12a41e1a571,Detected,New automated checkpoint(s) appropriate nesting match the intended M03 property. Evidence: baseline report=evidence\acrobat\PDFUA-Ref-2-03_AcademicAbstract__e61257d371261867926eb006f8895569a95fcfbcb93fca3be04b8b9187cb93a0.accreport.html; mutant report=evidence\acrobat\PDFUA-Ref-2-03_AcademicAbstract-M03__fcc8533b325c9a1a1675c46ec0856649fa02feea531e4aba4492a12a41e1a571.accreport.html; baseline_sha256=e61257d371261867926eb006f8895569a95fcfbcb93fca3be04b8b9187cb93a0; mutant_sha256=fcc8533b325c9a1a1675c46ec0856649fa02feea531e4aba4492a12a41e1a571; baseline_rules=none; mutant_rules=Appropriate nesting.
Acrobat::Full Check::PDFUA-Ref-2-03_AcademicAbstract-M04,PDFUA-Ref-2-03_AcademicAbstract-M04,PDFUA-Ref-2-03_AcademicAbstract,Acrobat,Full Check,BASELINE_PASS,Acrobat::Full Check::PDFUA-Ref-2-03_AcademicAbstract,e61257d371261867926eb006f8895569a95fcfbcb93fca3be04b8b9187cb93a0,aa1b231accabf87602fa064972332501785b16ce8de42ade4ccb57463f5281ec,Missed,No new automated checkpoint matched the intended M04 property. Evidence: baseline report=evidence\acrobat\PDFUA-Ref-2-03_AcademicAbstract__e61257d371261867926eb006f8895569a95fcfbcb93fca3be04b8b9187cb93a0.accreport.html; mutant report=evidence\acrobat\PDFUA-Ref-2-03_AcademicAbstract-M04__aa1b231accabf87602fa064972332501785b16ce8de42ade4ccb57463f5281ec.accreport.html; baseline_sha256=e61257d371261867926eb006f8895569a95fcfbcb93fca3be04b8b9187cb93a0; mutant_sha256=aa1b231accabf87602fa064972332501785b16ce8de42ade4ccb57463f5281ec; baseline_rules=none; mutant_rules=NONE_REPORTED.
Acrobat::Full Check::PDFUA-Ref-2-03_AcademicAbstract-M05,PDFUA-Ref-2-03_AcademicAbstract-M05,PDFUA-Ref-2-03_AcademicAbstract,Acrobat,Full Check,BASELINE_PASS,Acrobat::Full Check::PDFUA-Ref-2-03_AcademicAbstract,e61257d371261867926eb006f8895569a95fcfbcb93fca3be04b8b9187cb93a0,ee82308195b4488f8c6e01bc8e4ba469df760c122c766ff84fc3425302d6f528,Needs Manual Check,Acrobat emitted the manual checkpoint(s) logical reading order; manual prompts are retained separately and are not automated detections. Evidence: baseline report=evidence\acrobat\PDFUA-Ref-2-03_AcademicAbstract__e61257d371261867926eb006f8895569a95fcfbcb93fca3be04b8b9187cb93a0.accreport.html; mutant report=evidence\acrobat\PDFUA-Ref-2-03_AcademicAbstract-M05__ee82308195b4488f8c6e01bc8e4ba469df760c122c766ff84fc3425302d6f528.accreport.html; baseline_sha256=e61257d371261867926eb006f8895569a95fcfbcb93fca3be04b8b9187cb93a0; mutant_sha256=ee82308195b4488f8c6e01bc8e4ba469df760c122c766ff84fc3425302d6f528; baseline_rules=none; mutant_rules=MANUAL_CHECK_PROMPTS:2.
Acrobat::Full Check::PDFUA-Ref-2-03_AcademicAbstract-M06,PDFUA-Ref-2-03_AcademicAbstract-M06,PDFUA-Ref-2-03_AcademicAbstract,Acrobat,Full Check,BASELINE_PASS,Acrobat::Full Check::PDFUA-Ref-2-03_AcademicAbstract,e61257d371261867926eb006f8895569a95fcfbcb93fca3be04b8b9187cb93a0,ca37553b2d45198cd26b168a6c9eb41f248cd4f9179118b991fc47917a443afb,Missed,No new automated checkpoint matched the intended M06 property. Evidence: baseline report=evidence\acrobat\PDFUA-Ref-2-03_AcademicAbstract__e61257d371261867926eb006f8895569a95fcfbcb93fca3be04b8b9187cb93a0.accreport.html; mutant report=evidence\acrobat\PDFUA-Ref-2-03_AcademicAbstract-M06__ca37553b2d45198cd26b168a6c9eb41f248cd4f9179118b991fc47917a443afb.accreport.html; baseline_sha256=e61257d371261867926eb006f8895569a95fcfbcb93fca3be04b8b9187cb93a0; mutant_sha256=ca37553b2d45198cd26b168a6c9eb41f248cd4f9179118b991fc47917a443afb; baseline_rules=none; mutant_rules=NONE_REPORTED.
Acrobat::Full Check::PDFUA-Ref-2-03_AcademicAbstract-M08,PDFUA-Ref-2-03_AcademicAbstract-M08,PDFUA-Ref-2-03_AcademicAbstract,Acrobat,Full Check,BASELINE_PASS,Acrobat::Full Check::PDFUA-Ref-2-03_AcademicAbstract,e61257d371261867926eb006f8895569a95fcfbcb93fca3be04b8b9187cb93a0,381ec9f9fe1f7ef256d3f2ed7e5e405bb9802b17bb64d762f572bc6d313af091,Detected,New automated checkpoint(s) primary language match the intended M08 property. Evidence: baseline report=evidence\acrobat\PDFUA-Ref-2-03_AcademicAbstract__e61257d371261867926eb006f8895569a95fcfbcb93fca3be04b8b9187cb93a0.accreport.html; mutant report=evidence\acrobat\PDFUA-Ref-2-03_AcademicAbstract-M08__381ec9f9fe1f7ef256d3f2ed7e5e405bb9802b17bb64d762f572bc6d313af091.accreport.html; baseline_sha256=e61257d371261867926eb006f8895569a95fcfbcb93fca3be04b8b9187cb93a0; mutant_sha256=381ec9f9fe1f7ef256d3f2ed7e5e405bb9802b17bb64d762f572bc6d313af091; baseline_rules=none; mutant_rules=Primary language.
Acrobat::Full Check::PDFUA-Ref-2-03_AcademicAbstract-M09,PDFUA-Ref-2-03_AcademicAbstract-M09,PDFUA-Ref-2-03_AcademicAbstract,Acrobat,Full Check,BASELINE_PASS,Acrobat::Full Check::PDFUA-Ref-2-03_AcademicAbstract,e61257d371261867926eb006f8895569a95fcfbcb93fca3be04b8b9187cb93a0,bc813f8eae1f314ebeae764f55bb8208f3aca35c146e2c6e7335fba657dca32a,REQUIRES_CLASSIFICATION,parsed_acrobat_html;automated_failure_count=0;automated_failure_names=;manual_check_count=2;manual_check_names=Logical Reading Order|Color contrast;skipped_count=1;skipped_names=Summary;passed_manually_count=0;failed_manually_count=0;unknown_status_count=0;manual_check_descriptions=Logical Reading Order: Document structure provides a logical reading order|Color contrast: Document has appropriate color contrast;skipped_descriptions=Summary: Tables must have a summary;parsed_acrobat_html;automated_failure_count=0;automated_failure_names=;manual_check_count=2;manual_check_names=Logical Reading Order|Color contrast;skipped_count=1;skipped_names=Summary;passed_manually_count=0;failed_manually_count=0;unknown_status_count=0;manual_check_descriptions=Logical Reading Order: Document structure provides a logical reading order|Color contrast: Document has appropriate color contrast;skipped_descriptions=Summary: Tables must have a summary;parsed_acrobat_html;automated_failure_count=0;automated_failure_names=;manual_check_count=2;manual_check_names=Logical Reading Order|Color contrast;skipped_count=1;skipped_names=Summary;passed_manually_count=0;failed_manually_count=0;unknown_status_count=0;manual_check_descriptions=Logical Reading Order: Document structure provides a logical reading order|Color contrast: Document has appropriate color contrast;skipped_descriptions=Summary: Tables must have a summary;parsed_acrobat_html;automated_failure_count=0;automated_failure_names=;manual_check_count=2;manual_check_names=Logical Reading Order|Color contrast;skipped_count=1;skipped_names=Summary;passed_manually_count=0;failed_manually_count=0;unknown_status_count=0;manual_check_descriptions=Logical Reading Order: Document structure provides a logical reading order|Color contrast: Document has appropriate color contrast;skipped_descriptions=Summary: Tables must have a summary;parsed_acrobat_html;automated_failure_count=0;automated_failure_names=;manual_check_count=2;manual_check_names=Logical Reading Order|Color contrast;skipped_count=1;skipped_names=Summary;passed_manually_count=0;failed_manually_count=0;unknown_status_count=0;manual_check_descriptions=Logical Reading Order: Document structure provides a logical reading order|Color contrast: Document has appropriate color contrast;skipped_descriptions=Summary: Tables must have a summary;parsed_acrobat_html;automated_failure_count=0;automated_failure_names=;manual_check_count=2;manual_check_names=Logical Reading Order|Color contrast;skipped_count=1;skipped_names=Summary;passed_manually_count=0;failed_manually_count=0;unknown_status_count=0;manual_check_descriptions=Logical Reading Order: Document structure provides a logical reading order|Color contrast: Document has appropriate color contrast;skipped_descriptions=Summary: Tables must have a summary;parsed_acrobat_html;automated_failure_count=0;automated_failure_names=;manual_check_count=2;manual_check_names=Logical Reading Order|Color contrast;skipped_count=1;skipped_names=Summary;passed_manually_count=0;failed_manually_count=0;unknown_status_count=0;manual_check_descriptions=Logical Reading Order: Document structure provides a logical reading order|Color contrast: Document has appropriate color contrast;skipped_descriptions=Summary: Tables must have a summary;parsed_acrobat_html;automated_failure_count=0;automated_failure_names=;manual_check_count=2;manual_check_names=Logical Reading Order|Color contrast;skipped_count=1;skipped_names=Summary;passed_manually_count=0;failed_manually_count=0;unknown_status_count=0;manual_check_descriptions=Logical Reading Order: Document structure provides a logical reading order|Color contrast: Document has appropriate color contrast;skipped_descriptions=Summary: Tables must have a summary;parsed_acrobat_html;automated_failure_count=0;automated_failure_names=;manual_check_count=2;manual_check_names=Logical Reading Order|Color contrast;skipped_count=1;skipped_names=Summary;passed_manually_count=0;failed_manually_count=0;unknown_status_count=0;manual_check_descriptions=Logical Reading Order: Document structure provides a logical reading order|Color contrast: Document has appropriate color contrast;skipped_descriptions=Summary: Tables must have a summary;formal_classification=Missed
Acrobat::Full Check::PDFUA-Ref-2-04_Presentation-M01,PDFUA-Ref-2-04_Presentation-M01,PDFUA-Ref-2-04_Presentation,Acrobat,Full Check,BASELINE_PASS,Acrobat::Full Check::PDFUA-Ref-2-04_Presentation,90acb829ca8bfa037796592539d15010e9099d1cd2622aac1fce7d9fd3ae7575,1e4ccf771ae704a24d184020cdac9bd43d0a9bdb6ab88e04b7893d040d642c9c,Needs Manual Check,Acrobat emitted the manual checkpoint(s) logical reading order; manual prompts are retained separately and are not automated detections. Evidence: baseline report=evidence\acrobat\PDFUA-Ref-2-04_Presentation__90acb829ca8bfa037796592539d15010e9099d1cd2622aac1fce7d9fd3ae7575.accreport.html; mutant report=evidence\acrobat\PDFUA-Ref-2-04_Presentation-M01__1e4ccf771ae704a24d184020cdac9bd43d0a9bdb6ab88e04b7893d040d642c9c.accreport.html; baseline_sha256=90acb829ca8bfa037796592539d15010e9099d1cd2622aac1fce7d9fd3ae7575; mutant_sha256=1e4ccf771ae704a24d184020cdac9bd43d0a9bdb6ab88e04b7893d040d642c9c; baseline_rules=none; mutant_rules=MANUAL_CHECK_PROMPTS:2.
Acrobat::Full Check::PDFUA-Ref-2-04_Presentation-M02,PDFUA-Ref-2-04_Presentation-M02,PDFUA-Ref-2-04_Presentation,Acrobat,Full Check,BASELINE_PASS,Acrobat::Full Check::PDFUA-Ref-2-04_Presentation,90acb829ca8bfa037796592539d15010e9099d1cd2622aac1fce7d9fd3ae7575,e85501fb90d221c574cae80f0cab8f7db33b2a21c9b89e7f2de4167b4dd87880,Missed,No new automated checkpoint matched the intended M02 property. Evidence: baseline report=evidence\acrobat\PDFUA-Ref-2-04_Presentation__90acb829ca8bfa037796592539d15010e9099d1cd2622aac1fce7d9fd3ae7575.accreport.html; mutant report=evidence\acrobat\PDFUA-Ref-2-04_Presentation-M02__e85501fb90d221c574cae80f0cab8f7db33b2a21c9b89e7f2de4167b4dd87880.accreport.html; baseline_sha256=90acb829ca8bfa037796592539d15010e9099d1cd2622aac1fce7d9fd3ae7575; mutant_sha256=e85501fb90d221c574cae80f0cab8f7db33b2a21c9b89e7f2de4167b4dd87880; baseline_rules=none; mutant_rules=NONE_REPORTED.
Acrobat::Full Check::PDFUA-Ref-2-04_Presentation-M03,PDFUA-Ref-2-04_Presentation-M03,PDFUA-Ref-2-04_Presentation,Acrobat,Full Check,BASELINE_PASS,Acrobat::Full Check::PDFUA-Ref-2-04_Presentation,90acb829ca8bfa037796592539d15010e9099d1cd2622aac1fce7d9fd3ae7575,23612f2c7708412a2bcfc9ba1023d8712c0db74be6f6752d7b04bb54b23913b7,Detected,New automated checkpoint(s) appropriate nesting match the intended M03 property. Evidence: baseline report=evidence\acrobat\PDFUA-Ref-2-04_Presentation__90acb829ca8bfa037796592539d15010e9099d1cd2622aac1fce7d9fd3ae7575.accreport.html; mutant report=evidence\acrobat\PDFUA-Ref-2-04_Presentation-M03__23612f2c7708412a2bcfc9ba1023d8712c0db74be6f6752d7b04bb54b23913b7.accreport.html; baseline_sha256=90acb829ca8bfa037796592539d15010e9099d1cd2622aac1fce7d9fd3ae7575; mutant_sha256=23612f2c7708412a2bcfc9ba1023d8712c0db74be6f6752d7b04bb54b23913b7; baseline_rules=none; mutant_rules=Appropriate nesting.
Acrobat::Full Check::PDFUA-Ref-2-04_Presentation-M04,PDFUA-Ref-2-04_Presentation-M04,PDFUA-Ref-2-04_Presentation,Acrobat,Full Check,BASELINE_PASS,Acrobat::Full Check::PDFUA-Ref-2-04_Presentation,90acb829ca8bfa037796592539d15010e9099d1cd2622aac1fce7d9fd3ae7575,d54e7cdfa78b6be17e9234803de1e88ece27cba0282e244b0f0abfdd992487cd,Missed,No new automated checkpoint matched the intended M04 property. Evidence: baseline report=evidence\acrobat\PDFUA-Ref-2-04_Presentation__90acb829ca8bfa037796592539d15010e9099d1cd2622aac1fce7d9fd3ae7575.accreport.html; mutant report=evidence\acrobat\PDFUA-Ref-2-04_Presentation-M04__d54e7cdfa78b6be17e9234803de1e88ece27cba0282e244b0f0abfdd992487cd.accreport.html; baseline_sha256=90acb829ca8bfa037796592539d15010e9099d1cd2622aac1fce7d9fd3ae7575; mutant_sha256=d54e7cdfa78b6be17e9234803de1e88ece27cba0282e244b0f0abfdd992487cd; baseline_rules=none; mutant_rules=NONE_REPORTED.
Acrobat::Full Check::PDFUA-Ref-2-04_Presentation-M05,PDFUA-Ref-2-04_Presentation-M05,PDFUA-Ref-2-04_Presentation,Acrobat,Full Check,BASELINE_PASS,Acrobat::Full Check::PDFUA-Ref-2-04_Presentation,90acb829ca8bfa037796592539d15010e9099d1cd2622aac1fce7d9fd3ae7575,5d72a6c172200b5c5bf50850d45e535a9ed8454edfec1b2714a6c72159995d5c,Needs Manual Check,Acrobat emitted the manual checkpoint(s) logical reading order; manual prompts are retained separately and are not automated detections. Evidence: baseline report=evidence\acrobat\PDFUA-Ref-2-04_Presentation__90acb829ca8bfa037796592539d15010e9099d1cd2622aac1fce7d9fd3ae7575.accreport.html; mutant report=evidence\acrobat\PDFUA-Ref-2-04_Presentation-M05__5d72a6c172200b5c5bf50850d45e535a9ed8454edfec1b2714a6c72159995d5c.accreport.html; baseline_sha256=90acb829ca8bfa037796592539d15010e9099d1cd2622aac1fce7d9fd3ae7575; mutant_sha256=5d72a6c172200b5c5bf50850d45e535a9ed8454edfec1b2714a6c72159995d5c; baseline_rules=none; mutant_rules=MANUAL_CHECK_PROMPTS:2.
Acrobat::Full Check::PDFUA-Ref-2-04_Presentation-M06,PDFUA-Ref-2-04_Presentation-M06,PDFUA-Ref-2-04_Presentation,Acrobat,Full Check,BASELINE_PASS,Acrobat::Full Check::PDFUA-Ref-2-04_Presentation,90acb829ca8bfa037796592539d15010e9099d1cd2622aac1fce7d9fd3ae7575,56a2b7314c6bb652499bd6ed6a070925d4a76b840d9a06a4377b055a02d37da4,Missed,No new automated checkpoint matched the intended M06 property. Evidence: baseline report=evidence\acrobat\PDFUA-Ref-2-04_Presentation__90acb829ca8bfa037796592539d15010e9099d1cd2622aac1fce7d9fd3ae7575.accreport.html; mutant report=evidence\acrobat\PDFUA-Ref-2-04_Presentation-M06__56a2b7314c6bb652499bd6ed6a070925d4a76b840d9a06a4377b055a02d37da4.accreport.html; baseline_sha256=90acb829ca8bfa037796592539d15010e9099d1cd2622aac1fce7d9fd3ae7575; mutant_sha256=56a2b7314c6bb652499bd6ed6a070925d4a76b840d9a06a4377b055a02d37da4; baseline_rules=none; mutant_rules=NONE_REPORTED.
Acrobat::Full Check::PDFUA-Ref-2-04_Presentation-M07,PDFUA-Ref-2-04_Presentation-M07,PDFUA-Ref-2-04_Presentation,Acrobat,Full Check,BASELINE_PASS,Acrobat::Full Check::PDFUA-Ref-2-04_Presentation,90acb829ca8bfa037796592539d15010e9099d1cd2622aac1fce7d9fd3ae7575,09d414160bdb30b7d9aa23413647b6ba38f434340f1d3f0d3164a1d37d5d3088,Detected,New automated checkpoint(s) figures alternate text match the intended M07 property. Evidence: baseline report=evidence\acrobat\PDFUA-Ref-2-04_Presentation__90acb829ca8bfa037796592539d15010e9099d1cd2622aac1fce7d9fd3ae7575.accreport.html; mutant report=evidence\acrobat\PDFUA-Ref-2-04_Presentation-M07__09d414160bdb30b7d9aa23413647b6ba38f434340f1d3f0d3164a1d37d5d3088.accreport.html; baseline_sha256=90acb829ca8bfa037796592539d15010e9099d1cd2622aac1fce7d9fd3ae7575; mutant_sha256=09d414160bdb30b7d9aa23413647b6ba38f434340f1d3f0d3164a1d37d5d3088; baseline_rules=none; mutant_rules=Figures alternate text.
Acrobat::Full Check::PDFUA-Ref-2-04_Presentation-M08,PDFUA-Ref-2-04_Presentation-M08,PDFUA-Ref-2-04_Presentation,Acrobat,Full Check,BASELINE_PASS,Acrobat::Full Check::PDFUA-Ref-2-04_Presentation,90acb829ca8bfa037796592539d15010e9099d1cd2622aac1fce7d9fd3ae7575,72f5f8517793703f0eb2affec0285f5bfb13a062e91810ef96c17a766aa81539,Detected,New automated checkpoint(s) primary language match the intended M08 property. Evidence: baseline report=evidence\acrobat\PDFUA-Ref-2-04_Presentation__90acb829ca8bfa037796592539d15010e9099d1cd2622aac1fce7d9fd3ae7575.accreport.html; mutant report=evidence\acrobat\PDFUA-Ref-2-04_Presentation-M08__72f5f8517793703f0eb2affec0285f5bfb13a062e91810ef96c17a766aa81539.accreport.html; baseline_sha256=90acb829ca8bfa037796592539d15010e9099d1cd2622aac1fce7d9fd3ae7575; mutant_sha256=72f5f8517793703f0eb2affec0285f5bfb13a062e91810ef96c17a766aa81539; baseline_rules=none; mutant_rules=Primary language.
Acrobat::Full Check::PDFUA-Ref-2-04_Presentation-M09,PDFUA-Ref-2-04_Presentation-M09,PDFUA-Ref-2-04_Presentation,Acrobat,Full Check,BASELINE_PASS,Acrobat::Full Check::PDFUA-Ref-2-04_Presentation,90acb829ca8bfa037796592539d15010e9099d1cd2622aac1fce7d9fd3ae7575,d9603ca680cfdcaf22033828f12e55e1d26f825bcbdfaf7dd0a29798ea61de3a,Missed,No new automated checkpoint matched the intended M09 property. Evidence: baseline report=evidence\acrobat\PDFUA-Ref-2-04_Presentation__90acb829ca8bfa037796592539d15010e9099d1cd2622aac1fce7d9fd3ae7575.accreport.html; mutant report=evidence\acrobat\PDFUA-Ref-2-04_Presentation-M09__d9603ca680cfdcaf22033828f12e55e1d26f825bcbdfaf7dd0a29798ea61de3a.accreport.html; baseline_sha256=90acb829ca8bfa037796592539d15010e9099d1cd2622aac1fce7d9fd3ae7575; mutant_sha256=d9603ca680cfdcaf22033828f12e55e1d26f825bcbdfaf7dd0a29798ea61de3a; baseline_rules=none; mutant_rules=NONE_REPORTED.
Acrobat::Full Check::PDFUA-Ref-2-05_BookChapter-german-M01,PDFUA-Ref-2-05_BookChapter-german-M01,PDFUA-Ref-2-05_BookChapter-german,Acrobat,Full Check,BASELINE_FAIL,Acrobat::Full Check::PDFUA-Ref-2-05_BookChapter-german,fc525b8899da31779b6143c16053779cd560d4417018a901472de33c71252352,f3455e42a1e7610054506c9ece9cfbef949f888e93294fce9eae762222be6078,Needs Manual Check,Acrobat emitted the manual checkpoint(s) logical reading order; manual prompts are retained separately and are not automated detections. G05's pre-existing Lbl and LBody failure is baseline context; only new operator-specific failures are considered. Evidence: baseline report=evidence\acrobat\PDFUA-Ref-2-05_BookChapter-german__fc525b8899da31779b6143c16053779cd560d4417018a901472de33c71252352.accreport.html; mutant report=evidence\acrobat\PDFUA-Ref-2-05_BookChapter-german-M01__f3455e42a1e7610054506c9ece9cfbef949f888e93294fce9eae762222be6078.accreport.html; baseline_sha256=fc525b8899da31779b6143c16053779cd560d4417018a901472de33c71252352; mutant_sha256=f3455e42a1e7610054506c9ece9cfbef949f888e93294fce9eae762222be6078; baseline_rules=Lbl and LBody; mutant_rules=Lbl and LBody.
Acrobat::Full Check::PDFUA-Ref-2-05_BookChapter-german-M02,PDFUA-Ref-2-05_BookChapter-german-M02,PDFUA-Ref-2-05_BookChapter-german,Acrobat,Full Check,BASELINE_FAIL,Acrobat::Full Check::PDFUA-Ref-2-05_BookChapter-german,fc525b8899da31779b6143c16053779cd560d4417018a901472de33c71252352,5b806fd39c6559c0416737eb3cc131c05f5071f0b1d758af0fecca9b315070af,Missed,No new automated checkpoint matched the intended M02 property. G05's pre-existing Lbl and LBody failure is baseline context; only new operator-specific failures are considered. Evidence: baseline report=evidence\acrobat\PDFUA-Ref-2-05_BookChapter-german__fc525b8899da31779b6143c16053779cd560d4417018a901472de33c71252352.accreport.html; mutant report=evidence\acrobat\PDFUA-Ref-2-05_BookChapter-german-M02__5b806fd39c6559c0416737eb3cc131c05f5071f0b1d758af0fecca9b315070af.accreport.html; baseline_sha256=fc525b8899da31779b6143c16053779cd560d4417018a901472de33c71252352; mutant_sha256=5b806fd39c6559c0416737eb3cc131c05f5071f0b1d758af0fecca9b315070af; baseline_rules=Lbl and LBody; mutant_rules=NONE_REPORTED.
Acrobat::Full Check::PDFUA-Ref-2-05_BookChapter-german-M03,PDFUA-Ref-2-05_BookChapter-german-M03,PDFUA-Ref-2-05_BookChapter-german,Acrobat,Full Check,BASELINE_FAIL,Acrobat::Full Check::PDFUA-Ref-2-05_BookChapter-german,fc525b8899da31779b6143c16053779cd560d4417018a901472de33c71252352,08a17db95cf262351a8e2a6464edaec73836e71fd34b0db112bdec9676930e75,Detected,New automated checkpoint(s) appropriate nesting match the intended M03 property. G05's pre-existing Lbl and LBody failure is baseline context; only new operator-specific failures are considered. Evidence: baseline report=evidence\acrobat\PDFUA-Ref-2-05_BookChapter-german__fc525b8899da31779b6143c16053779cd560d4417018a901472de33c71252352.accreport.html; mutant report=evidence\acrobat\PDFUA-Ref-2-05_BookChapter-german-M03__08a17db95cf262351a8e2a6464edaec73836e71fd34b0db112bdec9676930e75.accreport.html; baseline_sha256=fc525b8899da31779b6143c16053779cd560d4417018a901472de33c71252352; mutant_sha256=08a17db95cf262351a8e2a6464edaec73836e71fd34b0db112bdec9676930e75; baseline_rules=Lbl and LBody; mutant_rules=Lbl and LBody;Appropriate nesting.
Acrobat::Full Check::PDFUA-Ref-2-05_BookChapter-german-M04,PDFUA-Ref-2-05_BookChapter-german-M04,PDFUA-Ref-2-05_BookChapter-german,Acrobat,Full Check,BASELINE_FAIL,Acrobat::Full Check::PDFUA-Ref-2-05_BookChapter-german,fc525b8899da31779b6143c16053779cd560d4417018a901472de33c71252352,668b5c55c85237169484722c15354e8d353179f8b9fc9e96a2a6f83a13c71250,Missed,No new automated checkpoint matched the intended M04 property. G05's pre-existing Lbl and LBody failure is baseline context; only new operator-specific failures are considered. Evidence: baseline report=evidence\acrobat\PDFUA-Ref-2-05_BookChapter-german__fc525b8899da31779b6143c16053779cd560d4417018a901472de33c71252352.accreport.html; mutant report=evidence\acrobat\PDFUA-Ref-2-05_BookChapter-german-M04__668b5c55c85237169484722c15354e8d353179f8b9fc9e96a2a6f83a13c71250.accreport.html; baseline_sha256=fc525b8899da31779b6143c16053779cd560d4417018a901472de33c71252352; mutant_sha256=668b5c55c85237169484722c15354e8d353179f8b9fc9e96a2a6f83a13c71250; baseline_rules=Lbl and LBody; mutant_rules=Lbl and LBody.
Acrobat::Full Check::PDFUA-Ref-2-05_BookChapter-german-M05,PDFUA-Ref-2-05_BookChapter-german-M05,PDFUA-Ref-2-05_BookChapter-german,Acrobat,Full Check,BASELINE_FAIL,Acrobat::Full Check::PDFUA-Ref-2-05_BookChapter-german,fc525b8899da31779b6143c16053779cd560d4417018a901472de33c71252352,b7a688694201ed24e8dda1fcf6290c752e42d1ab1d074fc0c8f9d29c0dcad216,Needs Manual Check,Acrobat emitted the manual checkpoint(s) logical reading order; manual prompts are retained separately and are not automated detections. G05's pre-existing Lbl and LBody failure is baseline context; only new operator-specific failures are considered. Evidence: baseline report=evidence\acrobat\PDFUA-Ref-2-05_BookChapter-german__fc525b8899da31779b6143c16053779cd560d4417018a901472de33c71252352.accreport.html; mutant report=evidence\acrobat\PDFUA-Ref-2-05_BookChapter-german-M05__b7a688694201ed24e8dda1fcf6290c752e42d1ab1d074fc0c8f9d29c0dcad216.accreport.html; baseline_sha256=fc525b8899da31779b6143c16053779cd560d4417018a901472de33c71252352; mutant_sha256=b7a688694201ed24e8dda1fcf6290c752e42d1ab1d074fc0c8f9d29c0dcad216; baseline_rules=Lbl and LBody; mutant_rules=Lbl and LBody.
Acrobat::Full Check::PDFUA-Ref-2-05_BookChapter-german-M06,PDFUA-Ref-2-05_BookChapter-german-M06,PDFUA-Ref-2-05_BookChapter-german,Acrobat,Full Check,BASELINE_FAIL,Acrobat::Full Check::PDFUA-Ref-2-05_BookChapter-german,fc525b8899da31779b6143c16053779cd560d4417018a901472de33c71252352,823c2b5ddc120128c9e6eb07963de30f15be94f72a40d781b698af48fb5833a6,Missed,No new automated checkpoint matched the intended M06 property. G05's pre-existing Lbl and LBody failure is baseline context; only new operator-specific failures are considered. Evidence: baseline report=evidence\acrobat\PDFUA-Ref-2-05_BookChapter-german__fc525b8899da31779b6143c16053779cd560d4417018a901472de33c71252352.accreport.html; mutant report=evidence\acrobat\PDFUA-Ref-2-05_BookChapter-german-M06__823c2b5ddc120128c9e6eb07963de30f15be94f72a40d781b698af48fb5833a6.accreport.html; baseline_sha256=fc525b8899da31779b6143c16053779cd560d4417018a901472de33c71252352; mutant_sha256=823c2b5ddc120128c9e6eb07963de30f15be94f72a40d781b698af48fb5833a6; baseline_rules=Lbl and LBody; mutant_rules=Lbl and LBody.
Acrobat::Full Check::PDFUA-Ref-2-05_BookChapter-german-M07,PDFUA-Ref-2-05_BookChapter-german-M07,PDFUA-Ref-2-05_BookChapter-german,Acrobat,Full Check,BASELINE_FAIL,Acrobat::Full Check::PDFUA-Ref-2-05_BookChapter-german,fc525b8899da31779b6143c16053779cd560d4417018a901472de33c71252352,be8cb7f6aca4a81ecb01654b816f6ae0f5cf8f5daa45ebf5468925fcf7ab9742,Detected,New automated checkpoint(s) figures alternate text match the intended M07 property. G05's pre-existing Lbl and LBody failure is baseline context; only new operator-specific failures are considered. Evidence: baseline report=evidence\acrobat\PDFUA-Ref-2-05_BookChapter-german__fc525b8899da31779b6143c16053779cd560d4417018a901472de33c71252352.accreport.html; mutant report=evidence\acrobat\PDFUA-Ref-2-05_BookChapter-german-M07__be8cb7f6aca4a81ecb01654b816f6ae0f5cf8f5daa45ebf5468925fcf7ab9742.accreport.html; baseline_sha256=fc525b8899da31779b6143c16053779cd560d4417018a901472de33c71252352; mutant_sha256=be8cb7f6aca4a81ecb01654b816f6ae0f5cf8f5daa45ebf5468925fcf7ab9742; baseline_rules=Lbl and LBody; mutant_rules=Figures alternate text;Lbl and LBody.
Acrobat::Full Check::PDFUA-Ref-2-05_BookChapter-german-M08,PDFUA-Ref-2-05_BookChapter-german-M08,PDFUA-Ref-2-05_BookChapter-german,Acrobat,Full Check,BASELINE_FAIL,Acrobat::Full Check::PDFUA-Ref-2-05_BookChapter-german,fc525b8899da31779b6143c16053779cd560d4417018a901472de33c71252352,01ada38b1d9dc17882581a3ae080fa771f7a3ed2d3affbff49473ff510719fdd,Detected,New automated checkpoint(s) primary language match the intended M08 property. G05's pre-existing Lbl and LBody failure is baseline context; only new operator-specific failures are considered. Evidence: baseline report=evidence\acrobat\PDFUA-Ref-2-05_BookChapter-german__fc525b8899da31779b6143c16053779cd560d4417018a901472de33c71252352.accreport.html; mutant report=evidence\acrobat\PDFUA-Ref-2-05_BookChapter-german-M08__01ada38b1d9dc17882581a3ae080fa771f7a3ed2d3affbff49473ff510719fdd.accreport.html; baseline_sha256=fc525b8899da31779b6143c16053779cd560d4417018a901472de33c71252352; mutant_sha256=01ada38b1d9dc17882581a3ae080fa771f7a3ed2d3affbff49473ff510719fdd; baseline_rules=Lbl and LBody; mutant_rules=Primary language;Lbl and LBody.
Acrobat::Full Check::PDFUA-Ref-2-05_BookChapter-german-M09,PDFUA-Ref-2-05_BookChapter-german-M09,PDFUA-Ref-2-05_BookChapter-german,Acrobat,Full Check,BASELINE_FAIL,Acrobat::Full Check::PDFUA-Ref-2-05_BookChapter-german,fc525b8899da31779b6143c16053779cd560d4417018a901472de33c71252352,0ceaf48c6cf200ecab12a36c5bc30bb019911102fe2f2c7bc94508c87f43333f,Missed,No new automated checkpoint matched the intended M09 property. G05's pre-existing Lbl and LBody failure is baseline context; only new operator-specific failures are considered. Evidence: baseline report=evidence\acrobat\PDFUA-Ref-2-05_BookChapter-german__fc525b8899da31779b6143c16053779cd560d4417018a901472de33c71252352.accreport.html; mutant report=evidence\acrobat\PDFUA-Ref-2-05_BookChapter-german-M09__0ceaf48c6cf200ecab12a36c5bc30bb019911102fe2f2c7bc94508c87f43333f.accreport.html; baseline_sha256=fc525b8899da31779b6143c16053779cd560d4417018a901472de33c71252352; mutant_sha256=0ceaf48c6cf200ecab12a36c5bc30bb019911102fe2f2c7bc94508c87f43333f; baseline_rules=Lbl and LBody; mutant_rules=Lbl and LBody.
Acrobat::Full Check::PDFUA-Ref-2-05_BookChapter-german-M10,PDFUA-Ref-2-05_BookChapter-german-M10,PDFUA-Ref-2-05_BookChapter-german,Acrobat,Full Check,BASELINE_FAIL,Acrobat::Full Check::PDFUA-Ref-2-05_BookChapter-german,fc525b8899da31779b6143c16053779cd560d4417018a901472de33c71252352,4dcdbc2dd191cbca8b848640ec29c68cd21d74dedbbcacdb21e76112bb1d3f9c,Detected,"New Acrobat Headers failure satisfies the M10 direct-consequence proxy fixed before final adjudication: the hash-linked manifest verifies the sole semantic change is /TH to /P under the same table row, with target content, non-target structure, page content, and rendering preserved. G05's pre-existing Lbl and LBody failure is baseline context; only new operator-specific failures are considered. Evidence: baseline report=evidence\acrobat\PDFUA-Ref-2-05_BookChapter-german__fc525b8899da31779b6143c16053779cd560d4417018a901472de33c71252352.accreport.html; mutant report=evidence\acrobat\PDFUA-Ref-2-05_BookChapter-german-M10__4dcdbc2dd191cbca8b848640ec29c68cd21d74dedbbcacdb21e76112bb1d3f9c.accreport.html; baseline_sha256=fc525b8899da31779b6143c16053779cd560d4417018a901472de33c71252352; mutant_sha256=4dcdbc2dd191cbca8b848640ec29c68cd21d74dedbbcacdb21e76112bb1d3f9c; baseline_rules=Lbl and LBody; mutant_rules=Headers;Lbl and LBody."
Acrobat::Full Check::PDFUA-Ref-2-06_Brochure-M01,PDFUA-Ref-2-06_Brochure-M01,PDFUA-Ref-2-06_Brochure,Acrobat,Full Check,BASELINE_PASS,Acrobat::Full Check::PDFUA-Ref-2-06_Brochure,aefd5ab48a908b9996ffadcb14d8ff31a2c653657cbe011a46f4cf61396a589e,a1a94935bccdbaad7b39c045e9c627fb5deacc3f7fd7fa80c8c77cd6c02acf0a,Needs Manual Check,Acrobat emitted the manual checkpoint(s) logical reading order; manual prompts are retained separately and are not automated detections. Evidence: baseline report=evidence\acrobat\PDFUA-Ref-2-06_Brochure__aefd5ab48a908b9996ffadcb14d8ff31a2c653657cbe011a46f4cf61396a589e.accreport.html; mutant report=evidence\acrobat\PDFUA-Ref-2-06_Brochure-M01__a1a94935bccdbaad7b39c045e9c627fb5deacc3f7fd7fa80c8c77cd6c02acf0a.accreport.html; baseline_sha256=aefd5ab48a908b9996ffadcb14d8ff31a2c653657cbe011a46f4cf61396a589e; mutant_sha256=a1a94935bccdbaad7b39c045e9c627fb5deacc3f7fd7fa80c8c77cd6c02acf0a; baseline_rules=none; mutant_rules=MANUAL_CHECK_PROMPTS:2.
Acrobat::Full Check::PDFUA-Ref-2-06_Brochure-M02,PDFUA-Ref-2-06_Brochure-M02,PDFUA-Ref-2-06_Brochure,Acrobat,Full Check,BASELINE_PASS,Acrobat::Full Check::PDFUA-Ref-2-06_Brochure,aefd5ab48a908b9996ffadcb14d8ff31a2c653657cbe011a46f4cf61396a589e,6a7c6c4b28369d6bc3ab0f091ff69a08665fe3b8d8398a7fa59ac5bab1cef360,Missed,No new automated checkpoint matched the intended M02 property. Evidence: baseline report=evidence\acrobat\PDFUA-Ref-2-06_Brochure__aefd5ab48a908b9996ffadcb14d8ff31a2c653657cbe011a46f4cf61396a589e.accreport.html; mutant report=evidence\acrobat\PDFUA-Ref-2-06_Brochure-M02__6a7c6c4b28369d6bc3ab0f091ff69a08665fe3b8d8398a7fa59ac5bab1cef360.accreport.html; baseline_sha256=aefd5ab48a908b9996ffadcb14d8ff31a2c653657cbe011a46f4cf61396a589e; mutant_sha256=6a7c6c4b28369d6bc3ab0f091ff69a08665fe3b8d8398a7fa59ac5bab1cef360; baseline_rules=none; mutant_rules=NONE_REPORTED.
Acrobat::Full Check::PDFUA-Ref-2-06_Brochure-M03,PDFUA-Ref-2-06_Brochure-M03,PDFUA-Ref-2-06_Brochure,Acrobat,Full Check,BASELINE_PASS,Acrobat::Full Check::PDFUA-Ref-2-06_Brochure,aefd5ab48a908b9996ffadcb14d8ff31a2c653657cbe011a46f4cf61396a589e,ed0e82b1eecd666930ccb41d3c75cc0a8703cc39d76b6ab87e15b1f70fd5935f,Detected,New automated checkpoint(s) appropriate nesting match the intended M03 property. Evidence: baseline report=evidence\acrobat\PDFUA-Ref-2-06_Brochure__aefd5ab48a908b9996ffadcb14d8ff31a2c653657cbe011a46f4cf61396a589e.accreport.html; mutant report=evidence\acrobat\PDFUA-Ref-2-06_Brochure-M03__ed0e82b1eecd666930ccb41d3c75cc0a8703cc39d76b6ab87e15b1f70fd5935f.accreport.html; baseline_sha256=aefd5ab48a908b9996ffadcb14d8ff31a2c653657cbe011a46f4cf61396a589e; mutant_sha256=ed0e82b1eecd666930ccb41d3c75cc0a8703cc39d76b6ab87e15b1f70fd5935f; baseline_rules=none; mutant_rules=Appropriate nesting.
Acrobat::Full Check::PDFUA-Ref-2-06_Brochure-M04,PDFUA-Ref-2-06_Brochure-M04,PDFUA-Ref-2-06_Brochure,Acrobat,Full Check,BASELINE_PASS,Acrobat::Full Check::PDFUA-Ref-2-06_Brochure,aefd5ab48a908b9996ffadcb14d8ff31a2c653657cbe011a46f4cf61396a589e,12c8c27582c8ca949f0f95dc11371ef2a8c3a3a6a72bed7e8b82ff9aa74a049d,Missed,No new automated checkpoint matched the intended M04 property. Evidence: baseline report=evidence\acrobat\PDFUA-Ref-2-06_Brochure__aefd5ab48a908b9996ffadcb14d8ff31a2c653657cbe011a46f4cf61396a589e.accreport.html; mutant report=evidence\acrobat\PDFUA-Ref-2-06_Brochure-M04__12c8c27582c8ca949f0f95dc11371ef2a8c3a3a6a72bed7e8b82ff9aa74a049d.accreport.html; baseline_sha256=aefd5ab48a908b9996ffadcb14d8ff31a2c653657cbe011a46f4cf61396a589e; mutant_sha256=12c8c27582c8ca949f0f95dc11371ef2a8c3a3a6a72bed7e8b82ff9aa74a049d; baseline_rules=none; mutant_rules=NONE_REPORTED.
Acrobat::Full Check::PDFUA-Ref-2-06_Brochure-M05,PDFUA-Ref-2-06_Brochure-M05,PDFUA-Ref-2-06_Brochure,Acrobat,Full Check,BASELINE_PASS,Acrobat::Full Check::PDFUA-Ref-2-06_Brochure,aefd5ab48a908b9996ffadcb14d8ff31a2c653657cbe011a46f4cf61396a589e,692c7fddc91d6d6899dc1f9e820e2851a6cbeaa9694f0841b53445b15b8e3012,Needs Manual Check,Acrobat emitted the manual checkpoint(s) logical reading order; manual prompts are retained separately and are not automated detections. Evidence: baseline report=evidence\acrobat\PDFUA-Ref-2-06_Brochure__aefd5ab48a908b9996ffadcb14d8ff31a2c653657cbe011a46f4cf61396a589e.accreport.html; mutant report=evidence\acrobat\PDFUA-Ref-2-06_Brochure-M05__692c7fddc91d6d6899dc1f9e820e2851a6cbeaa9694f0841b53445b15b8e3012.accreport.html; baseline_sha256=aefd5ab48a908b9996ffadcb14d8ff31a2c653657cbe011a46f4cf61396a589e; mutant_sha256=692c7fddc91d6d6899dc1f9e820e2851a6cbeaa9694f0841b53445b15b8e3012; baseline_rules=none; mutant_rules=MANUAL_CHECK_PROMPTS:2.
Acrobat::Full Check::PDFUA-Ref-2-06_Brochure-M06,PDFUA-Ref-2-06_Brochure-M06,PDFUA-Ref-2-06_Brochure,Acrobat,Full Check,BASELINE_PASS,Acrobat::Full Check::PDFUA-Ref-2-06_Brochure,aefd5ab48a908b9996ffadcb14d8ff31a2c653657cbe011a46f4cf61396a589e,a8629a74e71648776b2bb71606a7de30f1cbea3ffa60417d0bc936fabdb3c382,Missed,No new automated checkpoint matched the intended M06 property. Evidence: baseline report=evidence\acrobat\PDFUA-Ref-2-06_Brochure__aefd5ab48a908b9996ffadcb14d8ff31a2c653657cbe011a46f4cf61396a589e.accreport.html; mutant report=evidence\acrobat\PDFUA-Ref-2-06_Brochure-M06__a8629a74e71648776b2bb71606a7de30f1cbea3ffa60417d0bc936fabdb3c382.accreport.html; baseline_sha256=aefd5ab48a908b9996ffadcb14d8ff31a2c653657cbe011a46f4cf61396a589e; mutant_sha256=a8629a74e71648776b2bb71606a7de30f1cbea3ffa60417d0bc936fabdb3c382; baseline_rules=none; mutant_rules=NONE_REPORTED.
Acrobat::Full Check::PDFUA-Ref-2-06_Brochure-M07,PDFUA-Ref-2-06_Brochure-M07,PDFUA-Ref-2-06_Brochure,Acrobat,Full Check,BASELINE_PASS,Acrobat::Full Check::PDFUA-Ref-2-06_Brochure,aefd5ab48a908b9996ffadcb14d8ff31a2c653657cbe011a46f4cf61396a589e,7aed010a1cad015f6b9de4498a855cccc6599be37fe85e0ecdbddaef1d9af3dd,Detected,New automated checkpoint(s) figures alternate text match the intended M07 property. Evidence: baseline report=evidence\acrobat\PDFUA-Ref-2-06_Brochure__aefd5ab48a908b9996ffadcb14d8ff31a2c653657cbe011a46f4cf61396a589e.accreport.html; mutant report=evidence\acrobat\PDFUA-Ref-2-06_Brochure-M07__7aed010a1cad015f6b9de4498a855cccc6599be37fe85e0ecdbddaef1d9af3dd.accreport.html; baseline_sha256=aefd5ab48a908b9996ffadcb14d8ff31a2c653657cbe011a46f4cf61396a589e; mutant_sha256=7aed010a1cad015f6b9de4498a855cccc6599be37fe85e0ecdbddaef1d9af3dd; baseline_rules=none; mutant_rules=Figures alternate text.
Acrobat::Full Check::PDFUA-Ref-2-06_Brochure-M08,PDFUA-Ref-2-06_Brochure-M08,PDFUA-Ref-2-06_Brochure,Acrobat,Full Check,BASELINE_PASS,Acrobat::Full Check::PDFUA-Ref-2-06_Brochure,aefd5ab48a908b9996ffadcb14d8ff31a2c653657cbe011a46f4cf61396a589e,fa090d7a7a195eca6b885da4e9b0884b162b73a3b015be189fc41173738c2996,Detected,New automated checkpoint(s) primary language match the intended M08 property. Evidence: baseline report=evidence\acrobat\PDFUA-Ref-2-06_Brochure__aefd5ab48a908b9996ffadcb14d8ff31a2c653657cbe011a46f4cf61396a589e.accreport.html; mutant report=evidence\acrobat\PDFUA-Ref-2-06_Brochure-M08__fa090d7a7a195eca6b885da4e9b0884b162b73a3b015be189fc41173738c2996.accreport.html; baseline_sha256=aefd5ab48a908b9996ffadcb14d8ff31a2c653657cbe011a46f4cf61396a589e; mutant_sha256=fa090d7a7a195eca6b885da4e9b0884b162b73a3b015be189fc41173738c2996; baseline_rules=none; mutant_rules=Primary language.
Acrobat::Full Check::PDFUA-Ref-2-06_Brochure-M09,PDFUA-Ref-2-06_Brochure-M09,PDFUA-Ref-2-06_Brochure,Acrobat,Full Check,BASELINE_PASS,Acrobat::Full Check::PDFUA-Ref-2-06_Brochure,aefd5ab48a908b9996ffadcb14d8ff31a2c653657cbe011a46f4cf61396a589e,2ede20fc76f497164df67574e7616dd4d38b7348de5b96418f630cca7982c5bf,REQUIRES_CLASSIFICATION,parsed_acrobat_html;automated_failure_count=0;automated_failure_names=;manual_check_count=2;manual_check_names=Logical Reading Order|Color contrast;skipped_count=1;skipped_names=Summary;passed_manually_count=0;failed_manually_count=0;unknown_status_count=0;manual_check_descriptions=Logical Reading Order: Document structure provides a logical reading order|Color contrast: Document has appropriate color contrast;skipped_descriptions=Summary: Tables must have a summary;parsed_acrobat_html;automated_failure_count=0;automated_failure_names=;manual_check_count=2;manual_check_names=Logical Reading Order|Color contrast;skipped_count=1;skipped_names=Summary;passed_manually_count=0;failed_manually_count=0;unknown_status_count=0;manual_check_descriptions=Logical Reading Order: Document structure provides a logical reading order|Color contrast: Document has appropriate color contrast;skipped_descriptions=Summary: Tables must have a summary;parsed_acrobat_html;automated_failure_count=0;automated_failure_names=;manual_check_count=2;manual_check_names=Logical Reading Order|Color contrast;skipped_count=1;skipped_names=Summary;passed_manually_count=0;failed_manually_count=0;unknown_status_count=0;manual_check_descriptions=Logical Reading Order: Document structure provides a logical reading order|Color contrast: Document has appropriate color contrast;skipped_descriptions=Summary: Tables must have a summary;parsed_acrobat_html;automated_failure_count=0;automated_failure_names=;manual_check_count=2;manual_check_names=Logical Reading Order|Color contrast;skipped_count=1;skipped_names=Summary;passed_manually_count=0;failed_manually_count=0;unknown_status_count=0;manual_check_descriptions=Logical Reading Order: Document structure provides a logical reading order|Color contrast: Document has appropriate color contrast;skipped_descriptions=Summary: Tables must have a summary;parsed_acrobat_html;automated_failure_count=0;automated_failure_names=;manual_check_count=2;manual_check_names=Logical Reading Order|Color contrast;skipped_count=1;skipped_names=Summary;passed_manually_count=0;failed_manually_count=0;unknown_status_count=0;manual_check_descriptions=Logical Reading Order: Document structure provides a logical reading order|Color contrast: Document has appropriate color contrast;skipped_descriptions=Summary: Tables must have a summary;parsed_acrobat_html;automated_failure_count=0;automated_failure_names=;manual_check_count=2;manual_check_names=Logical Reading Order|Color contrast;skipped_count=1;skipped_names=Summary;passed_manually_count=0;failed_manually_count=0;unknown_status_count=0;manual_check_descriptions=Logical Reading Order: Document structure provides a logical reading order|Color contrast: Document has appropriate color contrast;skipped_descriptions=Summary: Tables must have a summary;parsed_acrobat_html;automated_failure_count=0;automated_failure_names=;manual_check_count=2;manual_check_names=Logical Reading Order|Color contrast;skipped_count=1;skipped_names=Summary;passed_manually_count=0;failed_manually_count=0;unknown_status_count=0;manual_check_descriptions=Logical Reading Order: Document structure provides a logical reading order|Color contrast: Document has appropriate color contrast;skipped_descriptions=Summary: Tables must have a summary;parsed_acrobat_html;automated_failure_count=0;automated_failure_names=;manual_check_count=2;manual_check_names=Logical Reading Order|Color contrast;skipped_count=1;skipped_names=Summary;passed_manually_count=0;failed_manually_count=0;unknown_status_count=0;manual_check_descriptions=Logical Reading Order: Document structure provides a logical reading order|Color contrast: Document has appropriate color contrast;skipped_descriptions=Summary: Tables must have a summary;parsed_acrobat_html;automated_failure_count=0;automated_failure_names=;manual_check_count=2;manual_check_names=Logical Reading Order|Color contrast;skipped_count=1;skipped_names=Summary;passed_manually_count=0;failed_manually_count=0;unknown_status_count=0;manual_check_descriptions=Logical Reading Order: Document structure provides a logical reading order|Color contrast: Document has appropriate color contrast;skipped_descriptions=Summary: Tables must have a summary;formal_classification=Missed
Acrobat::Full Check::PDFUA-Ref-2-08_BookChapter-M01,PDFUA-Ref-2-08_BookChapter-M01,PDFUA-Ref-2-08_BookChapter,Acrobat,Full Check,BASELINE_PASS,Acrobat::Full Check::PDFUA-Ref-2-08_BookChapter,2b958600daec79373736f413f2712fcd9c604de2c352cbc1ec9d67cc5d7932f1,f5fdd674ca53247a75d32f520d656f24f8e97e864466f9a72ca8e62487f63178,Needs Manual Check,Acrobat emitted the manual checkpoint(s) logical reading order; manual prompts are retained separately and are not automated detections. Evidence: baseline report=evidence\acrobat\PDFUA-Ref-2-08_BookChapter__2b958600daec79373736f413f2712fcd9c604de2c352cbc1ec9d67cc5d7932f1.accreport.html; mutant report=evidence\acrobat\PDFUA-Ref-2-08_BookChapter-M01__f5fdd674ca53247a75d32f520d656f24f8e97e864466f9a72ca8e62487f63178.accreport.html; baseline_sha256=2b958600daec79373736f413f2712fcd9c604de2c352cbc1ec9d67cc5d7932f1; mutant_sha256=f5fdd674ca53247a75d32f520d656f24f8e97e864466f9a72ca8e62487f63178; baseline_rules=none; mutant_rules=Appropriate nesting.
Acrobat::Full Check::PDFUA-Ref-2-08_BookChapter-M02,PDFUA-Ref-2-08_BookChapter-M02,PDFUA-Ref-2-08_BookChapter,Acrobat,Full Check,BASELINE_PASS,Acrobat::Full Check::PDFUA-Ref-2-08_BookChapter,2b958600daec79373736f413f2712fcd9c604de2c352cbc1ec9d67cc5d7932f1,820bea08c3a5eed724bb8d1e65d9e9733c1ca47a0e003ae477aea7cce81725e4,Missed,No new automated checkpoint matched the intended M02 property; unrelated/collateral new finding(s) Appropriate nesting are not counted. Evidence: baseline report=evidence\acrobat\PDFUA-Ref-2-08_BookChapter__2b958600daec79373736f413f2712fcd9c604de2c352cbc1ec9d67cc5d7932f1.accreport.html; mutant report=evidence\acrobat\PDFUA-Ref-2-08_BookChapter-M02__820bea08c3a5eed724bb8d1e65d9e9733c1ca47a0e003ae477aea7cce81725e4.accreport.html; baseline_sha256=2b958600daec79373736f413f2712fcd9c604de2c352cbc1ec9d67cc5d7932f1; mutant_sha256=820bea08c3a5eed724bb8d1e65d9e9733c1ca47a0e003ae477aea7cce81725e4; baseline_rules=none; mutant_rules=Appropriate nesting.
Acrobat::Full Check::PDFUA-Ref-2-08_BookChapter-M03,PDFUA-Ref-2-08_BookChapter-M03,PDFUA-Ref-2-08_BookChapter,Acrobat,Full Check,BASELINE_PASS,Acrobat::Full Check::PDFUA-Ref-2-08_BookChapter,2b958600daec79373736f413f2712fcd9c604de2c352cbc1ec9d67cc5d7932f1,2907d533740ae0bea18da032ef36cea8ec48e3bf026dcf8b61439b86b931ed27,Detected,New automated checkpoint(s) appropriate nesting match the intended M03 property. Evidence: baseline report=evidence\acrobat\PDFUA-Ref-2-08_BookChapter__2b958600daec79373736f413f2712fcd9c604de2c352cbc1ec9d67cc5d7932f1.accreport.html; mutant report=evidence\acrobat\PDFUA-Ref-2-08_BookChapter-M03__2907d533740ae0bea18da032ef36cea8ec48e3bf026dcf8b61439b86b931ed27.accreport.html; baseline_sha256=2b958600daec79373736f413f2712fcd9c604de2c352cbc1ec9d67cc5d7932f1; mutant_sha256=2907d533740ae0bea18da032ef36cea8ec48e3bf026dcf8b61439b86b931ed27; baseline_rules=none; mutant_rules=Tagged annotations;Appropriate nesting.
Acrobat::Full Check::PDFUA-Ref-2-08_BookChapter-M04,PDFUA-Ref-2-08_BookChapter-M04,PDFUA-Ref-2-08_BookChapter,Acrobat,Full Check,BASELINE_PASS,Acrobat::Full Check::PDFUA-Ref-2-08_BookChapter,2b958600daec79373736f413f2712fcd9c604de2c352cbc1ec9d67cc5d7932f1,20ac005e0fb4cf3812fefd64b496cf14488a56d493e7c7ee5f5045ce9540c1f5,Missed,No new automated checkpoint matched the intended M04 property. Evidence: baseline report=evidence\acrobat\PDFUA-Ref-2-08_BookChapter__2b958600daec79373736f413f2712fcd9c604de2c352cbc1ec9d67cc5d7932f1.accreport.html; mutant report=evidence\acrobat\PDFUA-Ref-2-08_BookChapter-M04__20ac005e0fb4cf3812fefd64b496cf14488a56d493e7c7ee5f5045ce9540c1f5.accreport.html; baseline_sha256=2b958600daec79373736f413f2712fcd9c604de2c352cbc1ec9d67cc5d7932f1; mutant_sha256=20ac005e0fb4cf3812fefd64b496cf14488a56d493e7c7ee5f5045ce9540c1f5; baseline_rules=none; mutant_rules=NONE_REPORTED.
Acrobat::Full Check::PDFUA-Ref-2-08_BookChapter-M05,PDFUA-Ref-2-08_BookChapter-M05,PDFUA-Ref-2-08_BookChapter,Acrobat,Full Check,BASELINE_PASS,Acrobat::Full Check::PDFUA-Ref-2-08_BookChapter,2b958600daec79373736f413f2712fcd9c604de2c352cbc1ec9d67cc5d7932f1,db8fd0be417f0b011ca55e313d0bc1bbe4421aec1d8bb27584fa99a9c5d1f7d3,Needs Manual Check,Acrobat emitted the manual checkpoint(s) logical reading order; manual prompts are retained separately and are not automated detections. Evidence: baseline report=evidence\acrobat\PDFUA-Ref-2-08_BookChapter__2b958600daec79373736f413f2712fcd9c604de2c352cbc1ec9d67cc5d7932f1.accreport.html; mutant report=evidence\acrobat\PDFUA-Ref-2-08_BookChapter-M05__db8fd0be417f0b011ca55e313d0bc1bbe4421aec1d8bb27584fa99a9c5d1f7d3.accreport.html; baseline_sha256=2b958600daec79373736f413f2712fcd9c604de2c352cbc1ec9d67cc5d7932f1; mutant_sha256=db8fd0be417f0b011ca55e313d0bc1bbe4421aec1d8bb27584fa99a9c5d1f7d3; baseline_rules=none; mutant_rules=MANUAL_CHECK_PROMPTS:2.
Acrobat::Full Check::PDFUA-Ref-2-08_BookChapter-M06,PDFUA-Ref-2-08_BookChapter-M06,PDFUA-Ref-2-08_BookChapter,Acrobat,Full Check,BASELINE_PASS,Acrobat::Full Check::PDFUA-Ref-2-08_BookChapter,2b958600daec79373736f413f2712fcd9c604de2c352cbc1ec9d67cc5d7932f1,86091f5caa50e48f16a3a67354122d88c286f8ad8e5a892f22202d5dfe0be414,Missed,No new automated checkpoint matched the intended M06 property. Evidence: baseline report=evidence\acrobat\PDFUA-Ref-2-08_BookChapter__2b958600daec79373736f413f2712fcd9c604de2c352cbc1ec9d67cc5d7932f1.accreport.html; mutant report=evidence\acrobat\PDFUA-Ref-2-08_BookChapter-M06__86091f5caa50e48f16a3a67354122d88c286f8ad8e5a892f22202d5dfe0be414.accreport.html; baseline_sha256=2b958600daec79373736f413f2712fcd9c604de2c352cbc1ec9d67cc5d7932f1; mutant_sha256=86091f5caa50e48f16a3a67354122d88c286f8ad8e5a892f22202d5dfe0be414; baseline_rules=none; mutant_rules=NONE_REPORTED.
Acrobat::Full Check::PDFUA-Ref-2-08_BookChapter-M07,PDFUA-Ref-2-08_BookChapter-M07,PDFUA-Ref-2-08_BookChapter,Acrobat,Full Check,BASELINE_PASS,Acrobat::Full Check::PDFUA-Ref-2-08_BookChapter,2b958600daec79373736f413f2712fcd9c604de2c352cbc1ec9d67cc5d7932f1,8df764ab15f21435fc2283a261e0fa073baef1005f3d740e3991a952285746e8,Detected,New automated checkpoint(s) figures alternate text match the intended M07 property. Evidence: baseline report=evidence\acrobat\PDFUA-Ref-2-08_BookChapter__2b958600daec79373736f413f2712fcd9c604de2c352cbc1ec9d67cc5d7932f1.accreport.html; mutant report=evidence\acrobat\PDFUA-Ref-2-08_BookChapter-M07__8df764ab15f21435fc2283a261e0fa073baef1005f3d740e3991a952285746e8.accreport.html; baseline_sha256=2b958600daec79373736f413f2712fcd9c604de2c352cbc1ec9d67cc5d7932f1; mutant_sha256=8df764ab15f21435fc2283a261e0fa073baef1005f3d740e3991a952285746e8; baseline_rules=none; mutant_rules=Figures alternate text.
Acrobat::Full Check::PDFUA-Ref-2-08_BookChapter-M08,PDFUA-Ref-2-08_BookChapter-M08,PDFUA-Ref-2-08_BookChapter,Acrobat,Full Check,BASELINE_PASS,Acrobat::Full Check::PDFUA-Ref-2-08_BookChapter,2b958600daec79373736f413f2712fcd9c604de2c352cbc1ec9d67cc5d7932f1,2c631cd85add3b7883781fb114651993280bb8c9f360361eaf20cb1f3c1ef0c1,Detected,New automated checkpoint(s) primary language match the intended M08 property. Evidence: baseline report=evidence\acrobat\PDFUA-Ref-2-08_BookChapter__2b958600daec79373736f413f2712fcd9c604de2c352cbc1ec9d67cc5d7932f1.accreport.html; mutant report=evidence\acrobat\PDFUA-Ref-2-08_BookChapter-M08__2c631cd85add3b7883781fb114651993280bb8c9f360361eaf20cb1f3c1ef0c1.accreport.html; baseline_sha256=2b958600daec79373736f413f2712fcd9c604de2c352cbc1ec9d67cc5d7932f1; mutant_sha256=2c631cd85add3b7883781fb114651993280bb8c9f360361eaf20cb1f3c1ef0c1; baseline_rules=none; mutant_rules=Primary language.
Acrobat::Full Check::PDFUA-Ref-2-08_BookChapter-M10,PDFUA-Ref-2-08_BookChapter-M10,PDFUA-Ref-2-08_BookChapter,Acrobat,Full Check,BASELINE_PASS,Acrobat::Full Check::PDFUA-Ref-2-08_BookChapter,2b958600daec79373736f413f2712fcd9c604de2c352cbc1ec9d67cc5d7932f1,135ebc92b095127190c98164be07186359b69f0908bda83266abdbb34adab269,Detected,"New Acrobat Headers failure satisfies the M10 direct-consequence proxy fixed before final adjudication: the hash-linked manifest verifies the sole semantic change is /TH to /P under the same table row, with target content, non-target structure, page content, and rendering preserved. Evidence: baseline report=evidence\acrobat\PDFUA-Ref-2-08_BookChapter__2b958600daec79373736f413f2712fcd9c604de2c352cbc1ec9d67cc5d7932f1.accreport.html; mutant report=evidence\acrobat\PDFUA-Ref-2-08_BookChapter-M10__135ebc92b095127190c98164be07186359b69f0908bda83266abdbb34adab269.accreport.html; baseline_sha256=2b958600daec79373736f413f2712fcd9c604de2c352cbc1ec9d67cc5d7932f1; mutant_sha256=135ebc92b095127190c98164be07186359b69f0908bda83266abdbb34adab269; baseline_rules=none; mutant_rules=Headers."
Acrobat::Full Check::PDFUA-Ref-2-09_Scanned-M01,PDFUA-Ref-2-09_Scanned-M01,PDFUA-Ref-2-09_Scanned,Acrobat,Full Check,BASELINE_PASS,Acrobat::Full Check::PDFUA-Ref-2-09_Scanned,bb46d5c723fe1427dd1bf92ccd8653f9a5cef4054f7d878168b99477fa3792ae,04ce7bde54a9e481e0da7d5bf8a4e7fc98467f2bdbc3803291d166e219df9dc0,Needs Manual Check,Acrobat emitted the manual checkpoint(s) logical reading order; manual prompts are retained separately and are not automated detections. Evidence: baseline report=evidence\acrobat\PDFUA-Ref-2-09_Scanned__bb46d5c723fe1427dd1bf92ccd8653f9a5cef4054f7d878168b99477fa3792ae.accreport.html; mutant report=evidence\acrobat\PDFUA-Ref-2-09_Scanned-M01__04ce7bde54a9e481e0da7d5bf8a4e7fc98467f2bdbc3803291d166e219df9dc0.accreport.html; baseline_sha256=bb46d5c723fe1427dd1bf92ccd8653f9a5cef4054f7d878168b99477fa3792ae; mutant_sha256=04ce7bde54a9e481e0da7d5bf8a4e7fc98467f2bdbc3803291d166e219df9dc0; baseline_rules=none; mutant_rules=Appropriate nesting.
Acrobat::Full Check::PDFUA-Ref-2-09_Scanned-M02,PDFUA-Ref-2-09_Scanned-M02,PDFUA-Ref-2-09_Scanned,Acrobat,Full Check,BASELINE_PASS,Acrobat::Full Check::PDFUA-Ref-2-09_Scanned,bb46d5c723fe1427dd1bf92ccd8653f9a5cef4054f7d878168b99477fa3792ae,f45a0b6356c4f2435d8bd75482c8ff0c17fc8f072b81169e342bff4376b04946,Missed,No new automated checkpoint matched the intended M02 property; unrelated/collateral new finding(s) Appropriate nesting are not counted. Evidence: baseline report=evidence\acrobat\PDFUA-Ref-2-09_Scanned__bb46d5c723fe1427dd1bf92ccd8653f9a5cef4054f7d878168b99477fa3792ae.accreport.html; mutant report=evidence\acrobat\PDFUA-Ref-2-09_Scanned-M02__f45a0b6356c4f2435d8bd75482c8ff0c17fc8f072b81169e342bff4376b04946.accreport.html; baseline_sha256=bb46d5c723fe1427dd1bf92ccd8653f9a5cef4054f7d878168b99477fa3792ae; mutant_sha256=f45a0b6356c4f2435d8bd75482c8ff0c17fc8f072b81169e342bff4376b04946; baseline_rules=none; mutant_rules=Appropriate nesting.
Acrobat::Full Check::PDFUA-Ref-2-09_Scanned-M03,PDFUA-Ref-2-09_Scanned-M03,PDFUA-Ref-2-09_Scanned,Acrobat,Full Check,BASELINE_PASS,Acrobat::Full Check::PDFUA-Ref-2-09_Scanned,bb46d5c723fe1427dd1bf92ccd8653f9a5cef4054f7d878168b99477fa3792ae,b86a34d9c3d9be9e5022027a4856df45a5ab30b42b4cc04791130c0229119f7b,Detected,New automated checkpoint(s) appropriate nesting match the intended M03 property. Evidence: baseline report=evidence\acrobat\PDFUA-Ref-2-09_Scanned__bb46d5c723fe1427dd1bf92ccd8653f9a5cef4054f7d878168b99477fa3792ae.accreport.html; mutant report=evidence\acrobat\PDFUA-Ref-2-09_Scanned-M03__b86a34d9c3d9be9e5022027a4856df45a5ab30b42b4cc04791130c0229119f7b.accreport.html; baseline_sha256=bb46d5c723fe1427dd1bf92ccd8653f9a5cef4054f7d878168b99477fa3792ae; mutant_sha256=b86a34d9c3d9be9e5022027a4856df45a5ab30b42b4cc04791130c0229119f7b; baseline_rules=none; mutant_rules=Appropriate nesting.
Acrobat::Full Check::PDFUA-Ref-2-09_Scanned-M04,PDFUA-Ref-2-09_Scanned-M04,PDFUA-Ref-2-09_Scanned,Acrobat,Full Check,BASELINE_PASS,Acrobat::Full Check::PDFUA-Ref-2-09_Scanned,bb46d5c723fe1427dd1bf92ccd8653f9a5cef4054f7d878168b99477fa3792ae,494532eaa86c5136f8de492a0bf4f227d91b90aabc6d7eed62506f2e1838ef28,Missed,No new automated checkpoint matched the intended M04 property. Evidence: baseline report=evidence\acrobat\PDFUA-Ref-2-09_Scanned__bb46d5c723fe1427dd1bf92ccd8653f9a5cef4054f7d878168b99477fa3792ae.accreport.html; mutant report=evidence\acrobat\PDFUA-Ref-2-09_Scanned-M04__494532eaa86c5136f8de492a0bf4f227d91b90aabc6d7eed62506f2e1838ef28.accreport.html; baseline_sha256=bb46d5c723fe1427dd1bf92ccd8653f9a5cef4054f7d878168b99477fa3792ae; mutant_sha256=494532eaa86c5136f8de492a0bf4f227d91b90aabc6d7eed62506f2e1838ef28; baseline_rules=none; mutant_rules=NONE_REPORTED.
Acrobat::Full Check::PDFUA-Ref-2-09_Scanned-M05,PDFUA-Ref-2-09_Scanned-M05,PDFUA-Ref-2-09_Scanned,Acrobat,Full Check,BASELINE_PASS,Acrobat::Full Check::PDFUA-Ref-2-09_Scanned,bb46d5c723fe1427dd1bf92ccd8653f9a5cef4054f7d878168b99477fa3792ae,6bbc4a32f5cfa0ae69e6f77ec68a66988bc5644b1e60e34278181c151d71b932,Needs Manual Check,Acrobat emitted the manual checkpoint(s) logical reading order; manual prompts are retained separately and are not automated detections. Evidence: baseline report=evidence\acrobat\PDFUA-Ref-2-09_Scanned__bb46d5c723fe1427dd1bf92ccd8653f9a5cef4054f7d878168b99477fa3792ae.accreport.html; mutant report=evidence\acrobat\PDFUA-Ref-2-09_Scanned-M05__6bbc4a32f5cfa0ae69e6f77ec68a66988bc5644b1e60e34278181c151d71b932.accreport.html; baseline_sha256=bb46d5c723fe1427dd1bf92ccd8653f9a5cef4054f7d878168b99477fa3792ae; mutant_sha256=6bbc4a32f5cfa0ae69e6f77ec68a66988bc5644b1e60e34278181c151d71b932; baseline_rules=none; mutant_rules=MANUAL_CHECK_PROMPTS:2.
Acrobat::Full Check::PDFUA-Ref-2-09_Scanned-M06,PDFUA-Ref-2-09_Scanned-M06,PDFUA-Ref-2-09_Scanned,Acrobat,Full Check,BASELINE_PASS,Acrobat::Full Check::PDFUA-Ref-2-09_Scanned,bb46d5c723fe1427dd1bf92ccd8653f9a5cef4054f7d878168b99477fa3792ae,637c71a7db4ce2fccd3d34ad662d600b62ef46c275c3ca370c2d17a97980c9fa,Missed,No new automated checkpoint matched the intended M06 property. Evidence: baseline report=evidence\acrobat\PDFUA-Ref-2-09_Scanned__bb46d5c723fe1427dd1bf92ccd8653f9a5cef4054f7d878168b99477fa3792ae.accreport.html; mutant report=evidence\acrobat\PDFUA-Ref-2-09_Scanned-M06__637c71a7db4ce2fccd3d34ad662d600b62ef46c275c3ca370c2d17a97980c9fa.accreport.html; baseline_sha256=bb46d5c723fe1427dd1bf92ccd8653f9a5cef4054f7d878168b99477fa3792ae; mutant_sha256=637c71a7db4ce2fccd3d34ad662d600b62ef46c275c3ca370c2d17a97980c9fa; baseline_rules=none; mutant_rules=NONE_REPORTED.
Acrobat::Full Check::PDFUA-Ref-2-09_Scanned-M07,PDFUA-Ref-2-09_Scanned-M07,PDFUA-Ref-2-09_Scanned,Acrobat,Full Check,BASELINE_PASS,Acrobat::Full Check::PDFUA-Ref-2-09_Scanned,bb46d5c723fe1427dd1bf92ccd8653f9a5cef4054f7d878168b99477fa3792ae,c16652da4ab2f15701bf4b12fb0790c269bea5fadbfd0443c1e5db51c51d2c3a,Detected,New automated checkpoint(s) figures alternate text match the intended M07 property. Evidence: baseline report=evidence\acrobat\PDFUA-Ref-2-09_Scanned__bb46d5c723fe1427dd1bf92ccd8653f9a5cef4054f7d878168b99477fa3792ae.accreport.html; mutant report=evidence\acrobat\PDFUA-Ref-2-09_Scanned-M07__c16652da4ab2f15701bf4b12fb0790c269bea5fadbfd0443c1e5db51c51d2c3a.accreport.html; baseline_sha256=bb46d5c723fe1427dd1bf92ccd8653f9a5cef4054f7d878168b99477fa3792ae; mutant_sha256=c16652da4ab2f15701bf4b12fb0790c269bea5fadbfd0443c1e5db51c51d2c3a; baseline_rules=none; mutant_rules=Figures alternate text.
Acrobat::Full Check::PDFUA-Ref-2-09_Scanned-M09,PDFUA-Ref-2-09_Scanned-M09,PDFUA-Ref-2-09_Scanned,Acrobat,Full Check,BASELINE_PASS,Acrobat::Full Check::PDFUA-Ref-2-09_Scanned,bb46d5c723fe1427dd1bf92ccd8653f9a5cef4054f7d878168b99477fa3792ae,fffc16e1954d8c2ffb6abeac0d9a9804aaf2236711ba0d3f06317fbc1e84d548,REQUIRES_CLASSIFICATION,parsed_acrobat_html;automated_failure_count=0;automated_failure_names=;manual_check_count=2;manual_check_names=Logical Reading Order|Color contrast;skipped_count=1;skipped_names=Summary;passed_manually_count=0;failed_manually_count=0;unknown_status_count=0;manual_check_descriptions=Logical Reading Order: Document structure provides a logical reading order|Color contrast: Document has appropriate color contrast;skipped_descriptions=Summary: Tables must have a summary;parsed_acrobat_html;automated_failure_count=0;automated_failure_names=;manual_check_count=2;manual_check_names=Logical Reading Order|Color contrast;skipped_count=1;skipped_names=Summary;passed_manually_count=0;failed_manually_count=0;unknown_status_count=0;manual_check_descriptions=Logical Reading Order: Document structure provides a logical reading order|Color contrast: Document has appropriate color contrast;skipped_descriptions=Summary: Tables must have a summary;parsed_acrobat_html;automated_failure_count=0;automated_failure_names=;manual_check_count=2;manual_check_names=Logical Reading Order|Color contrast;skipped_count=1;skipped_names=Summary;passed_manually_count=0;failed_manually_count=0;unknown_status_count=0;manual_check_descriptions=Logical Reading Order: Document structure provides a logical reading order|Color contrast: Document has appropriate color contrast;skipped_descriptions=Summary: Tables must have a summary;parsed_acrobat_html;automated_failure_count=0;automated_failure_names=;manual_check_count=2;manual_check_names=Logical Reading Order|Color contrast;skipped_count=1;skipped_names=Summary;passed_manually_count=0;failed_manually_count=0;unknown_status_count=0;manual_check_descriptions=Logical Reading Order: Document structure provides a logical reading order|Color contrast: Document has appropriate color contrast;skipped_descriptions=Summary: Tables must have a summary;parsed_acrobat_html;automated_failure_count=0;automated_failure_names=;manual_check_count=2;manual_check_names=Logical Reading Order|Color contrast;skipped_count=1;skipped_names=Summary;passed_manually_count=0;failed_manually_count=0;unknown_status_count=0;manual_check_descriptions=Logical Reading Order: Document structure provides a logical reading order|Color contrast: Document has appropriate color contrast;skipped_descriptions=Summary: Tables must have a summary;parsed_acrobat_html;automated_failure_count=0;automated_failure_names=;manual_check_count=2;manual_check_names=Logical Reading Order|Color contrast;skipped_count=1;skipped_names=Summary;passed_manually_count=0;failed_manually_count=0;unknown_status_count=0;manual_check_descriptions=Logical Reading Order: Document structure provides a logical reading order|Color contrast: Document has appropriate color contrast;skipped_descriptions=Summary: Tables must have a summary;parsed_acrobat_html;automated_failure_count=0;automated_failure_names=;manual_check_count=2;manual_check_names=Logical Reading Order|Color contrast;skipped_count=1;skipped_names=Summary;passed_manually_count=0;failed_manually_count=0;unknown_status_count=0;manual_check_descriptions=Logical Reading Order: Document structure provides a logical reading order|Color contrast: Document has appropriate color contrast;skipped_descriptions=Summary: Tables must have a summary;parsed_acrobat_html;automated_failure_count=0;automated_failure_names=;manual_check_count=2;manual_check_names=Logical Reading Order|Color contrast;skipped_count=1;skipped_names=Summary;passed_manually_count=0;failed_manually_count=0;unknown_status_count=0;manual_check_descriptions=Logical Reading Order: Document structure provides a logical reading order|Color contrast: Document has appropriate color contrast;skipped_descriptions=Summary: Tables must have a summary;parsed_acrobat_html;automated_failure_count=0;automated_failure_names=;manual_check_count=2;manual_check_names=Logical Reading Order|Color contrast;skipped_count=1;skipped_names=Summary;passed_manually_count=0;failed_manually_count=0;unknown_status_count=0;manual_check_descriptions=Logical Reading Order: Document structure provides a logical reading order|Color contrast: Document has appropriate color contrast;skipped_descriptions=Summary: Tables must have a summary;formal_classification=Missed
Acrobat::Full Check::PDFUA-Ref-2-09_Scanned-M10,PDFUA-Ref-2-09_Scanned-M10,PDFUA-Ref-2-09_Scanned,Acrobat,Full Check,BASELINE_PASS,Acrobat::Full Check::PDFUA-Ref-2-09_Scanned,bb46d5c723fe1427dd1bf92ccd8653f9a5cef4054f7d878168b99477fa3792ae,c5f2c1706faf55b963f7ae539710aa419a530967f41fcbc495d5fbc6708927e8,Detected,"New Acrobat Headers failure satisfies the M10 direct-consequence proxy fixed before final adjudication: the hash-linked manifest verifies the sole semantic change is /TH to /P under the same table row, with target content, non-target structure, page content, and rendering preserved. Evidence: baseline report=evidence\acrobat\PDFUA-Ref-2-09_Scanned__bb46d5c723fe1427dd1bf92ccd8653f9a5cef4054f7d878168b99477fa3792ae.accreport.html; mutant report=evidence\acrobat\PDFUA-Ref-2-09_Scanned-M10__c5f2c1706faf55b963f7ae539710aa419a530967f41fcbc495d5fbc6708927e8.accreport.html; baseline_sha256=bb46d5c723fe1427dd1bf92ccd8653f9a5cef4054f7d878168b99477fa3792ae; mutant_sha256=c5f2c1706faf55b963f7ae539710aa419a530967f41fcbc495d5fbc6708927e8; baseline_rules=none; mutant_rules=Headers."
Acrobat::Full Check::PDFUA-Ref-2-10_Form-M01,PDFUA-Ref-2-10_Form-M01,PDFUA-Ref-2-10_Form,Acrobat,Full Check,BASELINE_PASS,Acrobat::Full Check::PDFUA-Ref-2-10_Form,06d5cacd7c5ba9573a57c6d99d3f357ee14a24cff0c138036840fc44c6311806,3f4549f2b3c4a7e8ec2859096f3bc42513bf0df4cad6c5ee1f324835425bfece,Needs Manual Check,Acrobat emitted the manual checkpoint(s) logical reading order; manual prompts are retained separately and are not automated detections. Evidence: baseline report=evidence\acrobat\PDFUA-Ref-2-10_Form__06d5cacd7c5ba9573a57c6d99d3f357ee14a24cff0c138036840fc44c6311806.accreport.html; mutant report=evidence\acrobat\PDFUA-Ref-2-10_Form-M01__3f4549f2b3c4a7e8ec2859096f3bc42513bf0df4cad6c5ee1f324835425bfece.accreport.html; baseline_sha256=06d5cacd7c5ba9573a57c6d99d3f357ee14a24cff0c138036840fc44c6311806; mutant_sha256=3f4549f2b3c4a7e8ec2859096f3bc42513bf0df4cad6c5ee1f324835425bfece; baseline_rules=none; mutant_rules=Tagged annotations.
Acrobat::Full Check::PDFUA-Ref-2-10_Form-M02,PDFUA-Ref-2-10_Form-M02,PDFUA-Ref-2-10_Form,Acrobat,Full Check,BASELINE_PASS,Acrobat::Full Check::PDFUA-Ref-2-10_Form,06d5cacd7c5ba9573a57c6d99d3f357ee14a24cff0c138036840fc44c6311806,85550ea9d4a77f73600cbc328ea4c1edf6916e032e2f5c79bf30e97f3db2d478,Missed,No new automated checkpoint matched the intended M02 property. Evidence: baseline report=evidence\acrobat\PDFUA-Ref-2-10_Form__06d5cacd7c5ba9573a57c6d99d3f357ee14a24cff0c138036840fc44c6311806.accreport.html; mutant report=evidence\acrobat\PDFUA-Ref-2-10_Form-M02__85550ea9d4a77f73600cbc328ea4c1edf6916e032e2f5c79bf30e97f3db2d478.accreport.html; baseline_sha256=06d5cacd7c5ba9573a57c6d99d3f357ee14a24cff0c138036840fc44c6311806; mutant_sha256=85550ea9d4a77f73600cbc328ea4c1edf6916e032e2f5c79bf30e97f3db2d478; baseline_rules=none; mutant_rules=NONE_REPORTED.
Acrobat::Full Check::PDFUA-Ref-2-10_Form-M08,PDFUA-Ref-2-10_Form-M08,PDFUA-Ref-2-10_Form,Acrobat,Full Check,BASELINE_PASS,Acrobat::Full Check::PDFUA-Ref-2-10_Form,06d5cacd7c5ba9573a57c6d99d3f357ee14a24cff0c138036840fc44c6311806,53befb723e3cca79d246644678be0a3a09dae65ff4e514fc56d3fa404cd4ff8a,Detected,New automated checkpoint(s) primary language match the intended M08 property. Evidence: baseline report=evidence\acrobat\PDFUA-Ref-2-10_Form__06d5cacd7c5ba9573a57c6d99d3f357ee14a24cff0c138036840fc44c6311806.accreport.html; mutant report=evidence\acrobat\PDFUA-Ref-2-10_Form-M08__53befb723e3cca79d246644678be0a3a09dae65ff4e514fc56d3fa404cd4ff8a.accreport.html; baseline_sha256=06d5cacd7c5ba9573a57c6d99d3f357ee14a24cff0c138036840fc44c6311806; mutant_sha256=53befb723e3cca79d246644678be0a3a09dae65ff4e514fc56d3fa404cd4ff8a; baseline_rules=none; mutant_rules=Primary language.
Acrobat::Full Check::PDFUA-Ref-2-10_Form-M09,PDFUA-Ref-2-10_Form-M09,PDFUA-Ref-2-10_Form,Acrobat,Full Check,BASELINE_PASS,Acrobat::Full Check::PDFUA-Ref-2-10_Form,06d5cacd7c5ba9573a57c6d99d3f357ee14a24cff0c138036840fc44c6311806,e773fbeada53152d5b48cbcc4598f89c4e40d42fad35db905ae10504d3bf6ff2,REQUIRES_CLASSIFICATION,parsed_acrobat_html;automated_failure_count=0;automated_failure_names=;manual_check_count=2;manual_check_names=Logical Reading Order|Color contrast;skipped_count=1;skipped_names=Summary;passed_manually_count=0;failed_manually_count=0;unknown_status_count=0;manual_check_descriptions=Logical Reading Order: Document structure provides a logical reading order|Color contrast: Document has appropriate color contrast;skipped_descriptions=Summary: Tables must have a summary;parsed_acrobat_html;automated_failure_count=0;automated_failure_names=;manual_check_count=2;manual_check_names=Logical Reading Order|Color contrast;skipped_count=1;skipped_names=Summary;passed_manually_count=0;failed_manually_count=0;unknown_status_count=0;manual_check_descriptions=Logical Reading Order: Document structure provides a logical reading order|Color contrast: Document has appropriate color contrast;skipped_descriptions=Summary: Tables must have a summary;parsed_acrobat_html;automated_failure_count=0;automated_failure_names=;manual_check_count=2;manual_check_names=Logical Reading Order|Color contrast;skipped_count=1;skipped_names=Summary;passed_manually_count=0;failed_manually_count=0;unknown_status_count=0;manual_check_descriptions=Logical Reading Order: Document structure provides a logical reading order|Color contrast: Document has appropriate color contrast;skipped_descriptions=Summary: Tables must have a summary;parsed_acrobat_html;automated_failure_count=0;automated_failure_names=;manual_check_count=2;manual_check_names=Logical Reading Order|Color contrast;skipped_count=1;skipped_names=Summary;passed_manually_count=0;failed_manually_count=0;unknown_status_count=0;manual_check_descriptions=Logical Reading Order: Document structure provides a logical reading order|Color contrast: Document has appropriate color contrast;skipped_descriptions=Summary: Tables must have a summary;parsed_acrobat_html;automated_failure_count=0;automated_failure_names=;manual_check_count=2;manual_check_names=Logical Reading Order|Color contrast;skipped_count=1;skipped_names=Summary;passed_manually_count=0;failed_manually_count=0;unknown_status_count=0;manual_check_descriptions=Logical Reading Order: Document structure provides a logical reading order|Color contrast: Document has appropriate color contrast;skipped_descriptions=Summary: Tables must have a summary;parsed_acrobat_html;automated_failure_count=0;automated_failure_names=;manual_check_count=2;manual_check_names=Logical Reading Order|Color contrast;skipped_count=1;skipped_names=Summary;passed_manually_count=0;failed_manually_count=0;unknown_status_count=0;manual_check_descriptions=Logical Reading Order: Document structure provides a logical reading order|Color contrast: Document has appropriate color contrast;skipped_descriptions=Summary: Tables must have a summary;parsed_acrobat_html;automated_failure_count=0;automated_failure_names=;manual_check_count=2;manual_check_names=Logical Reading Order|Color contrast;skipped_count=1;skipped_names=Summary;passed_manually_count=0;failed_manually_count=0;unknown_status_count=0;manual_check_descriptions=Logical Reading Order: Document structure provides a logical reading order|Color contrast: Document has appropriate color contrast;skipped_descriptions=Summary: Tables must have a summary;parsed_acrobat_html;automated_failure_count=0;automated_failure_names=;manual_check_count=2;manual_check_names=Logical Reading Order|Color contrast;skipped_count=1;skipped_names=Summary;passed_manually_count=0;failed_manually_count=0;unknown_status_count=0;manual_check_descriptions=Logical Reading Order: Document structure provides a logical reading order|Color contrast: Document has appropriate color contrast;skipped_descriptions=Summary: Tables must have a summary;parsed_acrobat_html;automated_failure_count=0;automated_failure_names=;manual_check_count=2;manual_check_names=Logical Reading Order|Color contrast;skipped_count=1;skipped_names=Summary;passed_manually_count=0;failed_manually_count=0;unknown_status_count=0;manual_check_descriptions=Logical Reading Order: Document structure provides a logical reading order|Color contrast: Document has appropriate color contrast;skipped_descriptions=Summary: Tables must have a summary;formal_classification=Missed
PAC::AI::PDFUA-Ref-2-01_Magazine-danish-M01,PDFUA-Ref-2-01_Magazine-danish-M01,PDFUA-Ref-2-01_Magazine-danish,PAC,AI,BASELINE_PASS,PAC::AI::PDFUA-Ref-2-01_Magazine-danish,aef89af13c9c94fc4f4e1a8c5872450cc4c8fff7de544d8ada6a0912425aa434,a52e75193364438a1701f76c986fc047ee3e3b98dd691ec662d2c1d380c5d2df,,PAC AI is evaluated separately in data/pac_ai_classifications.csv; no formal mutation-specific classification is inferred here.
PAC::AI::PDFUA-Ref-2-01_Magazine-danish-M02,PDFUA-Ref-2-01_Magazine-danish-M02,PDFUA-Ref-2-01_Magazine-danish,PAC,AI,BASELINE_PASS,PAC::AI::PDFUA-Ref-2-01_Magazine-danish,aef89af13c9c94fc4f4e1a8c5872450cc4c8fff7de544d8ada6a0912425aa434,e8df97191d286d7b52b625d3664034a14374aac4965a0bdd2aa6af57f9876c5f,,PAC AI is evaluated separately in data/pac_ai_classifications.csv; no formal mutation-specific classification is inferred here.
PAC::AI::PDFUA-Ref-2-01_Magazine-danish-M03,PDFUA-Ref-2-01_Magazine-danish-M03,PDFUA-Ref-2-01_Magazine-danish,PAC,AI,BASELINE_PASS,PAC::AI::PDFUA-Ref-2-01_Magazine-danish,aef89af13c9c94fc4f4e1a8c5872450cc4c8fff7de544d8ada6a0912425aa434,f7b9e14f0320211e69643205e92b5c0719008a512cbb0b572b00d5362d011bfb,,PAC AI is evaluated separately in data/pac_ai_classifications.csv; no formal mutation-specific classification is inferred here.
PAC::AI::PDFUA-Ref-2-01_Magazine-danish-M04,PDFUA-Ref-2-01_Magazine-danish-M04,PDFUA-Ref-2-01_Magazine-danish,PAC,AI,BASELINE_PASS,PAC::AI::PDFUA-Ref-2-01_Magazine-danish,aef89af13c9c94fc4f4e1a8c5872450cc4c8fff7de544d8ada6a0912425aa434,eb79fabe18daacdee5408ca7bc5a7968f8113c1721ff80830870d5680a639c82,,PAC AI is evaluated separately in data/pac_ai_classifications.csv; no formal mutation-specific classification is inferred here.
PAC::AI::PDFUA-Ref-2-01_Magazine-danish-M05,PDFUA-Ref-2-01_Magazine-danish-M05,PDFUA-Ref-2-01_Magazine-danish,PAC,AI,BASELINE_PASS,PAC::AI::PDFUA-Ref-2-01_Magazine-danish,aef89af13c9c94fc4f4e1a8c5872450cc4c8fff7de544d8ada6a0912425aa434,5b5f3a85909983e4b44ba0babf92c7e9704757387a94804ef792ca3d3918bb6f,,PAC AI is evaluated separately in data/pac_ai_classifications.csv; no formal mutation-specific classification is inferred here.
PAC::AI::PDFUA-Ref-2-01_Magazine-danish-M06,PDFUA-Ref-2-01_Magazine-danish-M06,PDFUA-Ref-2-01_Magazine-danish,PAC,AI,BASELINE_PASS,PAC::AI::PDFUA-Ref-2-01_Magazine-danish,aef89af13c9c94fc4f4e1a8c5872450cc4c8fff7de544d8ada6a0912425aa434,4774ad31d5381502e81bc0e30ee6a92559c51bf4bd3772adcc50b3ca1d671d81,,PAC AI is evaluated separately in data/pac_ai_classifications.csv; no formal mutation-specific classification is inferred here.
PAC::AI::PDFUA-Ref-2-01_Magazine-danish-M07,PDFUA-Ref-2-01_Magazine-danish-M07,PDFUA-Ref-2-01_Magazine-danish,PAC,AI,BASELINE_PASS,PAC::AI::PDFUA-Ref-2-01_Magazine-danish,aef89af13c9c94fc4f4e1a8c5872450cc4c8fff7de544d8ada6a0912425aa434,a45021dfa3ce09f803eac101d0d5bffcd1326662a9a71c028bbd51cbe01a595f,,PAC AI is evaluated separately in data/pac_ai_classifications.csv; no formal mutation-specific classification is inferred here.
PAC::AI::PDFUA-Ref-2-01_Magazine-danish-M08,PDFUA-Ref-2-01_Magazine-danish-M08,PDFUA-Ref-2-01_Magazine-danish,PAC,AI,BASELINE_PASS,PAC::AI::PDFUA-Ref-2-01_Magazine-danish,aef89af13c9c94fc4f4e1a8c5872450cc4c8fff7de544d8ada6a0912425aa434,798d1807493ecbed375ba1a175bb6d19f6d51dfe508c6df88df7ec3f8e1d6061,,PAC AI is evaluated separately in data/pac_ai_classifications.csv; no formal mutation-specific classification is inferred here.
PAC::AI::PDFUA-Ref-2-01_Magazine-danish-M09,PDFUA-Ref-2-01_Magazine-danish-M09,PDFUA-Ref-2-01_Magazine-danish,PAC,AI,BASELINE_PASS,PAC::AI::PDFUA-Ref-2-01_Magazine-danish,aef89af13c9c94fc4f4e1a8c5872450cc4c8fff7de544d8ada6a0912425aa434,3ef299495b93ea1d1fd50ba38ec265412abb6e1d7e147918d50ec9afcc36662b,,PAC AI is evaluated separately in data/pac_ai_classifications.csv; no formal mutation-specific classification is inferred here.
PAC::AI::PDFUA-Ref-2-02_Invoice-M01,PDFUA-Ref-2-02_Invoice-M01,PDFUA-Ref-2-02_Invoice,PAC,AI,BASELINE_PASS,PAC::AI::PDFUA-Ref-2-02_Invoice,fbae08464f192f532205833215505b78266e86df6283d9b0c439cb06927ce0b9,3ceee5c96667c0fab812443c3d82abdb1bfefa908c3a3d037276ec3153c3d199,REQUIRES_CLASSIFICATION,parsed_pac_pdf;automated_failure_count=0;automated_failure_names=;warning_count=0;warning_names=;manual_check_count=0;manual_check_names=;parsed_pac_pdf;automated_failure_count=0;automated_failure_names=;warning_count=0;warning_names=;manual_check_count=0;manual_check_names=;parsed_pac_pdf;automated_failure_count=0;automated_failure_names=;warning_count=0;warning_names=;manual_check_count=0;manual_check_names=;parsed_pac_pdf;automated_failure_count=0;automated_failure_names=;warning_count=0;warning_names=;manual_check_count=0;manual_check_names=;parsed_pac_pdf;automated_failure_count=0;automated_failure_names=;warning_count=0;warning_names=;manual_check_count=0;manual_check_names=;parsed_pac_pdf;automated_failure_count=0;automated_failure_names=;warning_count=0;warning_names=;manual_check_count=0;manual_check_names=;parsed_pac_pdf;automated_failure_count=0;automated_failure_names=;warning_count=0;warning_names=;manual_check_count=0;manual_check_names=;parsed_pac_pdf;automated_failure_count=0;automated_failure_names=;warning_count=0;warning_names=;manual_check_count=0;manual_check_names=
PAC::AI::PDFUA-Ref-2-02_Invoice-M02,PDFUA-Ref-2-02_Invoice-M02,PDFUA-Ref-2-02_Invoice,PAC,AI,BASELINE_PASS,PAC::AI::PDFUA-Ref-2-02_Invoice,fbae08464f192f532205833215505b78266e86df6283d9b0c439cb06927ce0b9,462607fdecfb53a1cfdf57d060f6f2ef467370ae7d39213b258398a1777120fd,,PAC AI is evaluated separately in data/pac_ai_classifications.csv; no formal mutation-specific classification is inferred here.
PAC::AI::PDFUA-Ref-2-02_Invoice-M10,PDFUA-Ref-2-02_Invoice-M10,PDFUA-Ref-2-02_Invoice,PAC,AI,BASELINE_PASS,PAC::AI::PDFUA-Ref-2-02_Invoice,fbae08464f192f532205833215505b78266e86df6283d9b0c439cb06927ce0b9,a4e6177f2fba056f3364f7ac88c2907effa97ee177584a1c46c4aeeca5f31c48,,PAC AI is evaluated separately in data/pac_ai_classifications.csv; no formal mutation-specific classification is inferred here.
PAC::AI::PDFUA-Ref-2-03_AcademicAbstract-M01,PDFUA-Ref-2-03_AcademicAbstract-M01,PDFUA-Ref-2-03_AcademicAbstract,PAC,AI,BASELINE_PASS,PAC::AI::PDFUA-Ref-2-03_AcademicAbstract,e61257d371261867926eb006f8895569a95fcfbcb93fca3be04b8b9187cb93a0,3e2fe0a15cd8758f335e91aef7bb50a2b45f2e003448723f106d803a55ce788f,,PAC AI is evaluated separately in data/pac_ai_classifications.csv; no formal mutation-specific classification is inferred here.
PAC::AI::PDFUA-Ref-2-03_AcademicAbstract-M02,PDFUA-Ref-2-03_AcademicAbstract-M02,PDFUA-Ref-2-03_AcademicAbstract,PAC,AI,BASELINE_PASS,PAC::AI::PDFUA-Ref-2-03_AcademicAbstract,e61257d371261867926eb006f8895569a95fcfbcb93fca3be04b8b9187cb93a0,16aed0e5075a817106227b70904ceee8d8c2f771c2a83fc933e07e4a561ba5f1,,PAC AI is evaluated separately in data/pac_ai_classifications.csv; no formal mutation-specific classification is inferred here.
PAC::AI::PDFUA-Ref-2-03_AcademicAbstract-M04,PDFUA-Ref-2-03_AcademicAbstract-M04,PDFUA-Ref-2-03_AcademicAbstract,PAC,AI,BASELINE_PASS,PAC::AI::PDFUA-Ref-2-03_AcademicAbstract,e61257d371261867926eb006f8895569a95fcfbcb93fca3be04b8b9187cb93a0,aa1b231accabf87602fa064972332501785b16ce8de42ade4ccb57463f5281ec,,PAC AI is evaluated separately in data/pac_ai_classifications.csv; no formal mutation-specific classification is inferred here.
PAC::AI::PDFUA-Ref-2-03_AcademicAbstract-M05,PDFUA-Ref-2-03_AcademicAbstract-M05,PDFUA-Ref-2-03_AcademicAbstract,PAC,AI,BASELINE_PASS,PAC::AI::PDFUA-Ref-2-03_AcademicAbstract,e61257d371261867926eb006f8895569a95fcfbcb93fca3be04b8b9187cb93a0,ee82308195b4488f8c6e01bc8e4ba469df760c122c766ff84fc3425302d6f528,,PAC AI is evaluated separately in data/pac_ai_classifications.csv; no formal mutation-specific classification is inferred here.
PAC::AI::PDFUA-Ref-2-04_Presentation-M01,PDFUA-Ref-2-04_Presentation-M01,PDFUA-Ref-2-04_Presentation,PAC,AI,BASELINE_PASS,PAC::AI::PDFUA-Ref-2-04_Presentation,90acb829ca8bfa037796592539d15010e9099d1cd2622aac1fce7d9fd3ae7575,1e4ccf771ae704a24d184020cdac9bd43d0a9bdb6ab88e04b7893d040d642c9c,,PAC AI is evaluated separately in data/pac_ai_classifications.csv; no formal mutation-specific classification is inferred here.
PAC::AI::PDFUA-Ref-2-04_Presentation-M02,PDFUA-Ref-2-04_Presentation-M02,PDFUA-Ref-2-04_Presentation,PAC,AI,BASELINE_PASS,PAC::AI::PDFUA-Ref-2-04_Presentation,90acb829ca8bfa037796592539d15010e9099d1cd2622aac1fce7d9fd3ae7575,e85501fb90d221c574cae80f0cab8f7db33b2a21c9b89e7f2de4167b4dd87880,,PAC AI is evaluated separately in data/pac_ai_classifications.csv; no formal mutation-specific classification is inferred here.
PAC::AI::PDFUA-Ref-2-04_Presentation-M04,PDFUA-Ref-2-04_Presentation-M04,PDFUA-Ref-2-04_Presentation,PAC,AI,BASELINE_PASS,PAC::AI::PDFUA-Ref-2-04_Presentation,90acb829ca8bfa037796592539d15010e9099d1cd2622aac1fce7d9fd3ae7575,d54e7cdfa78b6be17e9234803de1e88ece27cba0282e244b0f0abfdd992487cd,,PAC AI is evaluated separately in data/pac_ai_classifications.csv; no formal mutation-specific classification is inferred here.
PAC::AI::PDFUA-Ref-2-04_Presentation-M05,PDFUA-Ref-2-04_Presentation-M05,PDFUA-Ref-2-04_Presentation,PAC,AI,BASELINE_PASS,PAC::AI::PDFUA-Ref-2-04_Presentation,90acb829ca8bfa037796592539d15010e9099d1cd2622aac1fce7d9fd3ae7575,5d72a6c172200b5c5bf50850d45e535a9ed8454edfec1b2714a6c72159995d5c,,PAC AI is evaluated separately in data/pac_ai_classifications.csv; no formal mutation-specific classification is inferred here.
PAC::AI::PDFUA-Ref-2-05_BookChapter-german-M01,PDFUA-Ref-2-05_BookChapter-german-M01,PDFUA-Ref-2-05_BookChapter-german,PAC,AI,BASELINE_PASS,PAC::AI::PDFUA-Ref-2-05_BookChapter-german,fc525b8899da31779b6143c16053779cd560d4417018a901472de33c71252352,f3455e42a1e7610054506c9ece9cfbef949f888e93294fce9eae762222be6078,,PAC AI is evaluated separately in data/pac_ai_classifications.csv; no formal mutation-specific classification is inferred here.
PAC::AI::PDFUA-Ref-2-05_BookChapter-german-M02,PDFUA-Ref-2-05_BookChapter-german-M02,PDFUA-Ref-2-05_BookChapter-german,PAC,AI,BASELINE_PASS,PAC::AI::PDFUA-Ref-2-05_BookChapter-german,fc525b8899da31779b6143c16053779cd560d4417018a901472de33c71252352,5b806fd39c6559c0416737eb3cc131c05f5071f0b1d758af0fecca9b315070af,,PAC AI is evaluated separately in data/pac_ai_classifications.csv; no formal mutation-specific classification is inferred here.
PAC::AI::PDFUA-Ref-2-05_BookChapter-german-M04,PDFUA-Ref-2-05_BookChapter-german-M04,PDFUA-Ref-2-05_BookChapter-german,PAC,AI,BASELINE_PASS,PAC::AI::PDFUA-Ref-2-05_BookChapter-german,fc525b8899da31779b6143c16053779cd560d4417018a901472de33c71252352,668b5c55c85237169484722c15354e8d353179f8b9fc9e96a2a6f83a13c71250,,PAC AI is evaluated separately in data/pac_ai_classifications.csv; no formal mutation-specific classification is inferred here.
PAC::AI::PDFUA-Ref-2-05_BookChapter-german-M05,PDFUA-Ref-2-05_BookChapter-german-M05,PDFUA-Ref-2-05_BookChapter-german,PAC,AI,BASELINE_PASS,PAC::AI::PDFUA-Ref-2-05_BookChapter-german,fc525b8899da31779b6143c16053779cd560d4417018a901472de33c71252352,b7a688694201ed24e8dda1fcf6290c752e42d1ab1d074fc0c8f9d29c0dcad216,,PAC AI is evaluated separately in data/pac_ai_classifications.csv; no formal mutation-specific classification is inferred here.
PAC::AI::PDFUA-Ref-2-06_Brochure-M01,PDFUA-Ref-2-06_Brochure-M01,PDFUA-Ref-2-06_Brochure,PAC,AI,BASELINE_PASS,PAC::AI::PDFUA-Ref-2-06_Brochure,aefd5ab48a908b9996ffadcb14d8ff31a2c653657cbe011a46f4cf61396a589e,a1a94935bccdbaad7b39c045e9c627fb5deacc3f7fd7fa80c8c77cd6c02acf0a,,PAC AI is evaluated separately in data/pac_ai_classifications.csv; no formal mutation-specific classification is inferred here.
PAC::AI::PDFUA-Ref-2-06_Brochure-M02,PDFUA-Ref-2-06_Brochure-M02,PDFUA-Ref-2-06_Brochure,PAC,AI,BASELINE_PASS,PAC::AI::PDFUA-Ref-2-06_Brochure,aefd5ab48a908b9996ffadcb14d8ff31a2c653657cbe011a46f4cf61396a589e,6a7c6c4b28369d6bc3ab0f091ff69a08665fe3b8d8398a7fa59ac5bab1cef360,,PAC AI is evaluated separately in data/pac_ai_classifications.csv; no formal mutation-specific classification is inferred here.
PAC::AI::PDFUA-Ref-2-06_Brochure-M04,PDFUA-Ref-2-06_Brochure-M04,PDFUA-Ref-2-06_Brochure,PAC,AI,BASELINE_PASS,PAC::AI::PDFUA-Ref-2-06_Brochure,aefd5ab48a908b9996ffadcb14d8ff31a2c653657cbe011a46f4cf61396a589e,12c8c27582c8ca949f0f95dc11371ef2a8c3a3a6a72bed7e8b82ff9aa74a049d,,PAC AI is evaluated separately in data/pac_ai_classifications.csv; no formal mutation-specific classification is inferred here.
PAC::AI::PDFUA-Ref-2-06_Brochure-M05,PDFUA-Ref-2-06_Brochure-M05,PDFUA-Ref-2-06_Brochure,PAC,AI,BASELINE_PASS,PAC::AI::PDFUA-Ref-2-06_Brochure,aefd5ab48a908b9996ffadcb14d8ff31a2c653657cbe011a46f4cf61396a589e,692c7fddc91d6d6899dc1f9e820e2851a6cbeaa9694f0841b53445b15b8e3012,,PAC AI is evaluated separately in data/pac_ai_classifications.csv; no formal mutation-specific classification is inferred here.
PAC::AI::PDFUA-Ref-2-08_BookChapter-M01,PDFUA-Ref-2-08_BookChapter-M01,PDFUA-Ref-2-08_BookChapter,PAC,AI,BASELINE_PASS,PAC::AI::PDFUA-Ref-2-08_BookChapter,2b958600daec79373736f413f2712fcd9c604de2c352cbc1ec9d67cc5d7932f1,f5fdd674ca53247a75d32f520d656f24f8e97e864466f9a72ca8e62487f63178,,PAC AI is evaluated separately in data/pac_ai_classifications.csv; no formal mutation-specific classification is inferred here.
PAC::AI::PDFUA-Ref-2-08_BookChapter-M02,PDFUA-Ref-2-08_BookChapter-M02,PDFUA-Ref-2-08_BookChapter,PAC,AI,BASELINE_PASS,PAC::AI::PDFUA-Ref-2-08_BookChapter,2b958600daec79373736f413f2712fcd9c604de2c352cbc1ec9d67cc5d7932f1,820bea08c3a5eed724bb8d1e65d9e9733c1ca47a0e003ae477aea7cce81725e4,,PAC AI is evaluated separately in data/pac_ai_classifications.csv; no formal mutation-specific classification is inferred here.
PAC::AI::PDFUA-Ref-2-08_BookChapter-M04,PDFUA-Ref-2-08_BookChapter-M04,PDFUA-Ref-2-08_BookChapter,PAC,AI,BASELINE_PASS,PAC::AI::PDFUA-Ref-2-08_BookChapter,2b958600daec79373736f413f2712fcd9c604de2c352cbc1ec9d67cc5d7932f1,20ac005e0fb4cf3812fefd64b496cf14488a56d493e7c7ee5f5045ce9540c1f5,,PAC AI is evaluated separately in data/pac_ai_classifications.csv; no formal mutation-specific classification is inferred here.
PAC::AI::PDFUA-Ref-2-08_BookChapter-M05,PDFUA-Ref-2-08_BookChapter-M05,PDFUA-Ref-2-08_BookChapter,PAC,AI,BASELINE_PASS,PAC::AI::PDFUA-Ref-2-08_BookChapter,2b958600daec79373736f413f2712fcd9c604de2c352cbc1ec9d67cc5d7932f1,db8fd0be417f0b011ca55e313d0bc1bbe4421aec1d8bb27584fa99a9c5d1f7d3,,PAC AI is evaluated separately in data/pac_ai_classifications.csv; no formal mutation-specific classification is inferred here.
PAC::AI::PDFUA-Ref-2-10_Form-M01,PDFUA-Ref-2-10_Form-M01,PDFUA-Ref-2-10_Form,PAC,AI,BASELINE_PASS,PAC::AI::PDFUA-Ref-2-10_Form,06d5cacd7c5ba9573a57c6d99d3f357ee14a24cff0c138036840fc44c6311806,3f4549f2b3c4a7e8ec2859096f3bc42513bf0df4cad6c5ee1f324835425bfece,,PAC AI is evaluated separately in data/pac_ai_classifications.csv; no formal mutation-specific classification is inferred here.
PAC::AI::PDFUA-Ref-2-10_Form-M02,PDFUA-Ref-2-10_Form-M02,PDFUA-Ref-2-10_Form,PAC,AI,BASELINE_PASS,PAC::AI::PDFUA-Ref-2-10_Form,06d5cacd7c5ba9573a57c6d99d3f357ee14a24cff0c138036840fc44c6311806,85550ea9d4a77f73600cbc328ea4c1edf6916e032e2f5c79bf30e97f3db2d478,,PAC AI is evaluated separately in data/pac_ai_classifications.csv; no formal mutation-specific classification is inferred here.
PAC::Formal::PDFUA-Ref-2-01_Magazine-danish-M01,PDFUA-Ref-2-01_Magazine-danish-M01,PDFUA-Ref-2-01_Magazine-danish,PAC,Formal,BASELINE_PASS,PAC::Formal::PDFUA-Ref-2-01_Magazine-danish,aef89af13c9c94fc4f4e1a8c5872450cc4c8fff7de544d8ada6a0912425aa434,a52e75193364438a1701f76c986fc047ee3e3b98dd691ec662d2c1d380c5d2df,Missed,No new automated checkpoint matched the intended M01 property. Evidence: baseline report=evidence\pac\formal\PDFUA-Ref-2-01_Magazine-danish__aef89af13c9c94fc4f4e1a8c5872450cc4c8fff7de544d8ada6a0912425aa434.pdf; mutant report=evidence\pac\formal\PDFUA-Ref-2-01_Magazine-danish-M01__a52e75193364438a1701f76c986fc047ee3e3b98dd691ec662d2c1d380c5d2df.pdf; baseline_sha256=aef89af13c9c94fc4f4e1a8c5872450cc4c8fff7de544d8ada6a0912425aa434; mutant_sha256=a52e75193364438a1701f76c986fc047ee3e3b98dd691ec662d2c1d380c5d2df; baseline_rules=none; mutant_rules=NONE_REPORTED.
PAC::Formal::PDFUA-Ref-2-01_Magazine-danish-M02,PDFUA-Ref-2-01_Magazine-danish-M02,PDFUA-Ref-2-01_Magazine-danish,PAC,Formal,BASELINE_PASS,PAC::Formal::PDFUA-Ref-2-01_Magazine-danish,aef89af13c9c94fc4f4e1a8c5872450cc4c8fff7de544d8ada6a0912425aa434,e8df97191d286d7b52b625d3664034a14374aac4965a0bdd2aa6af57f9876c5f,Missed,No new automated checkpoint matched the intended M02 property. Evidence: baseline report=evidence\pac\formal\PDFUA-Ref-2-01_Magazine-danish__aef89af13c9c94fc4f4e1a8c5872450cc4c8fff7de544d8ada6a0912425aa434.pdf; mutant report=evidence\pac\formal\PDFUA-Ref-2-01_Magazine-danish-M02__e8df97191d286d7b52b625d3664034a14374aac4965a0bdd2aa6af57f9876c5f.pdf; baseline_sha256=aef89af13c9c94fc4f4e1a8c5872450cc4c8fff7de544d8ada6a0912425aa434; mutant_sha256=e8df97191d286d7b52b625d3664034a14374aac4965a0bdd2aa6af57f9876c5f; baseline_rules=none; mutant_rules=NONE_REPORTED.
PAC::Formal::PDFUA-Ref-2-01_Magazine-danish-M03,PDFUA-Ref-2-01_Magazine-danish-M03,PDFUA-Ref-2-01_Magazine-danish,PAC,Formal,BASELINE_PASS,PAC::Formal::PDFUA-Ref-2-01_Magazine-danish,aef89af13c9c94fc4f4e1a8c5872450cc4c8fff7de544d8ada6a0912425aa434,f7b9e14f0320211e69643205e92b5c0719008a512cbb0b572b00d5362d011bfb,Detected,New automated checkpoint(s) structure elements match the intended M03 property. Evidence: baseline report=evidence\pac\formal\PDFUA-Ref-2-01_Magazine-danish__aef89af13c9c94fc4f4e1a8c5872450cc4c8fff7de544d8ada6a0912425aa434.pdf; mutant report=evidence\pac\formal\PDFUA-Ref-2-01_Magazine-danish-M03__f7b9e14f0320211e69643205e92b5c0719008a512cbb0b572b00d5362d011bfb.pdf; baseline_sha256=aef89af13c9c94fc4f4e1a8c5872450cc4c8fff7de544d8ada6a0912425aa434; mutant_sha256=f7b9e14f0320211e69643205e92b5c0719008a512cbb0b572b00d5362d011bfb; baseline_rules=none; mutant_rules=Structure elements.
PAC::Formal::PDFUA-Ref-2-01_Magazine-danish-M04,PDFUA-Ref-2-01_Magazine-danish-M04,PDFUA-Ref-2-01_Magazine-danish,PAC,Formal,BASELINE_PASS,PAC::Formal::PDFUA-Ref-2-01_Magazine-danish,aef89af13c9c94fc4f4e1a8c5872450cc4c8fff7de544d8ada6a0912425aa434,eb79fabe18daacdee5408ca7bc5a7968f8113c1721ff80830870d5680a639c82,Missed,No new automated checkpoint matched the intended M04 property; unrelated/collateral new finding(s) PDF Syntax are not counted. Evidence: baseline report=evidence\pac\formal\PDFUA-Ref-2-01_Magazine-danish__aef89af13c9c94fc4f4e1a8c5872450cc4c8fff7de544d8ada6a0912425aa434.pdf; mutant report=evidence\pac\formal\PDFUA-Ref-2-01_Magazine-danish-M04__eb79fabe18daacdee5408ca7bc5a7968f8113c1721ff80830870d5680a639c82.pdf; baseline_sha256=aef89af13c9c94fc4f4e1a8c5872450cc4c8fff7de544d8ada6a0912425aa434; mutant_sha256=eb79fabe18daacdee5408ca7bc5a7968f8113c1721ff80830870d5680a639c82; baseline_rules=none; mutant_rules=PDF Syntax.
PAC::Formal::PDFUA-Ref-2-01_Magazine-danish-M05,PDFUA-Ref-2-01_Magazine-danish-M05,PDFUA-Ref-2-01_Magazine-danish,PAC,Formal,BASELINE_PASS,PAC::Formal::PDFUA-Ref-2-01_Magazine-danish,aef89af13c9c94fc4f4e1a8c5872450cc4c8fff7de544d8ada6a0912425aa434,5b5f3a85909983e4b44ba0babf92c7e9704757387a94804ef792ca3d3918bb6f,Missed,No new automated checkpoint matched the intended M05 property. Evidence: baseline report=evidence\pac\formal\PDFUA-Ref-2-01_Magazine-danish__aef89af13c9c94fc4f4e1a8c5872450cc4c8fff7de544d8ada6a0912425aa434.pdf; mutant report=evidence\pac\formal\PDFUA-Ref-2-01_Magazine-danish-M05__5b5f3a85909983e4b44ba0babf92c7e9704757387a94804ef792ca3d3918bb6f.pdf; baseline_sha256=aef89af13c9c94fc4f4e1a8c5872450cc4c8fff7de544d8ada6a0912425aa434; mutant_sha256=5b5f3a85909983e4b44ba0babf92c7e9704757387a94804ef792ca3d3918bb6f; baseline_rules=none; mutant_rules=none.
PAC::Formal::PDFUA-Ref-2-01_Magazine-danish-M06,PDFUA-Ref-2-01_Magazine-danish-M06,PDFUA-Ref-2-01_Magazine-danish,PAC,Formal,BASELINE_PASS,PAC::Formal::PDFUA-Ref-2-01_Magazine-danish,aef89af13c9c94fc4f4e1a8c5872450cc4c8fff7de544d8ada6a0912425aa434,4774ad31d5381502e81bc0e30ee6a92559c51bf4bd3772adcc50b3ca1d671d81,Missed,No new automated checkpoint matched the intended M06 property. Evidence: baseline report=evidence\pac\formal\PDFUA-Ref-2-01_Magazine-danish__aef89af13c9c94fc4f4e1a8c5872450cc4c8fff7de544d8ada6a0912425aa434.pdf; mutant report=evidence\pac\formal\PDFUA-Ref-2-01_Magazine-danish-M06__4774ad31d5381502e81bc0e30ee6a92559c51bf4bd3772adcc50b3ca1d671d81.pdf; baseline_sha256=aef89af13c9c94fc4f4e1a8c5872450cc4c8fff7de544d8ada6a0912425aa434; mutant_sha256=4774ad31d5381502e81bc0e30ee6a92559c51bf4bd3772adcc50b3ca1d671d81; baseline_rules=none; mutant_rules=NONE_REPORTED.
PAC::Formal::PDFUA-Ref-2-01_Magazine-danish-M07,PDFUA-Ref-2-01_Magazine-danish-M07,PDFUA-Ref-2-01_Magazine-danish,PAC,Formal,BASELINE_PASS,PAC::Formal::PDFUA-Ref-2-01_Magazine-danish,aef89af13c9c94fc4f4e1a8c5872450cc4c8fff7de544d8ada6a0912425aa434,a45021dfa3ce09f803eac101d0d5bffcd1326662a9a71c028bbd51cbe01a595f,Detected,New automated checkpoint(s) alternative descriptions match the intended M07 property. Evidence: baseline report=evidence\pac\formal\PDFUA-Ref-2-01_Magazine-danish__aef89af13c9c94fc4f4e1a8c5872450cc4c8fff7de544d8ada6a0912425aa434.pdf; mutant report=evidence\pac\formal\PDFUA-Ref-2-01_Magazine-danish-M07__a45021dfa3ce09f803eac101d0d5bffcd1326662a9a71c028bbd51cbe01a595f.pdf; baseline_sha256=aef89af13c9c94fc4f4e1a8c5872450cc4c8fff7de544d8ada6a0912425aa434; mutant_sha256=a45021dfa3ce09f803eac101d0d5bffcd1326662a9a71c028bbd51cbe01a595f; baseline_rules=none; mutant_rules=Alternative Descriptions.
PAC::Formal::PDFUA-Ref-2-01_Magazine-danish-M08,PDFUA-Ref-2-01_Magazine-danish-M08,PDFUA-Ref-2-01_Magazine-danish,PAC,Formal,BASELINE_PASS,PAC::Formal::PDFUA-Ref-2-01_Magazine-danish,aef89af13c9c94fc4f4e1a8c5872450cc4c8fff7de544d8ada6a0912425aa434,798d1807493ecbed375ba1a175bb6d19f6d51dfe508c6df88df7ec3f8e1d6061,Detected,New automated checkpoint(s) natural language match the intended M08 property. Evidence: baseline report=evidence\pac\formal\PDFUA-Ref-2-01_Magazine-danish__aef89af13c9c94fc4f4e1a8c5872450cc4c8fff7de544d8ada6a0912425aa434.pdf; mutant report=evidence\pac\formal\PDFUA-Ref-2-01_Magazine-danish-M08__798d1807493ecbed375ba1a175bb6d19f6d51dfe508c6df88df7ec3f8e1d6061.pdf; baseline_sha256=aef89af13c9c94fc4f4e1a8c5872450cc4c8fff7de544d8ada6a0912425aa434; mutant_sha256=798d1807493ecbed375ba1a175bb6d19f6d51dfe508c6df88df7ec3f8e1d6061; baseline_rules=none; mutant_rules=Natural language.
PAC::Formal::PDFUA-Ref-2-01_Magazine-danish-M09,PDFUA-Ref-2-01_Magazine-danish-M09,PDFUA-Ref-2-01_Magazine-danish,PAC,Formal,BASELINE_PASS,PAC::Formal::PDFUA-Ref-2-01_Magazine-danish,aef89af13c9c94fc4f4e1a8c5872450cc4c8fff7de544d8ada6a0912425aa434,3ef299495b93ea1d1fd50ba38ec265412abb6e1d7e147918d50ec9afcc36662b,Detected,New automated checkpoint(s) role mapping match the intended M09 property. Evidence: baseline report=evidence\pac\formal\PDFUA-Ref-2-01_Magazine-danish__aef89af13c9c94fc4f4e1a8c5872450cc4c8fff7de544d8ada6a0912425aa434.pdf; mutant report=evidence\pac\formal\PDFUA-Ref-2-01_Magazine-danish-M09__3ef299495b93ea1d1fd50ba38ec265412abb6e1d7e147918d50ec9afcc36662b.pdf; baseline_sha256=aef89af13c9c94fc4f4e1a8c5872450cc4c8fff7de544d8ada6a0912425aa434; mutant_sha256=3ef299495b93ea1d1fd50ba38ec265412abb6e1d7e147918d50ec9afcc36662b; baseline_rules=none; mutant_rules=Role mapping.
PAC::Formal::PDFUA-Ref-2-02_Invoice-M01,PDFUA-Ref-2-02_Invoice-M01,PDFUA-Ref-2-02_Invoice,PAC,Formal,BASELINE_PASS,PAC::Formal::PDFUA-Ref-2-02_Invoice,fbae08464f192f532205833215505b78266e86df6283d9b0c439cb06927ce0b9,3ceee5c96667c0fab812443c3d82abdb1bfefa908c3a3d037276ec3153c3d199,REQUIRES_CLASSIFICATION,parsed_pac_pdf;automated_failure_count=0;automated_failure_names=;warning_count=0;warning_names=;manual_check_count=0;manual_check_names=;parsed_pac_pdf;automated_failure_count=0;automated_failure_names=;warning_count=0;warning_names=;manual_check_count=0;manual_check_names=;parsed_pac_pdf;automated_failure_count=0;automated_failure_names=;warning_count=0;warning_names=;manual_check_count=0;manual_check_names=;parsed_pac_pdf;automated_failure_count=0;automated_failure_names=;warning_count=0;warning_names=;manual_check_count=0;manual_check_names=;parsed_pac_pdf;automated_failure_count=0;automated_failure_names=;warning_count=0;warning_names=;manual_check_count=0;manual_check_names=;parsed_pac_pdf;automated_failure_count=0;automated_failure_names=;warning_count=0;warning_names=;manual_check_count=0;manual_check_names=;parsed_pac_pdf;automated_failure_count=0;automated_failure_names=;warning_count=0;warning_names=;manual_check_count=0;manual_check_names=;parsed_pac_pdf;automated_failure_count=0;automated_failure_names=;warning_count=0;warning_names=;manual_check_count=0;manual_check_names=;parsed_pac_pdf;automated_failure_count=0;automated_failure_names=;warning_count=0;warning_names=;manual_check_count=0;manual_check_names=;formal_classification=Missed
PAC::Formal::PDFUA-Ref-2-02_Invoice-M02,PDFUA-Ref-2-02_Invoice-M02,PDFUA-Ref-2-02_Invoice,PAC,Formal,BASELINE_PASS,PAC::Formal::PDFUA-Ref-2-02_Invoice,fbae08464f192f532205833215505b78266e86df6283d9b0c439cb06927ce0b9,462607fdecfb53a1cfdf57d060f6f2ef467370ae7d39213b258398a1777120fd,Missed,No new automated checkpoint matched the intended M02 property. Evidence: baseline report=evidence\pac\formal\PDFUA-Ref-2-02_Invoice__fbae08464f192f532205833215505b78266e86df6283d9b0c439cb06927ce0b9.pdf; mutant report=evidence\pac\formal\PDFUA-Ref-2-02_Invoice-M02__462607fdecfb53a1cfdf57d060f6f2ef467370ae7d39213b258398a1777120fd.pdf; baseline_sha256=fbae08464f192f532205833215505b78266e86df6283d9b0c439cb06927ce0b9; mutant_sha256=462607fdecfb53a1cfdf57d060f6f2ef467370ae7d39213b258398a1777120fd; baseline_rules=none; mutant_rules=NONE_REPORTED.
PAC::Formal::PDFUA-Ref-2-02_Invoice-M03,PDFUA-Ref-2-02_Invoice-M03,PDFUA-Ref-2-02_Invoice,PAC,Formal,BASELINE_PASS,PAC::Formal::PDFUA-Ref-2-02_Invoice,fbae08464f192f532205833215505b78266e86df6283d9b0c439cb06927ce0b9,7887ebfcc438c907ca1981ad33769f3ebee0831b86c8f18ba672a682e45e0323,Detected,New automated checkpoint(s) structure elements match the intended M03 property. Evidence: baseline report=evidence\pac\formal\PDFUA-Ref-2-02_Invoice__fbae08464f192f532205833215505b78266e86df6283d9b0c439cb06927ce0b9.pdf; mutant report=evidence\pac\formal\PDFUA-Ref-2-02_Invoice-M03__7887ebfcc438c907ca1981ad33769f3ebee0831b86c8f18ba672a682e45e0323.pdf; baseline_sha256=fbae08464f192f532205833215505b78266e86df6283d9b0c439cb06927ce0b9; mutant_sha256=7887ebfcc438c907ca1981ad33769f3ebee0831b86c8f18ba672a682e45e0323; baseline_rules=none; mutant_rules=Structure elements.
PAC::Formal::PDFUA-Ref-2-02_Invoice-M04,PDFUA-Ref-2-02_Invoice-M04,PDFUA-Ref-2-02_Invoice,PAC,Formal,BASELINE_PASS,PAC::Formal::PDFUA-Ref-2-02_Invoice,fbae08464f192f532205833215505b78266e86df6283d9b0c439cb06927ce0b9,c831396c411f0e67e1fa9eea43cf7e8f741b9f99c69cbdd9f0ce3c17dcab2514,Missed,No new automated checkpoint matched the intended M04 property; unrelated/collateral new finding(s) PDF Syntax are not counted. Evidence: baseline report=evidence\pac\formal\PDFUA-Ref-2-02_Invoice__fbae08464f192f532205833215505b78266e86df6283d9b0c439cb06927ce0b9.pdf; mutant report=evidence\pac\formal\PDFUA-Ref-2-02_Invoice-M04__c831396c411f0e67e1fa9eea43cf7e8f741b9f99c69cbdd9f0ce3c17dcab2514.pdf; baseline_sha256=fbae08464f192f532205833215505b78266e86df6283d9b0c439cb06927ce0b9; mutant_sha256=c831396c411f0e67e1fa9eea43cf7e8f741b9f99c69cbdd9f0ce3c17dcab2514; baseline_rules=none; mutant_rules=PDF Syntax.
PAC::Formal::PDFUA-Ref-2-02_Invoice-M07,PDFUA-Ref-2-02_Invoice-M07,PDFUA-Ref-2-02_Invoice,PAC,Formal,BASELINE_PASS,PAC::Formal::PDFUA-Ref-2-02_Invoice,fbae08464f192f532205833215505b78266e86df6283d9b0c439cb06927ce0b9,14e04ae7cadc509f5b6479aff17be9cf6d79e68524801d8aa9a27e49ea348506,Detected,New automated checkpoint(s) alternative descriptions match the intended M07 property. Evidence: baseline report=evidence\pac\formal\PDFUA-Ref-2-02_Invoice__fbae08464f192f532205833215505b78266e86df6283d9b0c439cb06927ce0b9.pdf; mutant report=evidence\pac\formal\PDFUA-Ref-2-02_Invoice-M07__14e04ae7cadc509f5b6479aff17be9cf6d79e68524801d8aa9a27e49ea348506.pdf; baseline_sha256=fbae08464f192f532205833215505b78266e86df6283d9b0c439cb06927ce0b9; mutant_sha256=14e04ae7cadc509f5b6479aff17be9cf6d79e68524801d8aa9a27e49ea348506; baseline_rules=none; mutant_rules=Alternative Descriptions.
PAC::Formal::PDFUA-Ref-2-02_Invoice-M08,PDFUA-Ref-2-02_Invoice-M08,PDFUA-Ref-2-02_Invoice,PAC,Formal,BASELINE_PASS,PAC::Formal::PDFUA-Ref-2-02_Invoice,fbae08464f192f532205833215505b78266e86df6283d9b0c439cb06927ce0b9,4fa45b60c80cb404e90b60c4eb2e273acfc22555afdab15b8b1684d09b4f33df,Detected,New automated checkpoint(s) natural language match the intended M08 property. Evidence: baseline report=evidence\pac\formal\PDFUA-Ref-2-02_Invoice__fbae08464f192f532205833215505b78266e86df6283d9b0c439cb06927ce0b9.pdf; mutant report=evidence\pac\formal\PDFUA-Ref-2-02_Invoice-M08__4fa45b60c80cb404e90b60c4eb2e273acfc22555afdab15b8b1684d09b4f33df.pdf; baseline_sha256=fbae08464f192f532205833215505b78266e86df6283d9b0c439cb06927ce0b9; mutant_sha256=4fa45b60c80cb404e90b60c4eb2e273acfc22555afdab15b8b1684d09b4f33df; baseline_rules=none; mutant_rules=Natural language.
PAC::Formal::PDFUA-Ref-2-02_Invoice-M10,PDFUA-Ref-2-02_Invoice-M10,PDFUA-Ref-2-02_Invoice,PAC,Formal,BASELINE_PASS,PAC::Formal::PDFUA-Ref-2-02_Invoice,fbae08464f192f532205833215505b78266e86df6283d9b0c439cb06927ce0b9,a4e6177f2fba056f3364f7ac88c2907effa97ee177584a1c46c4aeeca5f31c48,Detected,New automated checkpoint(s) structure tree match the intended M10 property. Evidence: baseline report=evidence\pac\formal\PDFUA-Ref-2-02_Invoice__fbae08464f192f532205833215505b78266e86df6283d9b0c439cb06927ce0b9.pdf; mutant report=evidence\pac\formal\PDFUA-Ref-2-02_Invoice-M10__a4e6177f2fba056f3364f7ac88c2907effa97ee177584a1c46c4aeeca5f31c48.pdf; baseline_sha256=fbae08464f192f532205833215505b78266e86df6283d9b0c439cb06927ce0b9; mutant_sha256=a4e6177f2fba056f3364f7ac88c2907effa97ee177584a1c46c4aeeca5f31c48; baseline_rules=none; mutant_rules=Structure tree.
PAC::Formal::PDFUA-Ref-2-03_AcademicAbstract-M01,PDFUA-Ref-2-03_AcademicAbstract-M01,PDFUA-Ref-2-03_AcademicAbstract,PAC,Formal,BASELINE_PASS,PAC::Formal::PDFUA-Ref-2-03_AcademicAbstract,e61257d371261867926eb006f8895569a95fcfbcb93fca3be04b8b9187cb93a0,3e2fe0a15cd8758f335e91aef7bb50a2b45f2e003448723f106d803a55ce788f,Missed,No new automated checkpoint matched the intended M01 property. Evidence: baseline report=evidence\pac\formal\PDFUA-Ref-2-03_AcademicAbstract__e61257d371261867926eb006f8895569a95fcfbcb93fca3be04b8b9187cb93a0.pdf; mutant report=evidence\pac\formal\PDFUA-Ref-2-03_AcademicAbstract-M01__3e2fe0a15cd8758f335e91aef7bb50a2b45f2e003448723f106d803a55ce788f.pdf; baseline_sha256=e61257d371261867926eb006f8895569a95fcfbcb93fca3be04b8b9187cb93a0; mutant_sha256=3e2fe0a15cd8758f335e91aef7bb50a2b45f2e003448723f106d803a55ce788f; baseline_rules=none; mutant_rules=NONE_REPORTED.
PAC::Formal::PDFUA-Ref-2-03_AcademicAbstract-M02,PDFUA-Ref-2-03_AcademicAbstract-M02,PDFUA-Ref-2-03_AcademicAbstract,PAC,Formal,BASELINE_PASS,PAC::Formal::PDFUA-Ref-2-03_AcademicAbstract,e61257d371261867926eb006f8895569a95fcfbcb93fca3be04b8b9187cb93a0,16aed0e5075a817106227b70904ceee8d8c2f771c2a83fc933e07e4a561ba5f1,Missed,No new automated checkpoint matched the intended M02 property. Evidence: baseline report=evidence\pac\formal\PDFUA-Ref-2-03_AcademicAbstract__e61257d371261867926eb006f8895569a95fcfbcb93fca3be04b8b9187cb93a0.pdf; mutant report=evidence\pac\formal\PDFUA-Ref-2-03_AcademicAbstract-M02__16aed0e5075a817106227b70904ceee8d8c2f771c2a83fc933e07e4a561ba5f1.pdf; baseline_sha256=e61257d371261867926eb006f8895569a95fcfbcb93fca3be04b8b9187cb93a0; mutant_sha256=16aed0e5075a817106227b70904ceee8d8c2f771c2a83fc933e07e4a561ba5f1; baseline_rules=none; mutant_rules=NONE_REPORTED.
PAC::Formal::PDFUA-Ref-2-03_AcademicAbstract-M03,PDFUA-Ref-2-03_AcademicAbstract-M03,PDFUA-Ref-2-03_AcademicAbstract,PAC,Formal,BASELINE_PASS,PAC::Formal::PDFUA-Ref-2-03_AcademicAbstract,e61257d371261867926eb006f8895569a95fcfbcb93fca3be04b8b9187cb93a0,fcc8533b325c9a1a1675c46ec0856649fa02feea531e4aba4492a12a41e1a571,Detected,New automated checkpoint(s) structure elements match the intended M03 property. Evidence: baseline report=evidence\pac\formal\PDFUA-Ref-2-03_AcademicAbstract__e61257d371261867926eb006f8895569a95fcfbcb93fca3be04b8b9187cb93a0.pdf; mutant report=evidence\pac\formal\PDFUA-Ref-2-03_AcademicAbstract-M03__fcc8533b325c9a1a1675c46ec0856649fa02feea531e4aba4492a12a41e1a571.pdf; baseline_sha256=e61257d371261867926eb006f8895569a95fcfbcb93fca3be04b8b9187cb93a0; mutant_sha256=fcc8533b325c9a1a1675c46ec0856649fa02feea531e4aba4492a12a41e1a571; baseline_rules=none; mutant_rules=Structure elements.
PAC::Formal::PDFUA-Ref-2-03_AcademicAbstract-M04,PDFUA-Ref-2-03_AcademicAbstract-M04,PDFUA-Ref-2-03_AcademicAbstract,PAC,Formal,BASELINE_PASS,PAC::Formal::PDFUA-Ref-2-03_AcademicAbstract,e61257d371261867926eb006f8895569a95fcfbcb93fca3be04b8b9187cb93a0,aa1b231accabf87602fa064972332501785b16ce8de42ade4ccb57463f5281ec,Missed,No new automated checkpoint matched the intended M04 property; unrelated/collateral new finding(s) PDF Syntax are not counted. Evidence: baseline report=evidence\pac\formal\PDFUA-Ref-2-03_AcademicAbstract__e61257d371261867926eb006f8895569a95fcfbcb93fca3be04b8b9187cb93a0.pdf; mutant report=evidence\pac\formal\PDFUA-Ref-2-03_AcademicAbstract-M04__aa1b231accabf87602fa064972332501785b16ce8de42ade4ccb57463f5281ec.pdf; baseline_sha256=e61257d371261867926eb006f8895569a95fcfbcb93fca3be04b8b9187cb93a0; mutant_sha256=aa1b231accabf87602fa064972332501785b16ce8de42ade4ccb57463f5281ec; baseline_rules=none; mutant_rules=PDF Syntax.
PAC::Formal::PDFUA-Ref-2-03_AcademicAbstract-M05,PDFUA-Ref-2-03_AcademicAbstract-M05,PDFUA-Ref-2-03_AcademicAbstract,PAC,Formal,BASELINE_PASS,PAC::Formal::PDFUA-Ref-2-03_AcademicAbstract,e61257d371261867926eb006f8895569a95fcfbcb93fca3be04b8b9187cb93a0,ee82308195b4488f8c6e01bc8e4ba469df760c122c766ff84fc3425302d6f528,Missed,No new automated checkpoint matched the intended M05 property. Evidence: baseline report=evidence\pac\formal\PDFUA-Ref-2-03_AcademicAbstract__e61257d371261867926eb006f8895569a95fcfbcb93fca3be04b8b9187cb93a0.pdf; mutant report=evidence\pac\formal\PDFUA-Ref-2-03_AcademicAbstract-M05__ee82308195b4488f8c6e01bc8e4ba469df760c122c766ff84fc3425302d6f528.pdf; baseline_sha256=e61257d371261867926eb006f8895569a95fcfbcb93fca3be04b8b9187cb93a0; mutant_sha256=ee82308195b4488f8c6e01bc8e4ba469df760c122c766ff84fc3425302d6f528; baseline_rules=none; mutant_rules=none.
PAC::Formal::PDFUA-Ref-2-03_AcademicAbstract-M06,PDFUA-Ref-2-03_AcademicAbstract-M06,PDFUA-Ref-2-03_AcademicAbstract,PAC,Formal,BASELINE_PASS,PAC::Formal::PDFUA-Ref-2-03_AcademicAbstract,e61257d371261867926eb006f8895569a95fcfbcb93fca3be04b8b9187cb93a0,ca37553b2d45198cd26b168a6c9eb41f248cd4f9179118b991fc47917a443afb,Missed,No new automated checkpoint matched the intended M06 property. Evidence: baseline report=evidence\pac\formal\PDFUA-Ref-2-03_AcademicAbstract__e61257d371261867926eb006f8895569a95fcfbcb93fca3be04b8b9187cb93a0.pdf; mutant report=evidence\pac\formal\PDFUA-Ref-2-03_AcademicAbstract-M06__ca37553b2d45198cd26b168a6c9eb41f248cd4f9179118b991fc47917a443afb.pdf; baseline_sha256=e61257d371261867926eb006f8895569a95fcfbcb93fca3be04b8b9187cb93a0; mutant_sha256=ca37553b2d45198cd26b168a6c9eb41f248cd4f9179118b991fc47917a443afb; baseline_rules=none; mutant_rules=NONE_REPORTED.
PAC::Formal::PDFUA-Ref-2-03_AcademicAbstract-M08,PDFUA-Ref-2-03_AcademicAbstract-M08,PDFUA-Ref-2-03_AcademicAbstract,PAC,Formal,BASELINE_PASS,PAC::Formal::PDFUA-Ref-2-03_AcademicAbstract,e61257d371261867926eb006f8895569a95fcfbcb93fca3be04b8b9187cb93a0,381ec9f9fe1f7ef256d3f2ed7e5e405bb9802b17bb64d762f572bc6d313af091,Detected,New automated checkpoint(s) natural language match the intended M08 property. Evidence: baseline report=evidence\pac\formal\PDFUA-Ref-2-03_AcademicAbstract__e61257d371261867926eb006f8895569a95fcfbcb93fca3be04b8b9187cb93a0.pdf; mutant report=evidence\pac\formal\PDFUA-Ref-2-03_AcademicAbstract-M08__381ec9f9fe1f7ef256d3f2ed7e5e405bb9802b17bb64d762f572bc6d313af091.pdf; baseline_sha256=e61257d371261867926eb006f8895569a95fcfbcb93fca3be04b8b9187cb93a0; mutant_sha256=381ec9f9fe1f7ef256d3f2ed7e5e405bb9802b17bb64d762f572bc6d313af091; baseline_rules=none; mutant_rules=Natural language.
PAC::Formal::PDFUA-Ref-2-03_AcademicAbstract-M09,PDFUA-Ref-2-03_AcademicAbstract-M09,PDFUA-Ref-2-03_AcademicAbstract,PAC,Formal,BASELINE_PASS,PAC::Formal::PDFUA-Ref-2-03_AcademicAbstract,e61257d371261867926eb006f8895569a95fcfbcb93fca3be04b8b9187cb93a0,bc813f8eae1f314ebeae764f55bb8208f3aca35c146e2c6e7335fba657dca32a,REQUIRES_CLASSIFICATION,parsed_pac_pdf;automated_failure_count=1;automated_failure_names=Role mapping;warning_count=0;warning_names=;manual_check_count=0;manual_check_names=;failed_rule_text=Role mapping (1);parsed_pac_pdf;automated_failure_count=1;automated_failure_names=Role mapping;warning_count=0;warning_names=;manual_check_count=0;manual_check_names=;failed_rule_text=Role mapping (1);parsed_pac_pdf;automated_failure_count=1;automated_failure_names=Role mapping;warning_count=0;warning_names=;manual_check_count=0;manual_check_names=;failed_rule_text=Role mapping (1);parsed_pac_pdf;automated_failure_count=1;automated_failure_names=Role mapping;warning_count=0;warning_names=;manual_check_count=0;manual_check_names=;failed_rule_text=Role mapping (1);parsed_pac_pdf;automated_failure_count=1;automated_failure_names=Role mapping;warning_count=0;warning_names=;manual_check_count=0;manual_check_names=;failed_rule_text=Role mapping (1);parsed_pac_pdf;automated_failure_count=1;automated_failure_names=Role mapping;warning_count=0;warning_names=;manual_check_count=0;manual_check_names=;failed_rule_text=Role mapping (1);parsed_pac_pdf;automated_failure_count=1;automated_failure_names=Role mapping;warning_count=0;warning_names=;manual_check_count=0;manual_check_names=;failed_rule_text=Role mapping (1);parsed_pac_pdf;automated_failure_count=1;automated_failure_names=Role mapping;warning_count=0;warning_names=;manual_check_count=0;manual_check_names=;failed_rule_text=Role mapping (1);parsed_pac_pdf;automated_failure_count=1;automated_failure_names=Role mapping;warning_count=0;warning_names=;manual_check_count=0;manual_check_names=;failed_rule_text=Role mapping (1);formal_classification=Detected
PAC::Formal::PDFUA-Ref-2-04_Presentation-M01,PDFUA-Ref-2-04_Presentation-M01,PDFUA-Ref-2-04_Presentation,PAC,Formal,BASELINE_PASS,PAC::Formal::PDFUA-Ref-2-04_Presentation,90acb829ca8bfa037796592539d15010e9099d1cd2622aac1fce7d9fd3ae7575,1e4ccf771ae704a24d184020cdac9bd43d0a9bdb6ab88e04b7893d040d642c9c,Missed,No new automated checkpoint matched the intended M01 property. Evidence: baseline report=evidence\pac\formal\PDFUA-Ref-2-04_Presentation__90acb829ca8bfa037796592539d15010e9099d1cd2622aac1fce7d9fd3ae7575.pdf; mutant report=evidence\pac\formal\PDFUA-Ref-2-04_Presentation-M01__1e4ccf771ae704a24d184020cdac9bd43d0a9bdb6ab88e04b7893d040d642c9c.pdf; baseline_sha256=90acb829ca8bfa037796592539d15010e9099d1cd2622aac1fce7d9fd3ae7575; mutant_sha256=1e4ccf771ae704a24d184020cdac9bd43d0a9bdb6ab88e04b7893d040d642c9c; baseline_rules=none; mutant_rules=NONE_REPORTED.
PAC::Formal::PDFUA-Ref-2-04_Presentation-M02,PDFUA-Ref-2-04_Presentation-M02,PDFUA-Ref-2-04_Presentation,PAC,Formal,BASELINE_PASS,PAC::Formal::PDFUA-Ref-2-04_Presentation,90acb829ca8bfa037796592539d15010e9099d1cd2622aac1fce7d9fd3ae7575,e85501fb90d221c574cae80f0cab8f7db33b2a21c9b89e7f2de4167b4dd87880,Missed,No new automated checkpoint matched the intended M02 property. Evidence: baseline report=evidence\pac\formal\PDFUA-Ref-2-04_Presentation__90acb829ca8bfa037796592539d15010e9099d1cd2622aac1fce7d9fd3ae7575.pdf; mutant report=evidence\pac\formal\PDFUA-Ref-2-04_Presentation-M02__e85501fb90d221c574cae80f0cab8f7db33b2a21c9b89e7f2de4167b4dd87880.pdf; baseline_sha256=90acb829ca8bfa037796592539d15010e9099d1cd2622aac1fce7d9fd3ae7575; mutant_sha256=e85501fb90d221c574cae80f0cab8f7db33b2a21c9b89e7f2de4167b4dd87880; baseline_rules=none; mutant_rules=NONE_REPORTED.
PAC::Formal::PDFUA-Ref-2-04_Presentation-M03,PDFUA-Ref-2-04_Presentation-M03,PDFUA-Ref-2-04_Presentation,PAC,Formal,BASELINE_PASS,PAC::Formal::PDFUA-Ref-2-04_Presentation,90acb829ca8bfa037796592539d15010e9099d1cd2622aac1fce7d9fd3ae7575,23612f2c7708412a2bcfc9ba1023d8712c0db74be6f6752d7b04bb54b23913b7,Detected,New automated checkpoint(s) structure elements match the intended M03 property. Evidence: baseline report=evidence\pac\formal\PDFUA-Ref-2-04_Presentation__90acb829ca8bfa037796592539d15010e9099d1cd2622aac1fce7d9fd3ae7575.pdf; mutant report=evidence\pac\formal\PDFUA-Ref-2-04_Presentation-M03__23612f2c7708412a2bcfc9ba1023d8712c0db74be6f6752d7b04bb54b23913b7.pdf; baseline_sha256=90acb829ca8bfa037796592539d15010e9099d1cd2622aac1fce7d9fd3ae7575; mutant_sha256=23612f2c7708412a2bcfc9ba1023d8712c0db74be6f6752d7b04bb54b23913b7; baseline_rules=none; mutant_rules=Structure elements.
PAC::Formal::PDFUA-Ref-2-04_Presentation-M04,PDFUA-Ref-2-04_Presentation-M04,PDFUA-Ref-2-04_Presentation,PAC,Formal,BASELINE_PASS,PAC::Formal::PDFUA-Ref-2-04_Presentation,90acb829ca8bfa037796592539d15010e9099d1cd2622aac1fce7d9fd3ae7575,d54e7cdfa78b6be17e9234803de1e88ece27cba0282e244b0f0abfdd992487cd,Missed,No new automated checkpoint matched the intended M04 property; unrelated/collateral new finding(s) PDF Syntax are not counted. Evidence: baseline report=evidence\pac\formal\PDFUA-Ref-2-04_Presentation__90acb829ca8bfa037796592539d15010e9099d1cd2622aac1fce7d9fd3ae7575.pdf; mutant report=evidence\pac\formal\PDFUA-Ref-2-04_Presentation-M04__d54e7cdfa78b6be17e9234803de1e88ece27cba0282e244b0f0abfdd992487cd.pdf; baseline_sha256=90acb829ca8bfa037796592539d15010e9099d1cd2622aac1fce7d9fd3ae7575; mutant_sha256=d54e7cdfa78b6be17e9234803de1e88ece27cba0282e244b0f0abfdd992487cd; baseline_rules=none; mutant_rules=PDF Syntax.
PAC::Formal::PDFUA-Ref-2-04_Presentation-M05,PDFUA-Ref-2-04_Presentation-M05,PDFUA-Ref-2-04_Presentation,PAC,Formal,BASELINE_PASS,PAC::Formal::PDFUA-Ref-2-04_Presentation,90acb829ca8bfa037796592539d15010e9099d1cd2622aac1fce7d9fd3ae7575,5d72a6c172200b5c5bf50850d45e535a9ed8454edfec1b2714a6c72159995d5c,Missed,No new automated checkpoint matched the intended M05 property. Evidence: baseline report=evidence\pac\formal\PDFUA-Ref-2-04_Presentation__90acb829ca8bfa037796592539d15010e9099d1cd2622aac1fce7d9fd3ae7575.pdf; mutant report=evidence\pac\formal\PDFUA-Ref-2-04_Presentation-M05__5d72a6c172200b5c5bf50850d45e535a9ed8454edfec1b2714a6c72159995d5c.pdf; baseline_sha256=90acb829ca8bfa037796592539d15010e9099d1cd2622aac1fce7d9fd3ae7575; mutant_sha256=5d72a6c172200b5c5bf50850d45e535a9ed8454edfec1b2714a6c72159995d5c; baseline_rules=none; mutant_rules=none.
PAC::Formal::PDFUA-Ref-2-04_Presentation-M06,PDFUA-Ref-2-04_Presentation-M06,PDFUA-Ref-2-04_Presentation,PAC,Formal,BASELINE_PASS,PAC::Formal::PDFUA-Ref-2-04_Presentation,90acb829ca8bfa037796592539d15010e9099d1cd2622aac1fce7d9fd3ae7575,56a2b7314c6bb652499bd6ed6a070925d4a76b840d9a06a4377b055a02d37da4,Missed,No new automated checkpoint matched the intended M06 property. Evidence: baseline report=evidence\pac\formal\PDFUA-Ref-2-04_Presentation__90acb829ca8bfa037796592539d15010e9099d1cd2622aac1fce7d9fd3ae7575.pdf; mutant report=evidence\pac\formal\PDFUA-Ref-2-04_Presentation-M06__56a2b7314c6bb652499bd6ed6a070925d4a76b840d9a06a4377b055a02d37da4.pdf; baseline_sha256=90acb829ca8bfa037796592539d15010e9099d1cd2622aac1fce7d9fd3ae7575; mutant_sha256=56a2b7314c6bb652499bd6ed6a070925d4a76b840d9a06a4377b055a02d37da4; baseline_rules=none; mutant_rules=NONE_REPORTED.
PAC::Formal::PDFUA-Ref-2-04_Presentation-M07,PDFUA-Ref-2-04_Presentation-M07,PDFUA-Ref-2-04_Presentation,PAC,Formal,BASELINE_PASS,PAC::Formal::PDFUA-Ref-2-04_Presentation,90acb829ca8bfa037796592539d15010e9099d1cd2622aac1fce7d9fd3ae7575,09d414160bdb30b7d9aa23413647b6ba38f434340f1d3f0d3164a1d37d5d3088,Detected,New automated checkpoint(s) alternative descriptions match the intended M07 property. Evidence: baseline report=evidence\pac\formal\PDFUA-Ref-2-04_Presentation__90acb829ca8bfa037796592539d15010e9099d1cd2622aac1fce7d9fd3ae7575.pdf; mutant report=evidence\pac\formal\PDFUA-Ref-2-04_Presentation-M07__09d414160bdb30b7d9aa23413647b6ba38f434340f1d3f0d3164a1d37d5d3088.pdf; baseline_sha256=90acb829ca8bfa037796592539d15010e9099d1cd2622aac1fce7d9fd3ae7575; mutant_sha256=09d414160bdb30b7d9aa23413647b6ba38f434340f1d3f0d3164a1d37d5d3088; baseline_rules=none; mutant_rules=Alternative Descriptions.
PAC::Formal::PDFUA-Ref-2-04_Presentation-M08,PDFUA-Ref-2-04_Presentation-M08,PDFUA-Ref-2-04_Presentation,PAC,Formal,BASELINE_PASS,PAC::Formal::PDFUA-Ref-2-04_Presentation,90acb829ca8bfa037796592539d15010e9099d1cd2622aac1fce7d9fd3ae7575,72f5f8517793703f0eb2affec0285f5bfb13a062e91810ef96c17a766aa81539,Detected,New automated checkpoint(s) natural language match the intended M08 property. Evidence: baseline report=evidence\pac\formal\PDFUA-Ref-2-04_Presentation__90acb829ca8bfa037796592539d15010e9099d1cd2622aac1fce7d9fd3ae7575.pdf; mutant report=evidence\pac\formal\PDFUA-Ref-2-04_Presentation-M08__72f5f8517793703f0eb2affec0285f5bfb13a062e91810ef96c17a766aa81539.pdf; baseline_sha256=90acb829ca8bfa037796592539d15010e9099d1cd2622aac1fce7d9fd3ae7575; mutant_sha256=72f5f8517793703f0eb2affec0285f5bfb13a062e91810ef96c17a766aa81539; baseline_rules=none; mutant_rules=Natural language.
PAC::Formal::PDFUA-Ref-2-04_Presentation-M09,PDFUA-Ref-2-04_Presentation-M09,PDFUA-Ref-2-04_Presentation,PAC,Formal,BASELINE_PASS,PAC::Formal::PDFUA-Ref-2-04_Presentation,90acb829ca8bfa037796592539d15010e9099d1cd2622aac1fce7d9fd3ae7575,d9603ca680cfdcaf22033828f12e55e1d26f825bcbdfaf7dd0a29798ea61de3a,Detected,New automated checkpoint(s) role mapping match the intended M09 property. Evidence: baseline report=evidence\pac\formal\PDFUA-Ref-2-04_Presentation__90acb829ca8bfa037796592539d15010e9099d1cd2622aac1fce7d9fd3ae7575.pdf; mutant report=evidence\pac\formal\PDFUA-Ref-2-04_Presentation-M09__d9603ca680cfdcaf22033828f12e55e1d26f825bcbdfaf7dd0a29798ea61de3a.pdf; baseline_sha256=90acb829ca8bfa037796592539d15010e9099d1cd2622aac1fce7d9fd3ae7575; mutant_sha256=d9603ca680cfdcaf22033828f12e55e1d26f825bcbdfaf7dd0a29798ea61de3a; baseline_rules=none; mutant_rules=Role mapping.
PAC::Formal::PDFUA-Ref-2-05_BookChapter-german-M01,PDFUA-Ref-2-05_BookChapter-german-M01,PDFUA-Ref-2-05_BookChapter-german,PAC,Formal,BASELINE_PASS,PAC::Formal::PDFUA-Ref-2-05_BookChapter-german,fc525b8899da31779b6143c16053779cd560d4417018a901472de33c71252352,f3455e42a1e7610054506c9ece9cfbef949f888e93294fce9eae762222be6078,Missed,No new automated checkpoint matched the intended M01 property. Evidence: baseline report=evidence\pac\formal\PDFUA-Ref-2-05_BookChapter-german__fc525b8899da31779b6143c16053779cd560d4417018a901472de33c71252352.pdf; mutant report=evidence\pac\formal\PDFUA-Ref-2-05_BookChapter-german-M01__f3455e42a1e7610054506c9ece9cfbef949f888e93294fce9eae762222be6078.pdf; baseline_sha256=fc525b8899da31779b6143c16053779cd560d4417018a901472de33c71252352; mutant_sha256=f3455e42a1e7610054506c9ece9cfbef949f888e93294fce9eae762222be6078; baseline_rules=none; mutant_rules=NONE_REPORTED.
PAC::Formal::PDFUA-Ref-2-05_BookChapter-german-M02,PDFUA-Ref-2-05_BookChapter-german-M02,PDFUA-Ref-2-05_BookChapter-german,PAC,Formal,BASELINE_PASS,PAC::Formal::PDFUA-Ref-2-05_BookChapter-german,fc525b8899da31779b6143c16053779cd560d4417018a901472de33c71252352,5b806fd39c6559c0416737eb3cc131c05f5071f0b1d758af0fecca9b315070af,Missed,No new automated checkpoint matched the intended M02 property. Evidence: baseline report=evidence\pac\formal\PDFUA-Ref-2-05_BookChapter-german__fc525b8899da31779b6143c16053779cd560d4417018a901472de33c71252352.pdf; mutant report=evidence\pac\formal\PDFUA-Ref-2-05_BookChapter-german-M02__5b806fd39c6559c0416737eb3cc131c05f5071f0b1d758af0fecca9b315070af.pdf; baseline_sha256=fc525b8899da31779b6143c16053779cd560d4417018a901472de33c71252352; mutant_sha256=5b806fd39c6559c0416737eb3cc131c05f5071f0b1d758af0fecca9b315070af; baseline_rules=none; mutant_rules=NONE_REPORTED.
PAC::Formal::PDFUA-Ref-2-05_BookChapter-german-M03,PDFUA-Ref-2-05_BookChapter-german-M03,PDFUA-Ref-2-05_BookChapter-german,PAC,Formal,BASELINE_PASS,PAC::Formal::PDFUA-Ref-2-05_BookChapter-german,fc525b8899da31779b6143c16053779cd560d4417018a901472de33c71252352,08a17db95cf262351a8e2a6464edaec73836e71fd34b0db112bdec9676930e75,Detected,New automated checkpoint(s) structure elements match the intended M03 property. Evidence: baseline report=evidence\pac\formal\PDFUA-Ref-2-05_BookChapter-german__fc525b8899da31779b6143c16053779cd560d4417018a901472de33c71252352.pdf; mutant report=evidence\pac\formal\PDFUA-Ref-2-05_BookChapter-german-M03__08a17db95cf262351a8e2a6464edaec73836e71fd34b0db112bdec9676930e75.pdf; baseline_sha256=fc525b8899da31779b6143c16053779cd560d4417018a901472de33c71252352; mutant_sha256=08a17db95cf262351a8e2a6464edaec73836e71fd34b0db112bdec9676930e75; baseline_rules=none; mutant_rules=Structure elements.
PAC::Formal::PDFUA-Ref-2-05_BookChapter-german-M04,PDFUA-Ref-2-05_BookChapter-german-M04,PDFUA-Ref-2-05_BookChapter-german,PAC,Formal,BASELINE_PASS,PAC::Formal::PDFUA-Ref-2-05_BookChapter-german,fc525b8899da31779b6143c16053779cd560d4417018a901472de33c71252352,668b5c55c85237169484722c15354e8d353179f8b9fc9e96a2a6f83a13c71250,Missed,No new automated checkpoint matched the intended M04 property; unrelated/collateral new finding(s) PDF Syntax are not counted. Evidence: baseline report=evidence\pac\formal\PDFUA-Ref-2-05_BookChapter-german__fc525b8899da31779b6143c16053779cd560d4417018a901472de33c71252352.pdf; mutant report=evidence\pac\formal\PDFUA-Ref-2-05_BookChapter-german-M04__668b5c55c85237169484722c15354e8d353179f8b9fc9e96a2a6f83a13c71250.pdf; baseline_sha256=fc525b8899da31779b6143c16053779cd560d4417018a901472de33c71252352; mutant_sha256=668b5c55c85237169484722c15354e8d353179f8b9fc9e96a2a6f83a13c71250; baseline_rules=none; mutant_rules=PDF Syntax.
PAC::Formal::PDFUA-Ref-2-05_BookChapter-german-M05,PDFUA-Ref-2-05_BookChapter-german-M05,PDFUA-Ref-2-05_BookChapter-german,PAC,Formal,BASELINE_PASS,PAC::Formal::PDFUA-Ref-2-05_BookChapter-german,fc525b8899da31779b6143c16053779cd560d4417018a901472de33c71252352,b7a688694201ed24e8dda1fcf6290c752e42d1ab1d074fc0c8f9d29c0dcad216,Missed,No new automated checkpoint matched the intended M05 property. Evidence: baseline report=evidence\pac\formal\PDFUA-Ref-2-05_BookChapter-german__fc525b8899da31779b6143c16053779cd560d4417018a901472de33c71252352.pdf; mutant report=evidence\pac\formal\PDFUA-Ref-2-05_BookChapter-german-M05__b7a688694201ed24e8dda1fcf6290c752e42d1ab1d074fc0c8f9d29c0dcad216.pdf; baseline_sha256=fc525b8899da31779b6143c16053779cd560d4417018a901472de33c71252352; mutant_sha256=b7a688694201ed24e8dda1fcf6290c752e42d1ab1d074fc0c8f9d29c0dcad216; baseline_rules=none; mutant_rules=none.
PAC::Formal::PDFUA-Ref-2-05_BookChapter-german-M06,PDFUA-Ref-2-05_BookChapter-german-M06,PDFUA-Ref-2-05_BookChapter-german,PAC,Formal,BASELINE_PASS,PAC::Formal::PDFUA-Ref-2-05_BookChapter-german,fc525b8899da31779b6143c16053779cd560d4417018a901472de33c71252352,823c2b5ddc120128c9e6eb07963de30f15be94f72a40d781b698af48fb5833a6,Missed,No new automated checkpoint matched the intended M06 property. Evidence: baseline report=evidence\pac\formal\PDFUA-Ref-2-05_BookChapter-german__fc525b8899da31779b6143c16053779cd560d4417018a901472de33c71252352.pdf; mutant report=evidence\pac\formal\PDFUA-Ref-2-05_BookChapter-german-M06__823c2b5ddc120128c9e6eb07963de30f15be94f72a40d781b698af48fb5833a6.pdf; baseline_sha256=fc525b8899da31779b6143c16053779cd560d4417018a901472de33c71252352; mutant_sha256=823c2b5ddc120128c9e6eb07963de30f15be94f72a40d781b698af48fb5833a6; baseline_rules=none; mutant_rules=NONE_REPORTED.
PAC::Formal::PDFUA-Ref-2-05_BookChapter-german-M07,PDFUA-Ref-2-05_BookChapter-german-M07,PDFUA-Ref-2-05_BookChapter-german,PAC,Formal,BASELINE_PASS,PAC::Formal::PDFUA-Ref-2-05_BookChapter-german,fc525b8899da31779b6143c16053779cd560d4417018a901472de33c71252352,be8cb7f6aca4a81ecb01654b816f6ae0f5cf8f5daa45ebf5468925fcf7ab9742,Detected,New automated checkpoint(s) alternative descriptions match the intended M07 property. Evidence: baseline report=evidence\pac\formal\PDFUA-Ref-2-05_BookChapter-german__fc525b8899da31779b6143c16053779cd560d4417018a901472de33c71252352.pdf; mutant report=evidence\pac\formal\PDFUA-Ref-2-05_BookChapter-german-M07__be8cb7f6aca4a81ecb01654b816f6ae0f5cf8f5daa45ebf5468925fcf7ab9742.pdf; baseline_sha256=fc525b8899da31779b6143c16053779cd560d4417018a901472de33c71252352; mutant_sha256=be8cb7f6aca4a81ecb01654b816f6ae0f5cf8f5daa45ebf5468925fcf7ab9742; baseline_rules=none; mutant_rules=Alternative Descriptions.
PAC::Formal::PDFUA-Ref-2-05_BookChapter-german-M08,PDFUA-Ref-2-05_BookChapter-german-M08,PDFUA-Ref-2-05_BookChapter-german,PAC,Formal,BASELINE_PASS,PAC::Formal::PDFUA-Ref-2-05_BookChapter-german,fc525b8899da31779b6143c16053779cd560d4417018a901472de33c71252352,01ada38b1d9dc17882581a3ae080fa771f7a3ed2d3affbff49473ff510719fdd,Detected,New automated checkpoint(s) natural language match the intended M08 property. Evidence: baseline report=evidence\pac\formal\PDFUA-Ref-2-05_BookChapter-german__fc525b8899da31779b6143c16053779cd560d4417018a901472de33c71252352.pdf; mutant report=evidence\pac\formal\PDFUA-Ref-2-05_BookChapter-german-M08__01ada38b1d9dc17882581a3ae080fa771f7a3ed2d3affbff49473ff510719fdd.pdf; baseline_sha256=fc525b8899da31779b6143c16053779cd560d4417018a901472de33c71252352; mutant_sha256=01ada38b1d9dc17882581a3ae080fa771f7a3ed2d3affbff49473ff510719fdd; baseline_rules=none; mutant_rules=Natural language.
PAC::Formal::PDFUA-Ref-2-05_BookChapter-german-M09,PDFUA-Ref-2-05_BookChapter-german-M09,PDFUA-Ref-2-05_BookChapter-german,PAC,Formal,BASELINE_PASS,PAC::Formal::PDFUA-Ref-2-05_BookChapter-german,fc525b8899da31779b6143c16053779cd560d4417018a901472de33c71252352,0ceaf48c6cf200ecab12a36c5bc30bb019911102fe2f2c7bc94508c87f43333f,Detected,New automated checkpoint(s) role mapping match the intended M09 property. Evidence: baseline report=evidence\pac\formal\PDFUA-Ref-2-05_BookChapter-german__fc525b8899da31779b6143c16053779cd560d4417018a901472de33c71252352.pdf; mutant report=evidence\pac\formal\PDFUA-Ref-2-05_BookChapter-german-M09__0ceaf48c6cf200ecab12a36c5bc30bb019911102fe2f2c7bc94508c87f43333f.pdf; baseline_sha256=fc525b8899da31779b6143c16053779cd560d4417018a901472de33c71252352; mutant_sha256=0ceaf48c6cf200ecab12a36c5bc30bb019911102fe2f2c7bc94508c87f43333f; baseline_rules=none; mutant_rules=Role mapping.
PAC::Formal::PDFUA-Ref-2-05_BookChapter-german-M10,PDFUA-Ref-2-05_BookChapter-german-M10,PDFUA-Ref-2-05_BookChapter-german,PAC,Formal,BASELINE_PASS,PAC::Formal::PDFUA-Ref-2-05_BookChapter-german,fc525b8899da31779b6143c16053779cd560d4417018a901472de33c71252352,4dcdbc2dd191cbca8b848640ec29c68cd21d74dedbbcacdb21e76112bb1d3f9c,Detected,New automated checkpoint(s) structure tree match the intended M10 property. Evidence: baseline report=evidence\pac\formal\PDFUA-Ref-2-05_BookChapter-german__fc525b8899da31779b6143c16053779cd560d4417018a901472de33c71252352.pdf; mutant report=evidence\pac\formal\PDFUA-Ref-2-05_BookChapter-german-M10__4dcdbc2dd191cbca8b848640ec29c68cd21d74dedbbcacdb21e76112bb1d3f9c.pdf; baseline_sha256=fc525b8899da31779b6143c16053779cd560d4417018a901472de33c71252352; mutant_sha256=4dcdbc2dd191cbca8b848640ec29c68cd21d74dedbbcacdb21e76112bb1d3f9c; baseline_rules=none; mutant_rules=Structure tree.
PAC::Formal::PDFUA-Ref-2-06_Brochure-M01,PDFUA-Ref-2-06_Brochure-M01,PDFUA-Ref-2-06_Brochure,PAC,Formal,BASELINE_PASS,PAC::Formal::PDFUA-Ref-2-06_Brochure,aefd5ab48a908b9996ffadcb14d8ff31a2c653657cbe011a46f4cf61396a589e,a1a94935bccdbaad7b39c045e9c627fb5deacc3f7fd7fa80c8c77cd6c02acf0a,Missed,No new automated checkpoint matched the intended M01 property. Evidence: baseline report=evidence\pac\formal\PDFUA-Ref-2-06_Brochure__aefd5ab48a908b9996ffadcb14d8ff31a2c653657cbe011a46f4cf61396a589e.pdf; mutant report=evidence\pac\formal\PDFUA-Ref-2-06_Brochure-M01__a1a94935bccdbaad7b39c045e9c627fb5deacc3f7fd7fa80c8c77cd6c02acf0a.pdf; baseline_sha256=aefd5ab48a908b9996ffadcb14d8ff31a2c653657cbe011a46f4cf61396a589e; mutant_sha256=a1a94935bccdbaad7b39c045e9c627fb5deacc3f7fd7fa80c8c77cd6c02acf0a; baseline_rules=none; mutant_rules=NONE_REPORTED.
PAC::Formal::PDFUA-Ref-2-06_Brochure-M02,PDFUA-Ref-2-06_Brochure-M02,PDFUA-Ref-2-06_Brochure,PAC,Formal,BASELINE_PASS,PAC::Formal::PDFUA-Ref-2-06_Brochure,aefd5ab48a908b9996ffadcb14d8ff31a2c653657cbe011a46f4cf61396a589e,6a7c6c4b28369d6bc3ab0f091ff69a08665fe3b8d8398a7fa59ac5bab1cef360,Missed,No new automated checkpoint matched the intended M02 property. Evidence: baseline report=evidence\pac\formal\PDFUA-Ref-2-06_Brochure__aefd5ab48a908b9996ffadcb14d8ff31a2c653657cbe011a46f4cf61396a589e.pdf; mutant report=evidence\pac\formal\PDFUA-Ref-2-06_Brochure-M02__6a7c6c4b28369d6bc3ab0f091ff69a08665fe3b8d8398a7fa59ac5bab1cef360.pdf; baseline_sha256=aefd5ab48a908b9996ffadcb14d8ff31a2c653657cbe011a46f4cf61396a589e; mutant_sha256=6a7c6c4b28369d6bc3ab0f091ff69a08665fe3b8d8398a7fa59ac5bab1cef360; baseline_rules=none; mutant_rules=NONE_REPORTED.
PAC::Formal::PDFUA-Ref-2-06_Brochure-M03,PDFUA-Ref-2-06_Brochure-M03,PDFUA-Ref-2-06_Brochure,PAC,Formal,BASELINE_PASS,PAC::Formal::PDFUA-Ref-2-06_Brochure,aefd5ab48a908b9996ffadcb14d8ff31a2c653657cbe011a46f4cf61396a589e,ed0e82b1eecd666930ccb41d3c75cc0a8703cc39d76b6ab87e15b1f70fd5935f,Detected,New automated checkpoint(s) structure elements match the intended M03 property. Evidence: baseline report=evidence\pac\formal\PDFUA-Ref-2-06_Brochure__aefd5ab48a908b9996ffadcb14d8ff31a2c653657cbe011a46f4cf61396a589e.pdf; mutant report=evidence\pac\formal\PDFUA-Ref-2-06_Brochure-M03__ed0e82b1eecd666930ccb41d3c75cc0a8703cc39d76b6ab87e15b1f70fd5935f.pdf; baseline_sha256=aefd5ab48a908b9996ffadcb14d8ff31a2c653657cbe011a46f4cf61396a589e; mutant_sha256=ed0e82b1eecd666930ccb41d3c75cc0a8703cc39d76b6ab87e15b1f70fd5935f; baseline_rules=none; mutant_rules=Structure elements.
PAC::Formal::PDFUA-Ref-2-06_Brochure-M04,PDFUA-Ref-2-06_Brochure-M04,PDFUA-Ref-2-06_Brochure,PAC,Formal,BASELINE_PASS,PAC::Formal::PDFUA-Ref-2-06_Brochure,aefd5ab48a908b9996ffadcb14d8ff31a2c653657cbe011a46f4cf61396a589e,12c8c27582c8ca949f0f95dc11371ef2a8c3a3a6a72bed7e8b82ff9aa74a049d,Missed,No new automated checkpoint matched the intended M04 property; unrelated/collateral new finding(s) PDF Syntax are not counted. Evidence: baseline report=evidence\pac\formal\PDFUA-Ref-2-06_Brochure__aefd5ab48a908b9996ffadcb14d8ff31a2c653657cbe011a46f4cf61396a589e.pdf; mutant report=evidence\pac\formal\PDFUA-Ref-2-06_Brochure-M04__12c8c27582c8ca949f0f95dc11371ef2a8c3a3a6a72bed7e8b82ff9aa74a049d.pdf; baseline_sha256=aefd5ab48a908b9996ffadcb14d8ff31a2c653657cbe011a46f4cf61396a589e; mutant_sha256=12c8c27582c8ca949f0f95dc11371ef2a8c3a3a6a72bed7e8b82ff9aa74a049d; baseline_rules=none; mutant_rules=PDF Syntax.
PAC::Formal::PDFUA-Ref-2-06_Brochure-M05,PDFUA-Ref-2-06_Brochure-M05,PDFUA-Ref-2-06_Brochure,PAC,Formal,BASELINE_PASS,PAC::Formal::PDFUA-Ref-2-06_Brochure,aefd5ab48a908b9996ffadcb14d8ff31a2c653657cbe011a46f4cf61396a589e,692c7fddc91d6d6899dc1f9e820e2851a6cbeaa9694f0841b53445b15b8e3012,Missed,No new automated checkpoint matched the intended M05 property. Evidence: baseline report=evidence\pac\formal\PDFUA-Ref-2-06_Brochure__aefd5ab48a908b9996ffadcb14d8ff31a2c653657cbe011a46f4cf61396a589e.pdf; mutant report=evidence\pac\formal\PDFUA-Ref-2-06_Brochure-M05__692c7fddc91d6d6899dc1f9e820e2851a6cbeaa9694f0841b53445b15b8e3012.pdf; baseline_sha256=aefd5ab48a908b9996ffadcb14d8ff31a2c653657cbe011a46f4cf61396a589e; mutant_sha256=692c7fddc91d6d6899dc1f9e820e2851a6cbeaa9694f0841b53445b15b8e3012; baseline_rules=none; mutant_rules=none.
PAC::Formal::PDFUA-Ref-2-06_Brochure-M06,PDFUA-Ref-2-06_Brochure-M06,PDFUA-Ref-2-06_Brochure,PAC,Formal,BASELINE_PASS,PAC::Formal::PDFUA-Ref-2-06_Brochure,aefd5ab48a908b9996ffadcb14d8ff31a2c653657cbe011a46f4cf61396a589e,a8629a74e71648776b2bb71606a7de30f1cbea3ffa60417d0bc936fabdb3c382,Missed,No new automated checkpoint matched the intended M06 property. Evidence: baseline report=evidence\pac\formal\PDFUA-Ref-2-06_Brochure__aefd5ab48a908b9996ffadcb14d8ff31a2c653657cbe011a46f4cf61396a589e.pdf; mutant report=evidence\pac\formal\PDFUA-Ref-2-06_Brochure-M06__a8629a74e71648776b2bb71606a7de30f1cbea3ffa60417d0bc936fabdb3c382.pdf; baseline_sha256=aefd5ab48a908b9996ffadcb14d8ff31a2c653657cbe011a46f4cf61396a589e; mutant_sha256=a8629a74e71648776b2bb71606a7de30f1cbea3ffa60417d0bc936fabdb3c382; baseline_rules=none; mutant_rules=NONE_REPORTED.
PAC::Formal::PDFUA-Ref-2-06_Brochure-M07,PDFUA-Ref-2-06_Brochure-M07,PDFUA-Ref-2-06_Brochure,PAC,Formal,BASELINE_PASS,PAC::Formal::PDFUA-Ref-2-06_Brochure,aefd5ab48a908b9996ffadcb14d8ff31a2c653657cbe011a46f4cf61396a589e,7aed010a1cad015f6b9de4498a855cccc6599be37fe85e0ecdbddaef1d9af3dd,Detected,New automated checkpoint(s) alternative descriptions match the intended M07 property. Evidence: baseline report=evidence\pac\formal\PDFUA-Ref-2-06_Brochure__aefd5ab48a908b9996ffadcb14d8ff31a2c653657cbe011a46f4cf61396a589e.pdf; mutant report=evidence\pac\formal\PDFUA-Ref-2-06_Brochure-M07__7aed010a1cad015f6b9de4498a855cccc6599be37fe85e0ecdbddaef1d9af3dd.pdf; baseline_sha256=aefd5ab48a908b9996ffadcb14d8ff31a2c653657cbe011a46f4cf61396a589e; mutant_sha256=7aed010a1cad015f6b9de4498a855cccc6599be37fe85e0ecdbddaef1d9af3dd; baseline_rules=none; mutant_rules=Alternative Descriptions.
PAC::Formal::PDFUA-Ref-2-06_Brochure-M08,PDFUA-Ref-2-06_Brochure-M08,PDFUA-Ref-2-06_Brochure,PAC,Formal,BASELINE_PASS,PAC::Formal::PDFUA-Ref-2-06_Brochure,aefd5ab48a908b9996ffadcb14d8ff31a2c653657cbe011a46f4cf61396a589e,fa090d7a7a195eca6b885da4e9b0884b162b73a3b015be189fc41173738c2996,Detected,New automated checkpoint(s) natural language match the intended M08 property. Evidence: baseline report=evidence\pac\formal\PDFUA-Ref-2-06_Brochure__aefd5ab48a908b9996ffadcb14d8ff31a2c653657cbe011a46f4cf61396a589e.pdf; mutant report=evidence\pac\formal\PDFUA-Ref-2-06_Brochure-M08__fa090d7a7a195eca6b885da4e9b0884b162b73a3b015be189fc41173738c2996.pdf; baseline_sha256=aefd5ab48a908b9996ffadcb14d8ff31a2c653657cbe011a46f4cf61396a589e; mutant_sha256=fa090d7a7a195eca6b885da4e9b0884b162b73a3b015be189fc41173738c2996; baseline_rules=none; mutant_rules=Natural language.
PAC::Formal::PDFUA-Ref-2-06_Brochure-M09,PDFUA-Ref-2-06_Brochure-M09,PDFUA-Ref-2-06_Brochure,PAC,Formal,BASELINE_PASS,PAC::Formal::PDFUA-Ref-2-06_Brochure,aefd5ab48a908b9996ffadcb14d8ff31a2c653657cbe011a46f4cf61396a589e,2ede20fc76f497164df67574e7616dd4d38b7348de5b96418f630cca7982c5bf,REQUIRES_CLASSIFICATION,parsed_pac_pdf;automated_failure_count=1;automated_failure_names=Role mapping;warning_count=0;warning_names=;manual_check_count=0;manual_check_names=;failed_rule_text=Role mapping (1);parsed_pac_pdf;automated_failure_count=1;automated_failure_names=Role mapping;warning_count=0;warning_names=;manual_check_count=0;manual_check_names=;failed_rule_text=Role mapping (1);parsed_pac_pdf;automated_failure_count=1;automated_failure_names=Role mapping;warning_count=0;warning_names=;manual_check_count=0;manual_check_names=;failed_rule_text=Role mapping (1);parsed_pac_pdf;automated_failure_count=1;automated_failure_names=Role mapping;warning_count=0;warning_names=;manual_check_count=0;manual_check_names=;failed_rule_text=Role mapping (1);parsed_pac_pdf;automated_failure_count=1;automated_failure_names=Role mapping;warning_count=0;warning_names=;manual_check_count=0;manual_check_names=;failed_rule_text=Role mapping (1);parsed_pac_pdf;automated_failure_count=1;automated_failure_names=Role mapping;warning_count=0;warning_names=;manual_check_count=0;manual_check_names=;failed_rule_text=Role mapping (1);parsed_pac_pdf;automated_failure_count=1;automated_failure_names=Role mapping;warning_count=0;warning_names=;manual_check_count=0;manual_check_names=;failed_rule_text=Role mapping (1);parsed_pac_pdf;automated_failure_count=1;automated_failure_names=Role mapping;warning_count=0;warning_names=;manual_check_count=0;manual_check_names=;failed_rule_text=Role mapping (1);parsed_pac_pdf;automated_failure_count=1;automated_failure_names=Role mapping;warning_count=0;warning_names=;manual_check_count=0;manual_check_names=;failed_rule_text=Role mapping (1);formal_classification=Detected
PAC::Formal::PDFUA-Ref-2-08_BookChapter-M01,PDFUA-Ref-2-08_BookChapter-M01,PDFUA-Ref-2-08_BookChapter,PAC,Formal,BASELINE_PASS,PAC::Formal::PDFUA-Ref-2-08_BookChapter,2b958600daec79373736f413f2712fcd9c604de2c352cbc1ec9d67cc5d7932f1,f5fdd674ca53247a75d32f520d656f24f8e97e864466f9a72ca8e62487f63178,Missed,No new automated checkpoint matched the intended M01 property; unrelated/collateral new finding(s) Structure elements are not counted. Evidence: baseline report=evidence\pac\formal\PDFUA-Ref-2-08_BookChapter__2b958600daec79373736f413f2712fcd9c604de2c352cbc1ec9d67cc5d7932f1.pdf; mutant report=evidence\pac\formal\PDFUA-Ref-2-08_BookChapter-M01__f5fdd674ca53247a75d32f520d656f24f8e97e864466f9a72ca8e62487f63178.pdf; baseline_sha256=2b958600daec79373736f413f2712fcd9c604de2c352cbc1ec9d67cc5d7932f1; mutant_sha256=f5fdd674ca53247a75d32f520d656f24f8e97e864466f9a72ca8e62487f63178; baseline_rules=none; mutant_rules=Structure elements.
PAC::Formal::PDFUA-Ref-2-08_BookChapter-M02,PDFUA-Ref-2-08_BookChapter-M02,PDFUA-Ref-2-08_BookChapter,PAC,Formal,BASELINE_PASS,PAC::Formal::PDFUA-Ref-2-08_BookChapter,2b958600daec79373736f413f2712fcd9c604de2c352cbc1ec9d67cc5d7932f1,820bea08c3a5eed724bb8d1e65d9e9733c1ca47a0e003ae477aea7cce81725e4,Missed,No new automated checkpoint matched the intended M02 property; unrelated/collateral new finding(s) Structure elements are not counted. Evidence: baseline report=evidence\pac\formal\PDFUA-Ref-2-08_BookChapter__2b958600daec79373736f413f2712fcd9c604de2c352cbc1ec9d67cc5d7932f1.pdf; mutant report=evidence\pac\formal\PDFUA-Ref-2-08_BookChapter-M02__820bea08c3a5eed724bb8d1e65d9e9733c1ca47a0e003ae477aea7cce81725e4.pdf; baseline_sha256=2b958600daec79373736f413f2712fcd9c604de2c352cbc1ec9d67cc5d7932f1; mutant_sha256=820bea08c3a5eed724bb8d1e65d9e9733c1ca47a0e003ae477aea7cce81725e4; baseline_rules=none; mutant_rules=Structure elements.
PAC::Formal::PDFUA-Ref-2-08_BookChapter-M03,PDFUA-Ref-2-08_BookChapter-M03,PDFUA-Ref-2-08_BookChapter,PAC,Formal,BASELINE_PASS,PAC::Formal::PDFUA-Ref-2-08_BookChapter,2b958600daec79373736f413f2712fcd9c604de2c352cbc1ec9d67cc5d7932f1,2907d533740ae0bea18da032ef36cea8ec48e3bf026dcf8b61439b86b931ed27,Detected,New automated checkpoint(s) structure elements match the intended M03 property. Evidence: baseline report=evidence\pac\formal\PDFUA-Ref-2-08_BookChapter__2b958600daec79373736f413f2712fcd9c604de2c352cbc1ec9d67cc5d7932f1.pdf; mutant report=evidence\pac\formal\PDFUA-Ref-2-08_BookChapter-M03__2907d533740ae0bea18da032ef36cea8ec48e3bf026dcf8b61439b86b931ed27.pdf; baseline_sha256=2b958600daec79373736f413f2712fcd9c604de2c352cbc1ec9d67cc5d7932f1; mutant_sha256=2907d533740ae0bea18da032ef36cea8ec48e3bf026dcf8b61439b86b931ed27; baseline_rules=none; mutant_rules=Structure elements.
PAC::Formal::PDFUA-Ref-2-08_BookChapter-M04,PDFUA-Ref-2-08_BookChapter-M04,PDFUA-Ref-2-08_BookChapter,PAC,Formal,BASELINE_PASS,PAC::Formal::PDFUA-Ref-2-08_BookChapter,2b958600daec79373736f413f2712fcd9c604de2c352cbc1ec9d67cc5d7932f1,20ac005e0fb4cf3812fefd64b496cf14488a56d493e7c7ee5f5045ce9540c1f5,Missed,No new automated checkpoint matched the intended M04 property; unrelated/collateral new finding(s) PDF Syntax are not counted. Evidence: baseline report=evidence\pac\formal\PDFUA-Ref-2-08_BookChapter__2b958600daec79373736f413f2712fcd9c604de2c352cbc1ec9d67cc5d7932f1.pdf; mutant report=evidence\pac\formal\PDFUA-Ref-2-08_BookChapter-M04__20ac005e0fb4cf3812fefd64b496cf14488a56d493e7c7ee5f5045ce9540c1f5.pdf; baseline_sha256=2b958600daec79373736f413f2712fcd9c604de2c352cbc1ec9d67cc5d7932f1; mutant_sha256=20ac005e0fb4cf3812fefd64b496cf14488a56d493e7c7ee5f5045ce9540c1f5; baseline_rules=none; mutant_rules=PDF Syntax.
PAC::Formal::PDFUA-Ref-2-08_BookChapter-M05,PDFUA-Ref-2-08_BookChapter-M05,PDFUA-Ref-2-08_BookChapter,PAC,Formal,BASELINE_PASS,PAC::Formal::PDFUA-Ref-2-08_BookChapter,2b958600daec79373736f413f2712fcd9c604de2c352cbc1ec9d67cc5d7932f1,db8fd0be417f0b011ca55e313d0bc1bbe4421aec1d8bb27584fa99a9c5d1f7d3,Missed,No new automated checkpoint matched the intended M05 property. Evidence: baseline report=evidence\pac\formal\PDFUA-Ref-2-08_BookChapter__2b958600daec79373736f413f2712fcd9c604de2c352cbc1ec9d67cc5d7932f1.pdf; mutant report=evidence\pac\formal\PDFUA-Ref-2-08_BookChapter-M05__db8fd0be417f0b011ca55e313d0bc1bbe4421aec1d8bb27584fa99a9c5d1f7d3.pdf; baseline_sha256=2b958600daec79373736f413f2712fcd9c604de2c352cbc1ec9d67cc5d7932f1; mutant_sha256=db8fd0be417f0b011ca55e313d0bc1bbe4421aec1d8bb27584fa99a9c5d1f7d3; baseline_rules=none; mutant_rules=none.
PAC::Formal::PDFUA-Ref-2-08_BookChapter-M06,PDFUA-Ref-2-08_BookChapter-M06,PDFUA-Ref-2-08_BookChapter,PAC,Formal,BASELINE_PASS,PAC::Formal::PDFUA-Ref-2-08_BookChapter,2b958600daec79373736f413f2712fcd9c604de2c352cbc1ec9d67cc5d7932f1,86091f5caa50e48f16a3a67354122d88c286f8ad8e5a892f22202d5dfe0be414,Missed,No new automated checkpoint matched the intended M06 property. Evidence: baseline report=evidence\pac\formal\PDFUA-Ref-2-08_BookChapter__2b958600daec79373736f413f2712fcd9c604de2c352cbc1ec9d67cc5d7932f1.pdf; mutant report=evidence\pac\formal\PDFUA-Ref-2-08_BookChapter-M06__86091f5caa50e48f16a3a67354122d88c286f8ad8e5a892f22202d5dfe0be414.pdf; baseline_sha256=2b958600daec79373736f413f2712fcd9c604de2c352cbc1ec9d67cc5d7932f1; mutant_sha256=86091f5caa50e48f16a3a67354122d88c286f8ad8e5a892f22202d5dfe0be414; baseline_rules=none; mutant_rules=NONE_REPORTED.
PAC::Formal::PDFUA-Ref-2-08_BookChapter-M07,PDFUA-Ref-2-08_BookChapter-M07,PDFUA-Ref-2-08_BookChapter,PAC,Formal,BASELINE_PASS,PAC::Formal::PDFUA-Ref-2-08_BookChapter,2b958600daec79373736f413f2712fcd9c604de2c352cbc1ec9d67cc5d7932f1,8df764ab15f21435fc2283a261e0fa073baef1005f3d740e3991a952285746e8,Detected,New automated checkpoint(s) alternative descriptions match the intended M07 property. Evidence: baseline report=evidence\pac\formal\PDFUA-Ref-2-08_BookChapter__2b958600daec79373736f413f2712fcd9c604de2c352cbc1ec9d67cc5d7932f1.pdf; mutant report=evidence\pac\formal\PDFUA-Ref-2-08_BookChapter-M07__8df764ab15f21435fc2283a261e0fa073baef1005f3d740e3991a952285746e8.pdf; baseline_sha256=2b958600daec79373736f413f2712fcd9c604de2c352cbc1ec9d67cc5d7932f1; mutant_sha256=8df764ab15f21435fc2283a261e0fa073baef1005f3d740e3991a952285746e8; baseline_rules=none; mutant_rules=Alternative Descriptions.
PAC::Formal::PDFUA-Ref-2-08_BookChapter-M08,PDFUA-Ref-2-08_BookChapter-M08,PDFUA-Ref-2-08_BookChapter,PAC,Formal,BASELINE_PASS,PAC::Formal::PDFUA-Ref-2-08_BookChapter,2b958600daec79373736f413f2712fcd9c604de2c352cbc1ec9d67cc5d7932f1,2c631cd85add3b7883781fb114651993280bb8c9f360361eaf20cb1f3c1ef0c1,Detected,New automated checkpoint(s) natural language match the intended M08 property. Evidence: baseline report=evidence\pac\formal\PDFUA-Ref-2-08_BookChapter__2b958600daec79373736f413f2712fcd9c604de2c352cbc1ec9d67cc5d7932f1.pdf; mutant report=evidence\pac\formal\PDFUA-Ref-2-08_BookChapter-M08__2c631cd85add3b7883781fb114651993280bb8c9f360361eaf20cb1f3c1ef0c1.pdf; baseline_sha256=2b958600daec79373736f413f2712fcd9c604de2c352cbc1ec9d67cc5d7932f1; mutant_sha256=2c631cd85add3b7883781fb114651993280bb8c9f360361eaf20cb1f3c1ef0c1; baseline_rules=none; mutant_rules=Natural language.
PAC::Formal::PDFUA-Ref-2-08_BookChapter-M10,PDFUA-Ref-2-08_BookChapter-M10,PDFUA-Ref-2-08_BookChapter,PAC,Formal,BASELINE_PASS,PAC::Formal::PDFUA-Ref-2-08_BookChapter,2b958600daec79373736f413f2712fcd9c604de2c352cbc1ec9d67cc5d7932f1,135ebc92b095127190c98164be07186359b69f0908bda83266abdbb34adab269,Detected,New automated checkpoint(s) structure tree match the intended M10 property. Evidence: baseline report=evidence\pac\formal\PDFUA-Ref-2-08_BookChapter__2b958600daec79373736f413f2712fcd9c604de2c352cbc1ec9d67cc5d7932f1.pdf; mutant report=evidence\pac\formal\PDFUA-Ref-2-08_BookChapter-M10__135ebc92b095127190c98164be07186359b69f0908bda83266abdbb34adab269.pdf; baseline_sha256=2b958600daec79373736f413f2712fcd9c604de2c352cbc1ec9d67cc5d7932f1; mutant_sha256=135ebc92b095127190c98164be07186359b69f0908bda83266abdbb34adab269; baseline_rules=none; mutant_rules=Structure tree.
PAC::Formal::PDFUA-Ref-2-09_Scanned-M01,PDFUA-Ref-2-09_Scanned-M01,PDFUA-Ref-2-09_Scanned,PAC,Formal,BASELINE_FAIL,PAC::Formal::PDFUA-Ref-2-09_Scanned,bb46d5c723fe1427dd1bf92ccd8653f9a5cef4054f7d878168b99477fa3792ae,04ce7bde54a9e481e0da7d5bf8a4e7fc98467f2bdbc3803291d166e219df9dc0,Missed,No new automated checkpoint matched the intended M01 property; unrelated/collateral new finding(s) Structure elements are not counted. G09's Natural language baseline failure is confined to excluded M08; active operators are compared only on new rules. Evidence: baseline report=evidence\pac\formal\PDFUA-Ref-2-09_Scanned__bb46d5c723fe1427dd1bf92ccd8653f9a5cef4054f7d878168b99477fa3792ae.pdf; mutant report=evidence\pac\formal\PDFUA-Ref-2-09_Scanned-M01__04ce7bde54a9e481e0da7d5bf8a4e7fc98467f2bdbc3803291d166e219df9dc0.pdf; baseline_sha256=bb46d5c723fe1427dd1bf92ccd8653f9a5cef4054f7d878168b99477fa3792ae; mutant_sha256=04ce7bde54a9e481e0da7d5bf8a4e7fc98467f2bdbc3803291d166e219df9dc0; baseline_rules=Natural language; mutant_rules=Natural language;Structure elements.
PAC::Formal::PDFUA-Ref-2-09_Scanned-M02,PDFUA-Ref-2-09_Scanned-M02,PDFUA-Ref-2-09_Scanned,PAC,Formal,BASELINE_FAIL,PAC::Formal::PDFUA-Ref-2-09_Scanned,bb46d5c723fe1427dd1bf92ccd8653f9a5cef4054f7d878168b99477fa3792ae,f45a0b6356c4f2435d8bd75482c8ff0c17fc8f072b81169e342bff4376b04946,Missed,No new automated checkpoint matched the intended M02 property; unrelated/collateral new finding(s) Structure elements are not counted. G09's Natural language baseline failure is confined to excluded M08; active operators are compared only on new rules. Evidence: baseline report=evidence\pac\formal\PDFUA-Ref-2-09_Scanned__bb46d5c723fe1427dd1bf92ccd8653f9a5cef4054f7d878168b99477fa3792ae.pdf; mutant report=evidence\pac\formal\PDFUA-Ref-2-09_Scanned-M02__f45a0b6356c4f2435d8bd75482c8ff0c17fc8f072b81169e342bff4376b04946.pdf; baseline_sha256=bb46d5c723fe1427dd1bf92ccd8653f9a5cef4054f7d878168b99477fa3792ae; mutant_sha256=f45a0b6356c4f2435d8bd75482c8ff0c17fc8f072b81169e342bff4376b04946; baseline_rules=Natural language; mutant_rules=Natural language;Structure elements.
PAC::Formal::PDFUA-Ref-2-09_Scanned-M03,PDFUA-Ref-2-09_Scanned-M03,PDFUA-Ref-2-09_Scanned,PAC,Formal,BASELINE_FAIL,PAC::Formal::PDFUA-Ref-2-09_Scanned,bb46d5c723fe1427dd1bf92ccd8653f9a5cef4054f7d878168b99477fa3792ae,b86a34d9c3d9be9e5022027a4856df45a5ab30b42b4cc04791130c0229119f7b,Detected,New automated checkpoint(s) structure elements match the intended M03 property. G09's Natural language baseline failure is confined to excluded M08; active operators are compared only on new rules. Evidence: baseline report=evidence\pac\formal\PDFUA-Ref-2-09_Scanned__bb46d5c723fe1427dd1bf92ccd8653f9a5cef4054f7d878168b99477fa3792ae.pdf; mutant report=evidence\pac\formal\PDFUA-Ref-2-09_Scanned-M03__b86a34d9c3d9be9e5022027a4856df45a5ab30b42b4cc04791130c0229119f7b.pdf; baseline_sha256=bb46d5c723fe1427dd1bf92ccd8653f9a5cef4054f7d878168b99477fa3792ae; mutant_sha256=b86a34d9c3d9be9e5022027a4856df45a5ab30b42b4cc04791130c0229119f7b; baseline_rules=Natural language; mutant_rules=Natural language;Structure elements.
PAC::Formal::PDFUA-Ref-2-09_Scanned-M04,PDFUA-Ref-2-09_Scanned-M04,PDFUA-Ref-2-09_Scanned,PAC,Formal,BASELINE_FAIL,PAC::Formal::PDFUA-Ref-2-09_Scanned,bb46d5c723fe1427dd1bf92ccd8653f9a5cef4054f7d878168b99477fa3792ae,494532eaa86c5136f8de492a0bf4f227d91b90aabc6d7eed62506f2e1838ef28,Missed,No new automated checkpoint matched the intended M04 property; unrelated/collateral new finding(s) PDF Syntax are not counted. G09's Natural language baseline failure is confined to excluded M08; active operators are compared only on new rules. Evidence: baseline report=evidence\pac\formal\PDFUA-Ref-2-09_Scanned__bb46d5c723fe1427dd1bf92ccd8653f9a5cef4054f7d878168b99477fa3792ae.pdf; mutant report=evidence\pac\formal\PDFUA-Ref-2-09_Scanned-M04__494532eaa86c5136f8de492a0bf4f227d91b90aabc6d7eed62506f2e1838ef28.pdf; baseline_sha256=bb46d5c723fe1427dd1bf92ccd8653f9a5cef4054f7d878168b99477fa3792ae; mutant_sha256=494532eaa86c5136f8de492a0bf4f227d91b90aabc6d7eed62506f2e1838ef28; baseline_rules=Natural language; mutant_rules=PDF Syntax;Natural language.
PAC::Formal::PDFUA-Ref-2-09_Scanned-M05,PDFUA-Ref-2-09_Scanned-M05,PDFUA-Ref-2-09_Scanned,PAC,Formal,BASELINE_FAIL,PAC::Formal::PDFUA-Ref-2-09_Scanned,bb46d5c723fe1427dd1bf92ccd8653f9a5cef4054f7d878168b99477fa3792ae,6bbc4a32f5cfa0ae69e6f77ec68a66988bc5644b1e60e34278181c151d71b932,Missed,No new automated checkpoint matched the intended M05 property. G09's Natural language baseline failure is confined to excluded M08; active operators are compared only on new rules. Evidence: baseline report=evidence\pac\formal\PDFUA-Ref-2-09_Scanned__bb46d5c723fe1427dd1bf92ccd8653f9a5cef4054f7d878168b99477fa3792ae.pdf; mutant report=evidence\pac\formal\PDFUA-Ref-2-09_Scanned-M05__6bbc4a32f5cfa0ae69e6f77ec68a66988bc5644b1e60e34278181c151d71b932.pdf; baseline_sha256=bb46d5c723fe1427dd1bf92ccd8653f9a5cef4054f7d878168b99477fa3792ae; mutant_sha256=6bbc4a32f5cfa0ae69e6f77ec68a66988bc5644b1e60e34278181c151d71b932; baseline_rules=Natural language; mutant_rules=Natural language.
PAC::Formal::PDFUA-Ref-2-09_Scanned-M06,PDFUA-Ref-2-09_Scanned-M06,PDFUA-Ref-2-09_Scanned,PAC,Formal,BASELINE_FAIL,PAC::Formal::PDFUA-Ref-2-09_Scanned,bb46d5c723fe1427dd1bf92ccd8653f9a5cef4054f7d878168b99477fa3792ae,637c71a7db4ce2fccd3d34ad662d600b62ef46c275c3ca370c2d17a97980c9fa,Missed,No new automated checkpoint matched the intended M06 property. G09's Natural language baseline failure is confined to excluded M08; active operators are compared only on new rules. Evidence: baseline report=evidence\pac\formal\PDFUA-Ref-2-09_Scanned__bb46d5c723fe1427dd1bf92ccd8653f9a5cef4054f7d878168b99477fa3792ae.pdf; mutant report=evidence\pac\formal\PDFUA-Ref-2-09_Scanned-M06__637c71a7db4ce2fccd3d34ad662d600b62ef46c275c3ca370c2d17a97980c9fa.pdf; baseline_sha256=bb46d5c723fe1427dd1bf92ccd8653f9a5cef4054f7d878168b99477fa3792ae; mutant_sha256=637c71a7db4ce2fccd3d34ad662d600b62ef46c275c3ca370c2d17a97980c9fa; baseline_rules=Natural language; mutant_rules=Natural language.
PAC::Formal::PDFUA-Ref-2-09_Scanned-M07,PDFUA-Ref-2-09_Scanned-M07,PDFUA-Ref-2-09_Scanned,PAC,Formal,BASELINE_FAIL,PAC::Formal::PDFUA-Ref-2-09_Scanned,bb46d5c723fe1427dd1bf92ccd8653f9a5cef4054f7d878168b99477fa3792ae,c16652da4ab2f15701bf4b12fb0790c269bea5fadbfd0443c1e5db51c51d2c3a,Detected,New automated checkpoint(s) alternative descriptions match the intended M07 property. G09's Natural language baseline failure is confined to excluded M08; active operators are compared only on new rules. Evidence: baseline report=evidence\pac\formal\PDFUA-Ref-2-09_Scanned__bb46d5c723fe1427dd1bf92ccd8653f9a5cef4054f7d878168b99477fa3792ae.pdf; mutant report=evidence\pac\formal\PDFUA-Ref-2-09_Scanned-M07__c16652da4ab2f15701bf4b12fb0790c269bea5fadbfd0443c1e5db51c51d2c3a.pdf; baseline_sha256=bb46d5c723fe1427dd1bf92ccd8653f9a5cef4054f7d878168b99477fa3792ae; mutant_sha256=c16652da4ab2f15701bf4b12fb0790c269bea5fadbfd0443c1e5db51c51d2c3a; baseline_rules=Natural language; mutant_rules=Natural language;Alternative Descriptions.
PAC::Formal::PDFUA-Ref-2-09_Scanned-M09,PDFUA-Ref-2-09_Scanned-M09,PDFUA-Ref-2-09_Scanned,PAC,Formal,BASELINE_FAIL,PAC::Formal::PDFUA-Ref-2-09_Scanned,bb46d5c723fe1427dd1bf92ccd8653f9a5cef4054f7d878168b99477fa3792ae,fffc16e1954d8c2ffb6abeac0d9a9804aaf2236711ba0d3f06317fbc1e84d548,BASELINE_FAIL,parsed_pac_pdf;automated_failure_count=2;automated_failure_names=Natural language|Role mapping;warning_count=0;warning_names=;manual_check_count=0;manual_check_names=;failed_rule_text=Natural language (1)|Role mapping (1);parsed_pac_pdf;automated_failure_count=2;automated_failure_names=Natural language|Role mapping;warning_count=0;warning_names=;manual_check_count=0;manual_check_names=;failed_rule_text=Natural language (1)|Role mapping (1);parsed_pac_pdf;automated_failure_count=2;automated_failure_names=Natural language|Role mapping;warning_count=0;warning_names=;manual_check_count=0;manual_check_names=;failed_rule_text=Natural language (1)|Role mapping (1);parsed_pac_pdf;automated_failure_count=2;automated_failure_names=Natural language|Role mapping;warning_count=0;warning_names=;manual_check_count=0;manual_check_names=;failed_rule_text=Natural language (1)|Role mapping (1);parsed_pac_pdf;automated_failure_count=2;automated_failure_names=Natural language|Role mapping;warning_count=0;warning_names=;manual_check_count=0;manual_check_names=;failed_rule_text=Natural language (1)|Role mapping (1);parsed_pac_pdf;automated_failure_count=2;automated_failure_names=Natural language|Role mapping;warning_count=0;warning_names=;manual_check_count=0;manual_check_names=;failed_rule_text=Natural language (1)|Role mapping (1);parsed_pac_pdf;automated_failure_count=2;automated_failure_names=Natural language|Role mapping;warning_count=0;warning_names=;manual_check_count=0;manual_check_names=;failed_rule_text=Natural language (1)|Role mapping (1);parsed_pac_pdf;automated_failure_count=2;automated_failure_names=Natural language|Role mapping;warning_count=0;warning_names=;manual_check_count=0;manual_check_names=;failed_rule_text=Natural language (1)|Role mapping (1);parsed_pac_pdf;automated_failure_count=2;automated_failure_names=Natural language|Role mapping;warning_count=0;warning_names=;manual_check_count=0;manual_check_names=;failed_rule_text=Natural language (1)|Role mapping (1);new_rule_ids=Role mapping;new_rule_ids=Role mapping;new_rule_ids=Role mapping;formal_classification=Detected;new_rule_ids=Role mapping;new_rule_ids=Role mapping;new_rule_ids=Role mapping;new_rule_ids=Role mapping;new_rule_ids=Role mapping;new_rule_ids=Role mapping;new_rule_ids=Role mapping;new_rule_ids=Role mapping;new_rule_ids=Role mapping;new_rule_ids=Role mapping;new_rule_ids=Role mapping
PAC::Formal::PDFUA-Ref-2-09_Scanned-M10,PDFUA-Ref-2-09_Scanned-M10,PDFUA-Ref-2-09_Scanned,PAC,Formal,BASELINE_FAIL,PAC::Formal::PDFUA-Ref-2-09_Scanned,bb46d5c723fe1427dd1bf92ccd8653f9a5cef4054f7d878168b99477fa3792ae,c5f2c1706faf55b963f7ae539710aa419a530967f41fcbc495d5fbc6708927e8,Detected,New automated checkpoint(s) structure tree match the intended M10 property. G09's Natural language baseline failure is confined to excluded M08; active operators are compared only on new rules. Evidence: baseline report=evidence\pac\formal\PDFUA-Ref-2-09_Scanned__bb46d5c723fe1427dd1bf92ccd8653f9a5cef4054f7d878168b99477fa3792ae.pdf; mutant report=evidence\pac\formal\PDFUA-Ref-2-09_Scanned-M10__c5f2c1706faf55b963f7ae539710aa419a530967f41fcbc495d5fbc6708927e8.pdf; baseline_sha256=bb46d5c723fe1427dd1bf92ccd8653f9a5cef4054f7d878168b99477fa3792ae; mutant_sha256=c5f2c1706faf55b963f7ae539710aa419a530967f41fcbc495d5fbc6708927e8; baseline_rules=Natural language; mutant_rules=Natural language;Structure tree.
PAC::Formal::PDFUA-Ref-2-10_Form-M01,PDFUA-Ref-2-10_Form-M01,PDFUA-Ref-2-10_Form,PAC,Formal,BASELINE_PASS,PAC::Formal::PDFUA-Ref-2-10_Form,06d5cacd7c5ba9573a57c6d99d3f357ee14a24cff0c138036840fc44c6311806,3f4549f2b3c4a7e8ec2859096f3bc42513bf0df4cad6c5ee1f324835425bfece,Missed,No new automated checkpoint matched the intended M01 property. Evidence: baseline report=evidence\pac\formal\PDFUA-Ref-2-10_Form__06d5cacd7c5ba9573a57c6d99d3f357ee14a24cff0c138036840fc44c6311806.pdf; mutant report=evidence\pac\formal\PDFUA-Ref-2-10_Form-M01__3f4549f2b3c4a7e8ec2859096f3bc42513bf0df4cad6c5ee1f324835425bfece.pdf; baseline_sha256=06d5cacd7c5ba9573a57c6d99d3f357ee14a24cff0c138036840fc44c6311806; mutant_sha256=3f4549f2b3c4a7e8ec2859096f3bc42513bf0df4cad6c5ee1f324835425bfece; baseline_rules=none; mutant_rules=NONE_REPORTED.
PAC::Formal::PDFUA-Ref-2-10_Form-M02,PDFUA-Ref-2-10_Form-M02,PDFUA-Ref-2-10_Form,PAC,Formal,BASELINE_PASS,PAC::Formal::PDFUA-Ref-2-10_Form,06d5cacd7c5ba9573a57c6d99d3f357ee14a24cff0c138036840fc44c6311806,85550ea9d4a77f73600cbc328ea4c1edf6916e032e2f5c79bf30e97f3db2d478,Missed,No new automated checkpoint matched the intended M02 property. Evidence: baseline report=evidence\pac\formal\PDFUA-Ref-2-10_Form__06d5cacd7c5ba9573a57c6d99d3f357ee14a24cff0c138036840fc44c6311806.pdf; mutant report=evidence\pac\formal\PDFUA-Ref-2-10_Form-M02__85550ea9d4a77f73600cbc328ea4c1edf6916e032e2f5c79bf30e97f3db2d478.pdf; baseline_sha256=06d5cacd7c5ba9573a57c6d99d3f357ee14a24cff0c138036840fc44c6311806; mutant_sha256=85550ea9d4a77f73600cbc328ea4c1edf6916e032e2f5c79bf30e97f3db2d478; baseline_rules=none; mutant_rules=NONE_REPORTED.
PAC::Formal::PDFUA-Ref-2-10_Form-M08,PDFUA-Ref-2-10_Form-M08,PDFUA-Ref-2-10_Form,PAC,Formal,BASELINE_PASS,PAC::Formal::PDFUA-Ref-2-10_Form,06d5cacd7c5ba9573a57c6d99d3f357ee14a24cff0c138036840fc44c6311806,53befb723e3cca79d246644678be0a3a09dae65ff4e514fc56d3fa404cd4ff8a,Detected,New automated checkpoint(s) natural language match the intended M08 property. Evidence: baseline report=evidence\pac\formal\PDFUA-Ref-2-10_Form__06d5cacd7c5ba9573a57c6d99d3f357ee14a24cff0c138036840fc44c6311806.pdf; mutant report=evidence\pac\formal\PDFUA-Ref-2-10_Form-M08__53befb723e3cca79d246644678be0a3a09dae65ff4e514fc56d3fa404cd4ff8a.pdf; baseline_sha256=06d5cacd7c5ba9573a57c6d99d3f357ee14a24cff0c138036840fc44c6311806; mutant_sha256=53befb723e3cca79d246644678be0a3a09dae65ff4e514fc56d3fa404cd4ff8a; baseline_rules=none; mutant_rules=Natural language.
PAC::Formal::PDFUA-Ref-2-10_Form-M09,PDFUA-Ref-2-10_Form-M09,PDFUA-Ref-2-10_Form,PAC,Formal,BASELINE_PASS,PAC::Formal::PDFUA-Ref-2-10_Form,06d5cacd7c5ba9573a57c6d99d3f357ee14a24cff0c138036840fc44c6311806,e773fbeada53152d5b48cbcc4598f89c4e40d42fad35db905ae10504d3bf6ff2,REQUIRES_CLASSIFICATION,parsed_pac_pdf;automated_failure_count=1;automated_failure_names=Role mapping;warning_count=0;warning_names=;manual_check_count=0;manual_check_names=;failed_rule_text=Role mapping (1);parsed_pac_pdf;automated_failure_count=1;automated_failure_names=Role mapping;warning_count=0;warning_names=;manual_check_count=0;manual_check_names=;failed_rule_text=Role mapping (1);parsed_pac_pdf;automated_failure_count=1;automated_failure_names=Role mapping;warning_count=0;warning_names=;manual_check_count=0;manual_check_names=;failed_rule_text=Role mapping (1);parsed_pac_pdf;automated_failure_count=1;automated_failure_names=Role mapping;warning_count=0;warning_names=;manual_check_count=0;manual_check_names=;failed_rule_text=Role mapping (1);parsed_pac_pdf;automated_failure_count=1;automated_failure_names=Role mapping;warning_count=0;warning_names=;manual_check_count=0;manual_check_names=;failed_rule_text=Role mapping (1);parsed_pac_pdf;automated_failure_count=1;automated_failure_names=Role mapping;warning_count=0;warning_names=;manual_check_count=0;manual_check_names=;failed_rule_text=Role mapping (1);parsed_pac_pdf;automated_failure_count=1;automated_failure_names=Role mapping;warning_count=0;warning_names=;manual_check_count=0;manual_check_names=;failed_rule_text=Role mapping (1);parsed_pac_pdf;automated_failure_count=1;automated_failure_names=Role mapping;warning_count=0;warning_names=;manual_check_count=0;manual_check_names=;failed_rule_text=Role mapping (1);parsed_pac_pdf;automated_failure_count=1;automated_failure_names=Role mapping;warning_count=0;warning_names=;manual_check_count=0;manual_check_names=;failed_rule_text=Role mapping (1);formal_classification=Detected
veraPDF::PDF/UA-1 ua1::PDFUA-Ref-2-01_Magazine-danish-M01,PDFUA-Ref-2-01_Magazine-danish-M01,PDFUA-Ref-2-01_Magazine-danish,veraPDF,PDF/UA-1 ua1,BASELINE_PASS,veraPDF::PDF/UA-1 ua1::PDFUA-Ref-2-01_Magazine-danish,aef89af13c9c94fc4f4e1a8c5872450cc4c8fff7de544d8ada6a0912425aa434,a52e75193364438a1701f76c986fc047ee3e3b98dd691ec662d2c1d380c5d2df,Missed,No new automated checkpoint matched the intended M01 property. Evidence: baseline report=evidence\verapdf\PDFUA-Ref-2-01_Magazine-danish__aef89af13c9c94fc4f4e1a8c5872450cc4c8fff7de544d8ada6a0912425aa434.json; mutant report=evidence\verapdf\PDFUA-Ref-2-01_Magazine-danish-M01__a52e75193364438a1701f76c986fc047ee3e3b98dd691ec662d2c1d380c5d2df.json; baseline_sha256=aef89af13c9c94fc4f4e1a8c5872450cc4c8fff7de544d8ada6a0912425aa434; mutant_sha256=a52e75193364438a1701f76c986fc047ee3e3b98dd691ec662d2c1d380c5d2df; baseline_rules=none; mutant_rules=none.
veraPDF::PDF/UA-1 ua1::PDFUA-Ref-2-01_Magazine-danish-M02,PDFUA-Ref-2-01_Magazine-danish-M02,PDFUA-Ref-2-01_Magazine-danish,veraPDF,PDF/UA-1 ua1,BASELINE_PASS,veraPDF::PDF/UA-1 ua1::PDFUA-Ref-2-01_Magazine-danish,aef89af13c9c94fc4f4e1a8c5872450cc4c8fff7de544d8ada6a0912425aa434,e8df97191d286d7b52b625d3664034a14374aac4965a0bdd2aa6af57f9876c5f,Missed,No new automated checkpoint matched the intended M02 property. Evidence: baseline report=evidence\verapdf\PDFUA-Ref-2-01_Magazine-danish__aef89af13c9c94fc4f4e1a8c5872450cc4c8fff7de544d8ada6a0912425aa434.json; mutant report=evidence\verapdf\PDFUA-Ref-2-01_Magazine-danish-M02__e8df97191d286d7b52b625d3664034a14374aac4965a0bdd2aa6af57f9876c5f.json; baseline_sha256=aef89af13c9c94fc4f4e1a8c5872450cc4c8fff7de544d8ada6a0912425aa434; mutant_sha256=e8df97191d286d7b52b625d3664034a14374aac4965a0bdd2aa6af57f9876c5f; baseline_rules=none; mutant_rules=none.
veraPDF::PDF/UA-1 ua1::PDFUA-Ref-2-01_Magazine-danish-M03,PDFUA-Ref-2-01_Magazine-danish-M03,PDFUA-Ref-2-01_Magazine-danish,veraPDF,PDF/UA-1 ua1,BASELINE_PASS,veraPDF::PDF/UA-1 ua1::PDFUA-Ref-2-01_Magazine-danish,aef89af13c9c94fc4f4e1a8c5872450cc4c8fff7de544d8ada6a0912425aa434,f7b9e14f0320211e69643205e92b5c0719008a512cbb0b572b00d5362d011bfb,Detected,New automated checkpoint(s) heading match the intended M03 property. Evidence: baseline report=evidence\verapdf\PDFUA-Ref-2-01_Magazine-danish__aef89af13c9c94fc4f4e1a8c5872450cc4c8fff7de544d8ada6a0912425aa434.json; mutant report=evidence\verapdf\PDFUA-Ref-2-01_Magazine-danish-M03__f7b9e14f0320211e69643205e92b5c0719008a512cbb0b572b00d5362d011bfb.json; baseline_sha256=aef89af13c9c94fc4f4e1a8c5872450cc4c8fff7de544d8ada6a0912425aa434; mutant_sha256=f7b9e14f0320211e69643205e92b5c0719008a512cbb0b572b00d5362d011bfb; baseline_rules=none; mutant_rules=7.4.2.
veraPDF::PDF/UA-1 ua1::PDFUA-Ref-2-01_Magazine-danish-M04,PDFUA-Ref-2-01_Magazine-danish-M04,PDFUA-Ref-2-01_Magazine-danish,veraPDF,PDF/UA-1 ua1,BASELINE_PASS,veraPDF::PDF/UA-1 ua1::PDFUA-Ref-2-01_Magazine-danish,aef89af13c9c94fc4f4e1a8c5872450cc4c8fff7de544d8ada6a0912425aa434,eb79fabe18daacdee5408ca7bc5a7968f8113c1721ff80830870d5680a639c82,Missed,No new automated checkpoint matched the intended M04 property. Evidence: baseline report=evidence\verapdf\PDFUA-Ref-2-01_Magazine-danish__aef89af13c9c94fc4f4e1a8c5872450cc4c8fff7de544d8ada6a0912425aa434.json; mutant report=evidence\verapdf\PDFUA-Ref-2-01_Magazine-danish-M04__eb79fabe18daacdee5408ca7bc5a7968f8113c1721ff80830870d5680a639c82.json; baseline_sha256=aef89af13c9c94fc4f4e1a8c5872450cc4c8fff7de544d8ada6a0912425aa434; mutant_sha256=eb79fabe18daacdee5408ca7bc5a7968f8113c1721ff80830870d5680a639c82; baseline_rules=none; mutant_rules=none.
veraPDF::PDF/UA-1 ua1::PDFUA-Ref-2-01_Magazine-danish-M05,PDFUA-Ref-2-01_Magazine-danish-M05,PDFUA-Ref-2-01_Magazine-danish,veraPDF,PDF/UA-1 ua1,BASELINE_PASS,veraPDF::PDF/UA-1 ua1::PDFUA-Ref-2-01_Magazine-danish,aef89af13c9c94fc4f4e1a8c5872450cc4c8fff7de544d8ada6a0912425aa434,5b5f3a85909983e4b44ba0babf92c7e9704757387a94804ef792ca3d3918bb6f,Missed,No new automated checkpoint matched the intended M05 property. Evidence: baseline report=evidence\verapdf\PDFUA-Ref-2-01_Magazine-danish__aef89af13c9c94fc4f4e1a8c5872450cc4c8fff7de544d8ada6a0912425aa434.json; mutant report=evidence\verapdf\PDFUA-Ref-2-01_Magazine-danish-M05__5b5f3a85909983e4b44ba0babf92c7e9704757387a94804ef792ca3d3918bb6f.json; baseline_sha256=aef89af13c9c94fc4f4e1a8c5872450cc4c8fff7de544d8ada6a0912425aa434; mutant_sha256=5b5f3a85909983e4b44ba0babf92c7e9704757387a94804ef792ca3d3918bb6f; baseline_rules=none; mutant_rules=none.
veraPDF::PDF/UA-1 ua1::PDFUA-Ref-2-01_Magazine-danish-M06,PDFUA-Ref-2-01_Magazine-danish-M06,PDFUA-Ref-2-01_Magazine-danish,veraPDF,PDF/UA-1 ua1,BASELINE_PASS,veraPDF::PDF/UA-1 ua1::PDFUA-Ref-2-01_Magazine-danish,aef89af13c9c94fc4f4e1a8c5872450cc4c8fff7de544d8ada6a0912425aa434,4774ad31d5381502e81bc0e30ee6a92559c51bf4bd3772adcc50b3ca1d671d81,Missed,No new automated checkpoint matched the intended M06 property. Evidence: baseline report=evidence\verapdf\PDFUA-Ref-2-01_Magazine-danish__aef89af13c9c94fc4f4e1a8c5872450cc4c8fff7de544d8ada6a0912425aa434.json; mutant report=evidence\verapdf\PDFUA-Ref-2-01_Magazine-danish-M06__4774ad31d5381502e81bc0e30ee6a92559c51bf4bd3772adcc50b3ca1d671d81.json; baseline_sha256=aef89af13c9c94fc4f4e1a8c5872450cc4c8fff7de544d8ada6a0912425aa434; mutant_sha256=4774ad31d5381502e81bc0e30ee6a92559c51bf4bd3772adcc50b3ca1d671d81; baseline_rules=none; mutant_rules=none.
veraPDF::PDF/UA-1 ua1::PDFUA-Ref-2-01_Magazine-danish-M07,PDFUA-Ref-2-01_Magazine-danish-M07,PDFUA-Ref-2-01_Magazine-danish,veraPDF,PDF/UA-1 ua1,BASELINE_PASS,veraPDF::PDF/UA-1 ua1::PDFUA-Ref-2-01_Magazine-danish,aef89af13c9c94fc4f4e1a8c5872450cc4c8fff7de544d8ada6a0912425aa434,a45021dfa3ce09f803eac101d0d5bffcd1326662a9a71c028bbd51cbe01a595f,Detected,New automated checkpoint(s) figure match the intended M07 property. Evidence: baseline report=evidence\verapdf\PDFUA-Ref-2-01_Magazine-danish__aef89af13c9c94fc4f4e1a8c5872450cc4c8fff7de544d8ada6a0912425aa434.json; mutant report=evidence\verapdf\PDFUA-Ref-2-01_Magazine-danish-M07__a45021dfa3ce09f803eac101d0d5bffcd1326662a9a71c028bbd51cbe01a595f.json; baseline_sha256=aef89af13c9c94fc4f4e1a8c5872450cc4c8fff7de544d8ada6a0912425aa434; mutant_sha256=a45021dfa3ce09f803eac101d0d5bffcd1326662a9a71c028bbd51cbe01a595f; baseline_rules=none; mutant_rules=7.3.
veraPDF::PDF/UA-1 ua1::PDFUA-Ref-2-01_Magazine-danish-M08,PDFUA-Ref-2-01_Magazine-danish-M08,PDFUA-Ref-2-01_Magazine-danish,veraPDF,PDF/UA-1 ua1,BASELINE_PASS,veraPDF::PDF/UA-1 ua1::PDFUA-Ref-2-01_Magazine-danish,aef89af13c9c94fc4f4e1a8c5872450cc4c8fff7de544d8ada6a0912425aa434,798d1807493ecbed375ba1a175bb6d19f6d51dfe508c6df88df7ec3f8e1d6061,Detected,New automated checkpoint(s) natural language match the intended M08 property. Evidence: baseline report=evidence\verapdf\PDFUA-Ref-2-01_Magazine-danish__aef89af13c9c94fc4f4e1a8c5872450cc4c8fff7de544d8ada6a0912425aa434.json; mutant report=evidence\verapdf\PDFUA-Ref-2-01_Magazine-danish-M08__798d1807493ecbed375ba1a175bb6d19f6d51dfe508c6df88df7ec3f8e1d6061.json; baseline_sha256=aef89af13c9c94fc4f4e1a8c5872450cc4c8fff7de544d8ada6a0912425aa434; mutant_sha256=798d1807493ecbed375ba1a175bb6d19f6d51dfe508c6df88df7ec3f8e1d6061; baseline_rules=none; mutant_rules=7.2.
veraPDF::PDF/UA-1 ua1::PDFUA-Ref-2-01_Magazine-danish-M09,PDFUA-Ref-2-01_Magazine-danish-M09,PDFUA-Ref-2-01_Magazine-danish,veraPDF,PDF/UA-1 ua1,BASELINE_PASS,veraPDF::PDF/UA-1 ua1::PDFUA-Ref-2-01_Magazine-danish,aef89af13c9c94fc4f4e1a8c5872450cc4c8fff7de544d8ada6a0912425aa434,3ef299495b93ea1d1fd50ba38ec265412abb6e1d7e147918d50ec9afcc36662b,Detected,New automated checkpoint(s) role map match the intended M09 property. Evidence: baseline report=evidence\verapdf\PDFUA-Ref-2-01_Magazine-danish__aef89af13c9c94fc4f4e1a8c5872450cc4c8fff7de544d8ada6a0912425aa434.json; mutant report=evidence\verapdf\PDFUA-Ref-2-01_Magazine-danish-M09__3ef299495b93ea1d1fd50ba38ec265412abb6e1d7e147918d50ec9afcc36662b.json; baseline_sha256=aef89af13c9c94fc4f4e1a8c5872450cc4c8fff7de544d8ada6a0912425aa434; mutant_sha256=3ef299495b93ea1d1fd50ba38ec265412abb6e1d7e147918d50ec9afcc36662b; baseline_rules=none; mutant_rules=7.1.
veraPDF::PDF/UA-1 ua1::PDFUA-Ref-2-02_Invoice-M01,PDFUA-Ref-2-02_Invoice-M01,PDFUA-Ref-2-02_Invoice,veraPDF,PDF/UA-1 ua1,BASELINE_PASS,veraPDF::PDF/UA-1 ua1::PDFUA-Ref-2-02_Invoice,fbae08464f192f532205833215505b78266e86df6283d9b0c439cb06927ce0b9,3ceee5c96667c0fab812443c3d82abdb1bfefa908c3a3d037276ec3153c3d199,REQUIRES_CLASSIFICATION,parsed_verapdf_json;failed_rule_count=0;parsed_verapdf_json;failed_rule_count=0;parsed_verapdf_json;failed_rule_count=0;parsed_verapdf_json;failed_rule_count=0;parsed_verapdf_json;failed_rule_count=0;parsed_verapdf_json;failed_rule_count=0;parsed_verapdf_json;failed_rule_count=0;parsed_verapdf_json;failed_rule_count=0;parsed_verapdf_json;failed_rule_count=0;parsed_verapdf_json;failed_rule_count=0;parsed_verapdf_json;failed_rule_count=0;parsed_verapdf_json;failed_rule_count=0;parsed_verapdf_json;failed_rule_count=0;parsed_verapdf_json;failed_rule_count=0;formal_classification=Missed
veraPDF::PDF/UA-1 ua1::PDFUA-Ref-2-02_Invoice-M02,PDFUA-Ref-2-02_Invoice-M02,PDFUA-Ref-2-02_Invoice,veraPDF,PDF/UA-1 ua1,BASELINE_PASS,veraPDF::PDF/UA-1 ua1::PDFUA-Ref-2-02_Invoice,fbae08464f192f532205833215505b78266e86df6283d9b0c439cb06927ce0b9,462607fdecfb53a1cfdf57d060f6f2ef467370ae7d39213b258398a1777120fd,Missed,No new automated checkpoint matched the intended M02 property. Evidence: baseline report=evidence\verapdf\PDFUA-Ref-2-02_Invoice__fbae08464f192f532205833215505b78266e86df6283d9b0c439cb06927ce0b9.json; mutant report=evidence\verapdf\PDFUA-Ref-2-02_Invoice-M02__462607fdecfb53a1cfdf57d060f6f2ef467370ae7d39213b258398a1777120fd.json; baseline_sha256=fbae08464f192f532205833215505b78266e86df6283d9b0c439cb06927ce0b9; mutant_sha256=462607fdecfb53a1cfdf57d060f6f2ef467370ae7d39213b258398a1777120fd; baseline_rules=none; mutant_rules=none.
veraPDF::PDF/UA-1 ua1::PDFUA-Ref-2-02_Invoice-M03,PDFUA-Ref-2-02_Invoice-M03,PDFUA-Ref-2-02_Invoice,veraPDF,PDF/UA-1 ua1,BASELINE_PASS,veraPDF::PDF/UA-1 ua1::PDFUA-Ref-2-02_Invoice,fbae08464f192f532205833215505b78266e86df6283d9b0c439cb06927ce0b9,7887ebfcc438c907ca1981ad33769f3ebee0831b86c8f18ba672a682e45e0323,Detected,New automated checkpoint(s) heading match the intended M03 property. Evidence: baseline report=evidence\verapdf\PDFUA-Ref-2-02_Invoice__fbae08464f192f532205833215505b78266e86df6283d9b0c439cb06927ce0b9.json; mutant report=evidence\verapdf\PDFUA-Ref-2-02_Invoice-M03__7887ebfcc438c907ca1981ad33769f3ebee0831b86c8f18ba672a682e45e0323.json; baseline_sha256=fbae08464f192f532205833215505b78266e86df6283d9b0c439cb06927ce0b9; mutant_sha256=7887ebfcc438c907ca1981ad33769f3ebee0831b86c8f18ba672a682e45e0323; baseline_rules=none; mutant_rules=7.4.2.
veraPDF::PDF/UA-1 ua1::PDFUA-Ref-2-02_Invoice-M04,PDFUA-Ref-2-02_Invoice-M04,PDFUA-Ref-2-02_Invoice,veraPDF,PDF/UA-1 ua1,BASELINE_PASS,veraPDF::PDF/UA-1 ua1::PDFUA-Ref-2-02_Invoice,fbae08464f192f532205833215505b78266e86df6283d9b0c439cb06927ce0b9,c831396c411f0e67e1fa9eea43cf7e8f741b9f99c69cbdd9f0ce3c17dcab2514,Missed,No new automated checkpoint matched the intended M04 property. Evidence: baseline report=evidence\verapdf\PDFUA-Ref-2-02_Invoice__fbae08464f192f532205833215505b78266e86df6283d9b0c439cb06927ce0b9.json; mutant report=evidence\verapdf\PDFUA-Ref-2-02_Invoice-M04__c831396c411f0e67e1fa9eea43cf7e8f741b9f99c69cbdd9f0ce3c17dcab2514.json; baseline_sha256=fbae08464f192f532205833215505b78266e86df6283d9b0c439cb06927ce0b9; mutant_sha256=c831396c411f0e67e1fa9eea43cf7e8f741b9f99c69cbdd9f0ce3c17dcab2514; baseline_rules=none; mutant_rules=none.
veraPDF::PDF/UA-1 ua1::PDFUA-Ref-2-02_Invoice-M07,PDFUA-Ref-2-02_Invoice-M07,PDFUA-Ref-2-02_Invoice,veraPDF,PDF/UA-1 ua1,BASELINE_PASS,veraPDF::PDF/UA-1 ua1::PDFUA-Ref-2-02_Invoice,fbae08464f192f532205833215505b78266e86df6283d9b0c439cb06927ce0b9,14e04ae7cadc509f5b6479aff17be9cf6d79e68524801d8aa9a27e49ea348506,Detected,New automated checkpoint(s) figure match the intended M07 property. Evidence: baseline report=evidence\verapdf\PDFUA-Ref-2-02_Invoice__fbae08464f192f532205833215505b78266e86df6283d9b0c439cb06927ce0b9.json; mutant report=evidence\verapdf\PDFUA-Ref-2-02_Invoice-M07__14e04ae7cadc509f5b6479aff17be9cf6d79e68524801d8aa9a27e49ea348506.json; baseline_sha256=fbae08464f192f532205833215505b78266e86df6283d9b0c439cb06927ce0b9; mutant_sha256=14e04ae7cadc509f5b6479aff17be9cf6d79e68524801d8aa9a27e49ea348506; baseline_rules=none; mutant_rules=7.3.
veraPDF::PDF/UA-1 ua1::PDFUA-Ref-2-02_Invoice-M08,PDFUA-Ref-2-02_Invoice-M08,PDFUA-Ref-2-02_Invoice,veraPDF,PDF/UA-1 ua1,BASELINE_PASS,veraPDF::PDF/UA-1 ua1::PDFUA-Ref-2-02_Invoice,fbae08464f192f532205833215505b78266e86df6283d9b0c439cb06927ce0b9,4fa45b60c80cb404e90b60c4eb2e273acfc22555afdab15b8b1684d09b4f33df,Detected,New automated checkpoint(s) natural language match the intended M08 property. Evidence: baseline report=evidence\verapdf\PDFUA-Ref-2-02_Invoice__fbae08464f192f532205833215505b78266e86df6283d9b0c439cb06927ce0b9.json; mutant report=evidence\verapdf\PDFUA-Ref-2-02_Invoice-M08__4fa45b60c80cb404e90b60c4eb2e273acfc22555afdab15b8b1684d09b4f33df.json; baseline_sha256=fbae08464f192f532205833215505b78266e86df6283d9b0c439cb06927ce0b9; mutant_sha256=4fa45b60c80cb404e90b60c4eb2e273acfc22555afdab15b8b1684d09b4f33df; baseline_rules=none; mutant_rules=7.2.
veraPDF::PDF/UA-1 ua1::PDFUA-Ref-2-02_Invoice-M10,PDFUA-Ref-2-02_Invoice-M10,PDFUA-Ref-2-02_Invoice,veraPDF,PDF/UA-1 ua1,BASELINE_PASS,veraPDF::PDF/UA-1 ua1::PDFUA-Ref-2-02_Invoice,fbae08464f192f532205833215505b78266e86df6283d9b0c439cb06927ce0b9,a4e6177f2fba056f3364f7ac88c2907effa97ee177584a1c46c4aeeca5f31c48,Detected,New automated checkpoint(s) tr element may contain only th and td match the intended M10 property. Evidence: baseline report=evidence\verapdf\PDFUA-Ref-2-02_Invoice__fbae08464f192f532205833215505b78266e86df6283d9b0c439cb06927ce0b9.json; mutant report=evidence\verapdf\PDFUA-Ref-2-02_Invoice-M10__a4e6177f2fba056f3364f7ac88c2907effa97ee177584a1c46c4aeeca5f31c48.json; baseline_sha256=fbae08464f192f532205833215505b78266e86df6283d9b0c439cb06927ce0b9; mutant_sha256=a4e6177f2fba056f3364f7ac88c2907effa97ee177584a1c46c4aeeca5f31c48; baseline_rules=none; mutant_rules=7.2.
veraPDF::PDF/UA-1 ua1::PDFUA-Ref-2-03_AcademicAbstract-M01,PDFUA-Ref-2-03_AcademicAbstract-M01,PDFUA-Ref-2-03_AcademicAbstract,veraPDF,PDF/UA-1 ua1,BASELINE_PASS,veraPDF::PDF/UA-1 ua1::PDFUA-Ref-2-03_AcademicAbstract,e61257d371261867926eb006f8895569a95fcfbcb93fca3be04b8b9187cb93a0,3e2fe0a15cd8758f335e91aef7bb50a2b45f2e003448723f106d803a55ce788f,Missed,No new automated checkpoint matched the intended M01 property. Evidence: baseline report=evidence\verapdf\PDFUA-Ref-2-03_AcademicAbstract__e61257d371261867926eb006f8895569a95fcfbcb93fca3be04b8b9187cb93a0.json; mutant report=evidence\verapdf\PDFUA-Ref-2-03_AcademicAbstract-M01__3e2fe0a15cd8758f335e91aef7bb50a2b45f2e003448723f106d803a55ce788f.json; baseline_sha256=e61257d371261867926eb006f8895569a95fcfbcb93fca3be04b8b9187cb93a0; mutant_sha256=3e2fe0a15cd8758f335e91aef7bb50a2b45f2e003448723f106d803a55ce788f; baseline_rules=none; mutant_rules=none.
veraPDF::PDF/UA-1 ua1::PDFUA-Ref-2-03_AcademicAbstract-M02,PDFUA-Ref-2-03_AcademicAbstract-M02,PDFUA-Ref-2-03_AcademicAbstract,veraPDF,PDF/UA-1 ua1,BASELINE_PASS,veraPDF::PDF/UA-1 ua1::PDFUA-Ref-2-03_AcademicAbstract,e61257d371261867926eb006f8895569a95fcfbcb93fca3be04b8b9187cb93a0,16aed0e5075a817106227b70904ceee8d8c2f771c2a83fc933e07e4a561ba5f1,Missed,No new automated checkpoint matched the intended M02 property. Evidence: baseline report=evidence\verapdf\PDFUA-Ref-2-03_AcademicAbstract__e61257d371261867926eb006f8895569a95fcfbcb93fca3be04b8b9187cb93a0.json; mutant report=evidence\verapdf\PDFUA-Ref-2-03_AcademicAbstract-M02__16aed0e5075a817106227b70904ceee8d8c2f771c2a83fc933e07e4a561ba5f1.json; baseline_sha256=e61257d371261867926eb006f8895569a95fcfbcb93fca3be04b8b9187cb93a0; mutant_sha256=16aed0e5075a817106227b70904ceee8d8c2f771c2a83fc933e07e4a561ba5f1; baseline_rules=none; mutant_rules=none.
veraPDF::PDF/UA-1 ua1::PDFUA-Ref-2-03_AcademicAbstract-M03,PDFUA-Ref-2-03_AcademicAbstract-M03,PDFUA-Ref-2-03_AcademicAbstract,veraPDF,PDF/UA-1 ua1,BASELINE_PASS,veraPDF::PDF/UA-1 ua1::PDFUA-Ref-2-03_AcademicAbstract,e61257d371261867926eb006f8895569a95fcfbcb93fca3be04b8b9187cb93a0,fcc8533b325c9a1a1675c46ec0856649fa02feea531e4aba4492a12a41e1a571,Detected,New automated checkpoint(s) heading match the intended M03 property. Evidence: baseline report=evidence\verapdf\PDFUA-Ref-2-03_AcademicAbstract__e61257d371261867926eb006f8895569a95fcfbcb93fca3be04b8b9187cb93a0.json; mutant report=evidence\verapdf\PDFUA-Ref-2-03_AcademicAbstract-M03__fcc8533b325c9a1a1675c46ec0856649fa02feea531e4aba4492a12a41e1a571.json; baseline_sha256=e61257d371261867926eb006f8895569a95fcfbcb93fca3be04b8b9187cb93a0; mutant_sha256=fcc8533b325c9a1a1675c46ec0856649fa02feea531e4aba4492a12a41e1a571; baseline_rules=none; mutant_rules=7.4.2.
veraPDF::PDF/UA-1 ua1::PDFUA-Ref-2-03_AcademicAbstract-M04,PDFUA-Ref-2-03_AcademicAbstract-M04,PDFUA-Ref-2-03_AcademicAbstract,veraPDF,PDF/UA-1 ua1,BASELINE_PASS,veraPDF::PDF/UA-1 ua1::PDFUA-Ref-2-03_AcademicAbstract,e61257d371261867926eb006f8895569a95fcfbcb93fca3be04b8b9187cb93a0,aa1b231accabf87602fa064972332501785b16ce8de42ade4ccb57463f5281ec,Missed,No new automated checkpoint matched the intended M04 property. Evidence: baseline report=evidence\verapdf\PDFUA-Ref-2-03_AcademicAbstract__e61257d371261867926eb006f8895569a95fcfbcb93fca3be04b8b9187cb93a0.json; mutant report=evidence\verapdf\PDFUA-Ref-2-03_AcademicAbstract-M04__aa1b231accabf87602fa064972332501785b16ce8de42ade4ccb57463f5281ec.json; baseline_sha256=e61257d371261867926eb006f8895569a95fcfbcb93fca3be04b8b9187cb93a0; mutant_sha256=aa1b231accabf87602fa064972332501785b16ce8de42ade4ccb57463f5281ec; baseline_rules=none; mutant_rules=none.
veraPDF::PDF/UA-1 ua1::PDFUA-Ref-2-03_AcademicAbstract-M05,PDFUA-Ref-2-03_AcademicAbstract-M05,PDFUA-Ref-2-03_AcademicAbstract,veraPDF,PDF/UA-1 ua1,BASELINE_PASS,veraPDF::PDF/UA-1 ua1::PDFUA-Ref-2-03_AcademicAbstract,e61257d371261867926eb006f8895569a95fcfbcb93fca3be04b8b9187cb93a0,ee82308195b4488f8c6e01bc8e4ba469df760c122c766ff84fc3425302d6f528,Missed,No new automated checkpoint matched the intended M05 property. Evidence: baseline report=evidence\verapdf\PDFUA-Ref-2-03_AcademicAbstract__e61257d371261867926eb006f8895569a95fcfbcb93fca3be04b8b9187cb93a0.json; mutant report=evidence\verapdf\PDFUA-Ref-2-03_AcademicAbstract-M05__ee82308195b4488f8c6e01bc8e4ba469df760c122c766ff84fc3425302d6f528.json; baseline_sha256=e61257d371261867926eb006f8895569a95fcfbcb93fca3be04b8b9187cb93a0; mutant_sha256=ee82308195b4488f8c6e01bc8e4ba469df760c122c766ff84fc3425302d6f528; baseline_rules=none; mutant_rules=none.
veraPDF::PDF/UA-1 ua1::PDFUA-Ref-2-03_AcademicAbstract-M06,PDFUA-Ref-2-03_AcademicAbstract-M06,PDFUA-Ref-2-03_AcademicAbstract,veraPDF,PDF/UA-1 ua1,BASELINE_PASS,veraPDF::PDF/UA-1 ua1::PDFUA-Ref-2-03_AcademicAbstract,e61257d371261867926eb006f8895569a95fcfbcb93fca3be04b8b9187cb93a0,ca37553b2d45198cd26b168a6c9eb41f248cd4f9179118b991fc47917a443afb,Missed,No new automated checkpoint matched the intended M06 property. Evidence: baseline report=evidence\verapdf\PDFUA-Ref-2-03_AcademicAbstract__e61257d371261867926eb006f8895569a95fcfbcb93fca3be04b8b9187cb93a0.json; mutant report=evidence\verapdf\PDFUA-Ref-2-03_AcademicAbstract-M06__ca37553b2d45198cd26b168a6c9eb41f248cd4f9179118b991fc47917a443afb.json; baseline_sha256=e61257d371261867926eb006f8895569a95fcfbcb93fca3be04b8b9187cb93a0; mutant_sha256=ca37553b2d45198cd26b168a6c9eb41f248cd4f9179118b991fc47917a443afb; baseline_rules=none; mutant_rules=none.
veraPDF::PDF/UA-1 ua1::PDFUA-Ref-2-03_AcademicAbstract-M08,PDFUA-Ref-2-03_AcademicAbstract-M08,PDFUA-Ref-2-03_AcademicAbstract,veraPDF,PDF/UA-1 ua1,BASELINE_PASS,veraPDF::PDF/UA-1 ua1::PDFUA-Ref-2-03_AcademicAbstract,e61257d371261867926eb006f8895569a95fcfbcb93fca3be04b8b9187cb93a0,381ec9f9fe1f7ef256d3f2ed7e5e405bb9802b17bb64d762f572bc6d313af091,Detected,New automated checkpoint(s) natural language match the intended M08 property. Evidence: baseline report=evidence\verapdf\PDFUA-Ref-2-03_AcademicAbstract__e61257d371261867926eb006f8895569a95fcfbcb93fca3be04b8b9187cb93a0.json; mutant report=evidence\verapdf\PDFUA-Ref-2-03_AcademicAbstract-M08__381ec9f9fe1f7ef256d3f2ed7e5e405bb9802b17bb64d762f572bc6d313af091.json; baseline_sha256=e61257d371261867926eb006f8895569a95fcfbcb93fca3be04b8b9187cb93a0; mutant_sha256=381ec9f9fe1f7ef256d3f2ed7e5e405bb9802b17bb64d762f572bc6d313af091; baseline_rules=none; mutant_rules=7.2.
veraPDF::PDF/UA-1 ua1::PDFUA-Ref-2-03_AcademicAbstract-M09,PDFUA-Ref-2-03_AcademicAbstract-M09,PDFUA-Ref-2-03_AcademicAbstract,veraPDF,PDF/UA-1 ua1,BASELINE_PASS,veraPDF::PDF/UA-1 ua1::PDFUA-Ref-2-03_AcademicAbstract,e61257d371261867926eb006f8895569a95fcfbcb93fca3be04b8b9187cb93a0,bc813f8eae1f314ebeae764f55bb8208f3aca35c146e2c6e7335fba657dca32a,REQUIRES_CLASSIFICATION,parsed_verapdf_json;failed_rule_count=0;parsed_verapdf_json;failed_rule_count=0;parsed_verapdf_json;failed_rule_count=0;parsed_verapdf_json;failed_rule_count=0;parsed_verapdf_json;failed_rule_count=0;parsed_verapdf_json;failed_rule_count=0;parsed_verapdf_json;failed_rule_count=0;parsed_verapdf_json;failed_rule_count=0;parsed_verapdf_json;failed_rule_count=0;parsed_verapdf_json;failed_rule_count=0;parsed_verapdf_json;failed_rule_count=0;parsed_verapdf_json;failed_rule_count=0;parsed_verapdf_json;failed_rule_count=0;parsed_verapdf_json;failed_rule_count=0;formal_classification=Missed
veraPDF::PDF/UA-1 ua1::PDFUA-Ref-2-04_Presentation-M01,PDFUA-Ref-2-04_Presentation-M01,PDFUA-Ref-2-04_Presentation,veraPDF,PDF/UA-1 ua1,BASELINE_PASS,veraPDF::PDF/UA-1 ua1::PDFUA-Ref-2-04_Presentation,90acb829ca8bfa037796592539d15010e9099d1cd2622aac1fce7d9fd3ae7575,1e4ccf771ae704a24d184020cdac9bd43d0a9bdb6ab88e04b7893d040d642c9c,Missed,No new automated checkpoint matched the intended M01 property. Evidence: baseline report=evidence\verapdf\PDFUA-Ref-2-04_Presentation__90acb829ca8bfa037796592539d15010e9099d1cd2622aac1fce7d9fd3ae7575.json; mutant report=evidence\verapdf\PDFUA-Ref-2-04_Presentation-M01__1e4ccf771ae704a24d184020cdac9bd43d0a9bdb6ab88e04b7893d040d642c9c.json; baseline_sha256=90acb829ca8bfa037796592539d15010e9099d1cd2622aac1fce7d9fd3ae7575; mutant_sha256=1e4ccf771ae704a24d184020cdac9bd43d0a9bdb6ab88e04b7893d040d642c9c; baseline_rules=none; mutant_rules=none.
veraPDF::PDF/UA-1 ua1::PDFUA-Ref-2-04_Presentation-M02,PDFUA-Ref-2-04_Presentation-M02,PDFUA-Ref-2-04_Presentation,veraPDF,PDF/UA-1 ua1,BASELINE_PASS,veraPDF::PDF/UA-1 ua1::PDFUA-Ref-2-04_Presentation,90acb829ca8bfa037796592539d15010e9099d1cd2622aac1fce7d9fd3ae7575,e85501fb90d221c574cae80f0cab8f7db33b2a21c9b89e7f2de4167b4dd87880,Missed,No new automated checkpoint matched the intended M02 property. Evidence: baseline report=evidence\verapdf\PDFUA-Ref-2-04_Presentation__90acb829ca8bfa037796592539d15010e9099d1cd2622aac1fce7d9fd3ae7575.json; mutant report=evidence\verapdf\PDFUA-Ref-2-04_Presentation-M02__e85501fb90d221c574cae80f0cab8f7db33b2a21c9b89e7f2de4167b4dd87880.json; baseline_sha256=90acb829ca8bfa037796592539d15010e9099d1cd2622aac1fce7d9fd3ae7575; mutant_sha256=e85501fb90d221c574cae80f0cab8f7db33b2a21c9b89e7f2de4167b4dd87880; baseline_rules=none; mutant_rules=none.
veraPDF::PDF/UA-1 ua1::PDFUA-Ref-2-04_Presentation-M03,PDFUA-Ref-2-04_Presentation-M03,PDFUA-Ref-2-04_Presentation,veraPDF,PDF/UA-1 ua1,BASELINE_PASS,veraPDF::PDF/UA-1 ua1::PDFUA-Ref-2-04_Presentation,90acb829ca8bfa037796592539d15010e9099d1cd2622aac1fce7d9fd3ae7575,23612f2c7708412a2bcfc9ba1023d8712c0db74be6f6752d7b04bb54b23913b7,Detected,New automated checkpoint(s) heading match the intended M03 property. Evidence: baseline report=evidence\verapdf\PDFUA-Ref-2-04_Presentation__90acb829ca8bfa037796592539d15010e9099d1cd2622aac1fce7d9fd3ae7575.json; mutant report=evidence\verapdf\PDFUA-Ref-2-04_Presentation-M03__23612f2c7708412a2bcfc9ba1023d8712c0db74be6f6752d7b04bb54b23913b7.json; baseline_sha256=90acb829ca8bfa037796592539d15010e9099d1cd2622aac1fce7d9fd3ae7575; mutant_sha256=23612f2c7708412a2bcfc9ba1023d8712c0db74be6f6752d7b04bb54b23913b7; baseline_rules=none; mutant_rules=7.4.2.
veraPDF::PDF/UA-1 ua1::PDFUA-Ref-2-04_Presentation-M04,PDFUA-Ref-2-04_Presentation-M04,PDFUA-Ref-2-04_Presentation,veraPDF,PDF/UA-1 ua1,BASELINE_PASS,veraPDF::PDF/UA-1 ua1::PDFUA-Ref-2-04_Presentation,90acb829ca8bfa037796592539d15010e9099d1cd2622aac1fce7d9fd3ae7575,d54e7cdfa78b6be17e9234803de1e88ece27cba0282e244b0f0abfdd992487cd,Missed,No new automated checkpoint matched the intended M04 property. Evidence: baseline report=evidence\verapdf\PDFUA-Ref-2-04_Presentation__90acb829ca8bfa037796592539d15010e9099d1cd2622aac1fce7d9fd3ae7575.json; mutant report=evidence\verapdf\PDFUA-Ref-2-04_Presentation-M04__d54e7cdfa78b6be17e9234803de1e88ece27cba0282e244b0f0abfdd992487cd.json; baseline_sha256=90acb829ca8bfa037796592539d15010e9099d1cd2622aac1fce7d9fd3ae7575; mutant_sha256=d54e7cdfa78b6be17e9234803de1e88ece27cba0282e244b0f0abfdd992487cd; baseline_rules=none; mutant_rules=none.
veraPDF::PDF/UA-1 ua1::PDFUA-Ref-2-04_Presentation-M05,PDFUA-Ref-2-04_Presentation-M05,PDFUA-Ref-2-04_Presentation,veraPDF,PDF/UA-1 ua1,BASELINE_PASS,veraPDF::PDF/UA-1 ua1::PDFUA-Ref-2-04_Presentation,90acb829ca8bfa037796592539d15010e9099d1cd2622aac1fce7d9fd3ae7575,5d72a6c172200b5c5bf50850d45e535a9ed8454edfec1b2714a6c72159995d5c,Missed,No new automated checkpoint matched the intended M05 property. Evidence: baseline report=evidence\verapdf\PDFUA-Ref-2-04_Presentation__90acb829ca8bfa037796592539d15010e9099d1cd2622aac1fce7d9fd3ae7575.json; mutant report=evidence\verapdf\PDFUA-Ref-2-04_Presentation-M05__5d72a6c172200b5c5bf50850d45e535a9ed8454edfec1b2714a6c72159995d5c.json; baseline_sha256=90acb829ca8bfa037796592539d15010e9099d1cd2622aac1fce7d9fd3ae7575; mutant_sha256=5d72a6c172200b5c5bf50850d45e535a9ed8454edfec1b2714a6c72159995d5c; baseline_rules=none; mutant_rules=none.
veraPDF::PDF/UA-1 ua1::PDFUA-Ref-2-04_Presentation-M06,PDFUA-Ref-2-04_Presentation-M06,PDFUA-Ref-2-04_Presentation,veraPDF,PDF/UA-1 ua1,BASELINE_PASS,veraPDF::PDF/UA-1 ua1::PDFUA-Ref-2-04_Presentation,90acb829ca8bfa037796592539d15010e9099d1cd2622aac1fce7d9fd3ae7575,56a2b7314c6bb652499bd6ed6a070925d4a76b840d9a06a4377b055a02d37da4,Missed,No new automated checkpoint matched the intended M06 property. Evidence: baseline report=evidence\verapdf\PDFUA-Ref-2-04_Presentation__90acb829ca8bfa037796592539d15010e9099d1cd2622aac1fce7d9fd3ae7575.json; mutant report=evidence\verapdf\PDFUA-Ref-2-04_Presentation-M06__56a2b7314c6bb652499bd6ed6a070925d4a76b840d9a06a4377b055a02d37da4.json; baseline_sha256=90acb829ca8bfa037796592539d15010e9099d1cd2622aac1fce7d9fd3ae7575; mutant_sha256=56a2b7314c6bb652499bd6ed6a070925d4a76b840d9a06a4377b055a02d37da4; baseline_rules=none; mutant_rules=none.
veraPDF::PDF/UA-1 ua1::PDFUA-Ref-2-04_Presentation-M07,PDFUA-Ref-2-04_Presentation-M07,PDFUA-Ref-2-04_Presentation,veraPDF,PDF/UA-1 ua1,BASELINE_PASS,veraPDF::PDF/UA-1 ua1::PDFUA-Ref-2-04_Presentation,90acb829ca8bfa037796592539d15010e9099d1cd2622aac1fce7d9fd3ae7575,09d414160bdb30b7d9aa23413647b6ba38f434340f1d3f0d3164a1d37d5d3088,Detected,New automated checkpoint(s) figure match the intended M07 property. Evidence: baseline report=evidence\verapdf\PDFUA-Ref-2-04_Presentation__90acb829ca8bfa037796592539d15010e9099d1cd2622aac1fce7d9fd3ae7575.json; mutant report=evidence\verapdf\PDFUA-Ref-2-04_Presentation-M07__09d414160bdb30b7d9aa23413647b6ba38f434340f1d3f0d3164a1d37d5d3088.json; baseline_sha256=90acb829ca8bfa037796592539d15010e9099d1cd2622aac1fce7d9fd3ae7575; mutant_sha256=09d414160bdb30b7d9aa23413647b6ba38f434340f1d3f0d3164a1d37d5d3088; baseline_rules=none; mutant_rules=7.3.
veraPDF::PDF/UA-1 ua1::PDFUA-Ref-2-04_Presentation-M08,PDFUA-Ref-2-04_Presentation-M08,PDFUA-Ref-2-04_Presentation,veraPDF,PDF/UA-1 ua1,BASELINE_PASS,veraPDF::PDF/UA-1 ua1::PDFUA-Ref-2-04_Presentation,90acb829ca8bfa037796592539d15010e9099d1cd2622aac1fce7d9fd3ae7575,72f5f8517793703f0eb2affec0285f5bfb13a062e91810ef96c17a766aa81539,Detected,New automated checkpoint(s) natural language match the intended M08 property. Evidence: baseline report=evidence\verapdf\PDFUA-Ref-2-04_Presentation__90acb829ca8bfa037796592539d15010e9099d1cd2622aac1fce7d9fd3ae7575.json; mutant report=evidence\verapdf\PDFUA-Ref-2-04_Presentation-M08__72f5f8517793703f0eb2affec0285f5bfb13a062e91810ef96c17a766aa81539.json; baseline_sha256=90acb829ca8bfa037796592539d15010e9099d1cd2622aac1fce7d9fd3ae7575; mutant_sha256=72f5f8517793703f0eb2affec0285f5bfb13a062e91810ef96c17a766aa81539; baseline_rules=none; mutant_rules=7.2.
veraPDF::PDF/UA-1 ua1::PDFUA-Ref-2-04_Presentation-M09,PDFUA-Ref-2-04_Presentation-M09,PDFUA-Ref-2-04_Presentation,veraPDF,PDF/UA-1 ua1,BASELINE_PASS,veraPDF::PDF/UA-1 ua1::PDFUA-Ref-2-04_Presentation,90acb829ca8bfa037796592539d15010e9099d1cd2622aac1fce7d9fd3ae7575,d9603ca680cfdcaf22033828f12e55e1d26f825bcbdfaf7dd0a29798ea61de3a,Detected,New automated checkpoint(s) role map match the intended M09 property. Evidence: baseline report=evidence\verapdf\PDFUA-Ref-2-04_Presentation__90acb829ca8bfa037796592539d15010e9099d1cd2622aac1fce7d9fd3ae7575.json; mutant report=evidence\verapdf\PDFUA-Ref-2-04_Presentation-M09__d9603ca680cfdcaf22033828f12e55e1d26f825bcbdfaf7dd0a29798ea61de3a.json; baseline_sha256=90acb829ca8bfa037796592539d15010e9099d1cd2622aac1fce7d9fd3ae7575; mutant_sha256=d9603ca680cfdcaf22033828f12e55e1d26f825bcbdfaf7dd0a29798ea61de3a; baseline_rules=none; mutant_rules=7.1.
veraPDF::PDF/UA-1 ua1::PDFUA-Ref-2-05_BookChapter-german-M01,PDFUA-Ref-2-05_BookChapter-german-M01,PDFUA-Ref-2-05_BookChapter-german,veraPDF,PDF/UA-1 ua1,BASELINE_PASS,veraPDF::PDF/UA-1 ua1::PDFUA-Ref-2-05_BookChapter-german,fc525b8899da31779b6143c16053779cd560d4417018a901472de33c71252352,f3455e42a1e7610054506c9ece9cfbef949f888e93294fce9eae762222be6078,Missed,No new automated checkpoint matched the intended M01 property. Evidence: baseline report=evidence\verapdf\PDFUA-Ref-2-05_BookChapter-german__fc525b8899da31779b6143c16053779cd560d4417018a901472de33c71252352.json; mutant report=evidence\verapdf\PDFUA-Ref-2-05_BookChapter-german-M01__f3455e42a1e7610054506c9ece9cfbef949f888e93294fce9eae762222be6078.json; baseline_sha256=fc525b8899da31779b6143c16053779cd560d4417018a901472de33c71252352; mutant_sha256=f3455e42a1e7610054506c9ece9cfbef949f888e93294fce9eae762222be6078; baseline_rules=none; mutant_rules=none.
veraPDF::PDF/UA-1 ua1::PDFUA-Ref-2-05_BookChapter-german-M02,PDFUA-Ref-2-05_BookChapter-german-M02,PDFUA-Ref-2-05_BookChapter-german,veraPDF,PDF/UA-1 ua1,BASELINE_PASS,veraPDF::PDF/UA-1 ua1::PDFUA-Ref-2-05_BookChapter-german,fc525b8899da31779b6143c16053779cd560d4417018a901472de33c71252352,5b806fd39c6559c0416737eb3cc131c05f5071f0b1d758af0fecca9b315070af,Missed,No new automated checkpoint matched the intended M02 property. Evidence: baseline report=evidence\verapdf\PDFUA-Ref-2-05_BookChapter-german__fc525b8899da31779b6143c16053779cd560d4417018a901472de33c71252352.json; mutant report=evidence\verapdf\PDFUA-Ref-2-05_BookChapter-german-M02__5b806fd39c6559c0416737eb3cc131c05f5071f0b1d758af0fecca9b315070af.json; baseline_sha256=fc525b8899da31779b6143c16053779cd560d4417018a901472de33c71252352; mutant_sha256=5b806fd39c6559c0416737eb3cc131c05f5071f0b1d758af0fecca9b315070af; baseline_rules=none; mutant_rules=none.
veraPDF::PDF/UA-1 ua1::PDFUA-Ref-2-05_BookChapter-german-M03,PDFUA-Ref-2-05_BookChapter-german-M03,PDFUA-Ref-2-05_BookChapter-german,veraPDF,PDF/UA-1 ua1,BASELINE_PASS,veraPDF::PDF/UA-1 ua1::PDFUA-Ref-2-05_BookChapter-german,fc525b8899da31779b6143c16053779cd560d4417018a901472de33c71252352,08a17db95cf262351a8e2a6464edaec73836e71fd34b0db112bdec9676930e75,Detected,New automated checkpoint(s) heading match the intended M03 property. Evidence: baseline report=evidence\verapdf\PDFUA-Ref-2-05_BookChapter-german__fc525b8899da31779b6143c16053779cd560d4417018a901472de33c71252352.json; mutant report=evidence\verapdf\PDFUA-Ref-2-05_BookChapter-german-M03__08a17db95cf262351a8e2a6464edaec73836e71fd34b0db112bdec9676930e75.json; baseline_sha256=fc525b8899da31779b6143c16053779cd560d4417018a901472de33c71252352; mutant_sha256=08a17db95cf262351a8e2a6464edaec73836e71fd34b0db112bdec9676930e75; baseline_rules=none; mutant_rules=7.4.2.
veraPDF::PDF/UA-1 ua1::PDFUA-Ref-2-05_BookChapter-german-M04,PDFUA-Ref-2-05_BookChapter-german-M04,PDFUA-Ref-2-05_BookChapter-german,veraPDF,PDF/UA-1 ua1,BASELINE_PASS,veraPDF::PDF/UA-1 ua1::PDFUA-Ref-2-05_BookChapter-german,fc525b8899da31779b6143c16053779cd560d4417018a901472de33c71252352,668b5c55c85237169484722c15354e8d353179f8b9fc9e96a2a6f83a13c71250,Missed,No new automated checkpoint matched the intended M04 property. Evidence: baseline report=evidence\verapdf\PDFUA-Ref-2-05_BookChapter-german__fc525b8899da31779b6143c16053779cd560d4417018a901472de33c71252352.json; mutant report=evidence\verapdf\PDFUA-Ref-2-05_BookChapter-german-M04__668b5c55c85237169484722c15354e8d353179f8b9fc9e96a2a6f83a13c71250.json; baseline_sha256=fc525b8899da31779b6143c16053779cd560d4417018a901472de33c71252352; mutant_sha256=668b5c55c85237169484722c15354e8d353179f8b9fc9e96a2a6f83a13c71250; baseline_rules=none; mutant_rules=none.
veraPDF::PDF/UA-1 ua1::PDFUA-Ref-2-05_BookChapter-german-M05,PDFUA-Ref-2-05_BookChapter-german-M05,PDFUA-Ref-2-05_BookChapter-german,veraPDF,PDF/UA-1 ua1,BASELINE_PASS,veraPDF::PDF/UA-1 ua1::PDFUA-Ref-2-05_BookChapter-german,fc525b8899da31779b6143c16053779cd560d4417018a901472de33c71252352,b7a688694201ed24e8dda1fcf6290c752e42d1ab1d074fc0c8f9d29c0dcad216,Missed,No new automated checkpoint matched the intended M05 property. Evidence: baseline report=evidence\verapdf\PDFUA-Ref-2-05_BookChapter-german__fc525b8899da31779b6143c16053779cd560d4417018a901472de33c71252352.json; mutant report=evidence\verapdf\PDFUA-Ref-2-05_BookChapter-german-M05__b7a688694201ed24e8dda1fcf6290c752e42d1ab1d074fc0c8f9d29c0dcad216.json; baseline_sha256=fc525b8899da31779b6143c16053779cd560d4417018a901472de33c71252352; mutant_sha256=b7a688694201ed24e8dda1fcf6290c752e42d1ab1d074fc0c8f9d29c0dcad216; baseline_rules=none; mutant_rules=none.
veraPDF::PDF/UA-1 ua1::PDFUA-Ref-2-05_BookChapter-german-M06,PDFUA-Ref-2-05_BookChapter-german-M06,PDFUA-Ref-2-05_BookChapter-german,veraPDF,PDF/UA-1 ua1,BASELINE_PASS,veraPDF::PDF/UA-1 ua1::PDFUA-Ref-2-05_BookChapter-german,fc525b8899da31779b6143c16053779cd560d4417018a901472de33c71252352,823c2b5ddc120128c9e6eb07963de30f15be94f72a40d781b698af48fb5833a6,Missed,No new automated checkpoint matched the intended M06 property. Evidence: baseline report=evidence\verapdf\PDFUA-Ref-2-05_BookChapter-german__fc525b8899da31779b6143c16053779cd560d4417018a901472de33c71252352.json; mutant report=evidence\verapdf\PDFUA-Ref-2-05_BookChapter-german-M06__823c2b5ddc120128c9e6eb07963de30f15be94f72a40d781b698af48fb5833a6.json; baseline_sha256=fc525b8899da31779b6143c16053779cd560d4417018a901472de33c71252352; mutant_sha256=823c2b5ddc120128c9e6eb07963de30f15be94f72a40d781b698af48fb5833a6; baseline_rules=none; mutant_rules=none.
veraPDF::PDF/UA-1 ua1::PDFUA-Ref-2-05_BookChapter-german-M07,PDFUA-Ref-2-05_BookChapter-german-M07,PDFUA-Ref-2-05_BookChapter-german,veraPDF,PDF/UA-1 ua1,BASELINE_PASS,veraPDF::PDF/UA-1 ua1::PDFUA-Ref-2-05_BookChapter-german,fc525b8899da31779b6143c16053779cd560d4417018a901472de33c71252352,be8cb7f6aca4a81ecb01654b816f6ae0f5cf8f5daa45ebf5468925fcf7ab9742,Detected,New automated checkpoint(s) figure match the intended M07 property. Evidence: baseline report=evidence\verapdf\PDFUA-Ref-2-05_BookChapter-german__fc525b8899da31779b6143c16053779cd560d4417018a901472de33c71252352.json; mutant report=evidence\verapdf\PDFUA-Ref-2-05_BookChapter-german-M07__be8cb7f6aca4a81ecb01654b816f6ae0f5cf8f5daa45ebf5468925fcf7ab9742.json; baseline_sha256=fc525b8899da31779b6143c16053779cd560d4417018a901472de33c71252352; mutant_sha256=be8cb7f6aca4a81ecb01654b816f6ae0f5cf8f5daa45ebf5468925fcf7ab9742; baseline_rules=none; mutant_rules=7.3.
veraPDF::PDF/UA-1 ua1::PDFUA-Ref-2-05_BookChapter-german-M08,PDFUA-Ref-2-05_BookChapter-german-M08,PDFUA-Ref-2-05_BookChapter-german,veraPDF,PDF/UA-1 ua1,BASELINE_PASS,veraPDF::PDF/UA-1 ua1::PDFUA-Ref-2-05_BookChapter-german,fc525b8899da31779b6143c16053779cd560d4417018a901472de33c71252352,01ada38b1d9dc17882581a3ae080fa771f7a3ed2d3affbff49473ff510719fdd,Detected,New automated checkpoint(s) natural language match the intended M08 property. Evidence: baseline report=evidence\verapdf\PDFUA-Ref-2-05_BookChapter-german__fc525b8899da31779b6143c16053779cd560d4417018a901472de33c71252352.json; mutant report=evidence\verapdf\PDFUA-Ref-2-05_BookChapter-german-M08__01ada38b1d9dc17882581a3ae080fa771f7a3ed2d3affbff49473ff510719fdd.json; baseline_sha256=fc525b8899da31779b6143c16053779cd560d4417018a901472de33c71252352; mutant_sha256=01ada38b1d9dc17882581a3ae080fa771f7a3ed2d3affbff49473ff510719fdd; baseline_rules=none; mutant_rules=7.2.
veraPDF::PDF/UA-1 ua1::PDFUA-Ref-2-05_BookChapter-german-M09,PDFUA-Ref-2-05_BookChapter-german-M09,PDFUA-Ref-2-05_BookChapter-german,veraPDF,PDF/UA-1 ua1,BASELINE_PASS,veraPDF::PDF/UA-1 ua1::PDFUA-Ref-2-05_BookChapter-german,fc525b8899da31779b6143c16053779cd560d4417018a901472de33c71252352,0ceaf48c6cf200ecab12a36c5bc30bb019911102fe2f2c7bc94508c87f43333f,Detected,New automated checkpoint(s) role map match the intended M09 property. Evidence: baseline report=evidence\verapdf\PDFUA-Ref-2-05_BookChapter-german__fc525b8899da31779b6143c16053779cd560d4417018a901472de33c71252352.json; mutant report=evidence\verapdf\PDFUA-Ref-2-05_BookChapter-german-M09__0ceaf48c6cf200ecab12a36c5bc30bb019911102fe2f2c7bc94508c87f43333f.json; baseline_sha256=fc525b8899da31779b6143c16053779cd560d4417018a901472de33c71252352; mutant_sha256=0ceaf48c6cf200ecab12a36c5bc30bb019911102fe2f2c7bc94508c87f43333f; baseline_rules=none; mutant_rules=7.1.
veraPDF::PDF/UA-1 ua1::PDFUA-Ref-2-05_BookChapter-german-M10,PDFUA-Ref-2-05_BookChapter-german-M10,PDFUA-Ref-2-05_BookChapter-german,veraPDF,PDF/UA-1 ua1,BASELINE_PASS,veraPDF::PDF/UA-1 ua1::PDFUA-Ref-2-05_BookChapter-german,fc525b8899da31779b6143c16053779cd560d4417018a901472de33c71252352,4dcdbc2dd191cbca8b848640ec29c68cd21d74dedbbcacdb21e76112bb1d3f9c,Detected,New automated checkpoint(s) tr element may contain only th and td match the intended M10 property. Evidence: baseline report=evidence\verapdf\PDFUA-Ref-2-05_BookChapter-german__fc525b8899da31779b6143c16053779cd560d4417018a901472de33c71252352.json; mutant report=evidence\verapdf\PDFUA-Ref-2-05_BookChapter-german-M10__4dcdbc2dd191cbca8b848640ec29c68cd21d74dedbbcacdb21e76112bb1d3f9c.json; baseline_sha256=fc525b8899da31779b6143c16053779cd560d4417018a901472de33c71252352; mutant_sha256=4dcdbc2dd191cbca8b848640ec29c68cd21d74dedbbcacdb21e76112bb1d3f9c; baseline_rules=none; mutant_rules=7.2.
veraPDF::PDF/UA-1 ua1::PDFUA-Ref-2-06_Brochure-M01,PDFUA-Ref-2-06_Brochure-M01,PDFUA-Ref-2-06_Brochure,veraPDF,PDF/UA-1 ua1,BASELINE_PASS,veraPDF::PDF/UA-1 ua1::PDFUA-Ref-2-06_Brochure,aefd5ab48a908b9996ffadcb14d8ff31a2c653657cbe011a46f4cf61396a589e,a1a94935bccdbaad7b39c045e9c627fb5deacc3f7fd7fa80c8c77cd6c02acf0a,Missed,No new automated checkpoint matched the intended M01 property. Evidence: baseline report=evidence\verapdf\PDFUA-Ref-2-06_Brochure__aefd5ab48a908b9996ffadcb14d8ff31a2c653657cbe011a46f4cf61396a589e.json; mutant report=evidence\verapdf\PDFUA-Ref-2-06_Brochure-M01__a1a94935bccdbaad7b39c045e9c627fb5deacc3f7fd7fa80c8c77cd6c02acf0a.json; baseline_sha256=aefd5ab48a908b9996ffadcb14d8ff31a2c653657cbe011a46f4cf61396a589e; mutant_sha256=a1a94935bccdbaad7b39c045e9c627fb5deacc3f7fd7fa80c8c77cd6c02acf0a; baseline_rules=none; mutant_rules=none.
veraPDF::PDF/UA-1 ua1::PDFUA-Ref-2-06_Brochure-M02,PDFUA-Ref-2-06_Brochure-M02,PDFUA-Ref-2-06_Brochure,veraPDF,PDF/UA-1 ua1,BASELINE_PASS,veraPDF::PDF/UA-1 ua1::PDFUA-Ref-2-06_Brochure,aefd5ab48a908b9996ffadcb14d8ff31a2c653657cbe011a46f4cf61396a589e,6a7c6c4b28369d6bc3ab0f091ff69a08665fe3b8d8398a7fa59ac5bab1cef360,Missed,No new automated checkpoint matched the intended M02 property. Evidence: baseline report=evidence\verapdf\PDFUA-Ref-2-06_Brochure__aefd5ab48a908b9996ffadcb14d8ff31a2c653657cbe011a46f4cf61396a589e.json; mutant report=evidence\verapdf\PDFUA-Ref-2-06_Brochure-M02__6a7c6c4b28369d6bc3ab0f091ff69a08665fe3b8d8398a7fa59ac5bab1cef360.json; baseline_sha256=aefd5ab48a908b9996ffadcb14d8ff31a2c653657cbe011a46f4cf61396a589e; mutant_sha256=6a7c6c4b28369d6bc3ab0f091ff69a08665fe3b8d8398a7fa59ac5bab1cef360; baseline_rules=none; mutant_rules=none.
veraPDF::PDF/UA-1 ua1::PDFUA-Ref-2-06_Brochure-M03,PDFUA-Ref-2-06_Brochure-M03,PDFUA-Ref-2-06_Brochure,veraPDF,PDF/UA-1 ua1,BASELINE_PASS,veraPDF::PDF/UA-1 ua1::PDFUA-Ref-2-06_Brochure,aefd5ab48a908b9996ffadcb14d8ff31a2c653657cbe011a46f4cf61396a589e,ed0e82b1eecd666930ccb41d3c75cc0a8703cc39d76b6ab87e15b1f70fd5935f,Detected,New automated checkpoint(s) heading match the intended M03 property. Evidence: baseline report=evidence\verapdf\PDFUA-Ref-2-06_Brochure__aefd5ab48a908b9996ffadcb14d8ff31a2c653657cbe011a46f4cf61396a589e.json; mutant report=evidence\verapdf\PDFUA-Ref-2-06_Brochure-M03__ed0e82b1eecd666930ccb41d3c75cc0a8703cc39d76b6ab87e15b1f70fd5935f.json; baseline_sha256=aefd5ab48a908b9996ffadcb14d8ff31a2c653657cbe011a46f4cf61396a589e; mutant_sha256=ed0e82b1eecd666930ccb41d3c75cc0a8703cc39d76b6ab87e15b1f70fd5935f; baseline_rules=none; mutant_rules=7.4.2.
veraPDF::PDF/UA-1 ua1::PDFUA-Ref-2-06_Brochure-M04,PDFUA-Ref-2-06_Brochure-M04,PDFUA-Ref-2-06_Brochure,veraPDF,PDF/UA-1 ua1,BASELINE_PASS,veraPDF::PDF/UA-1 ua1::PDFUA-Ref-2-06_Brochure,aefd5ab48a908b9996ffadcb14d8ff31a2c653657cbe011a46f4cf61396a589e,12c8c27582c8ca949f0f95dc11371ef2a8c3a3a6a72bed7e8b82ff9aa74a049d,Missed,No new automated checkpoint matched the intended M04 property. Evidence: baseline report=evidence\verapdf\PDFUA-Ref-2-06_Brochure__aefd5ab48a908b9996ffadcb14d8ff31a2c653657cbe011a46f4cf61396a589e.json; mutant report=evidence\verapdf\PDFUA-Ref-2-06_Brochure-M04__12c8c27582c8ca949f0f95dc11371ef2a8c3a3a6a72bed7e8b82ff9aa74a049d.json; baseline_sha256=aefd5ab48a908b9996ffadcb14d8ff31a2c653657cbe011a46f4cf61396a589e; mutant_sha256=12c8c27582c8ca949f0f95dc11371ef2a8c3a3a6a72bed7e8b82ff9aa74a049d; baseline_rules=none; mutant_rules=none.
veraPDF::PDF/UA-1 ua1::PDFUA-Ref-2-06_Brochure-M05,PDFUA-Ref-2-06_Brochure-M05,PDFUA-Ref-2-06_Brochure,veraPDF,PDF/UA-1 ua1,BASELINE_PASS,veraPDF::PDF/UA-1 ua1::PDFUA-Ref-2-06_Brochure,aefd5ab48a908b9996ffadcb14d8ff31a2c653657cbe011a46f4cf61396a589e,692c7fddc91d6d6899dc1f9e820e2851a6cbeaa9694f0841b53445b15b8e3012,Missed,No new automated checkpoint matched the intended M05 property. Evidence: baseline report=evidence\verapdf\PDFUA-Ref-2-06_Brochure__aefd5ab48a908b9996ffadcb14d8ff31a2c653657cbe011a46f4cf61396a589e.json; mutant report=evidence\verapdf\PDFUA-Ref-2-06_Brochure-M05__692c7fddc91d6d6899dc1f9e820e2851a6cbeaa9694f0841b53445b15b8e3012.json; baseline_sha256=aefd5ab48a908b9996ffadcb14d8ff31a2c653657cbe011a46f4cf61396a589e; mutant_sha256=692c7fddc91d6d6899dc1f9e820e2851a6cbeaa9694f0841b53445b15b8e3012; baseline_rules=none; mutant_rules=none.
veraPDF::PDF/UA-1 ua1::PDFUA-Ref-2-06_Brochure-M06,PDFUA-Ref-2-06_Brochure-M06,PDFUA-Ref-2-06_Brochure,veraPDF,PDF/UA-1 ua1,BASELINE_PASS,veraPDF::PDF/UA-1 ua1::PDFUA-Ref-2-06_Brochure,aefd5ab48a908b9996ffadcb14d8ff31a2c653657cbe011a46f4cf61396a589e,a8629a74e71648776b2bb71606a7de30f1cbea3ffa60417d0bc936fabdb3c382,Missed,No new automated checkpoint matched the intended M06 property. Evidence: baseline report=evidence\verapdf\PDFUA-Ref-2-06_Brochure__aefd5ab48a908b9996ffadcb14d8ff31a2c653657cbe011a46f4cf61396a589e.json; mutant report=evidence\verapdf\PDFUA-Ref-2-06_Brochure-M06__a8629a74e71648776b2bb71606a7de30f1cbea3ffa60417d0bc936fabdb3c382.json; baseline_sha256=aefd5ab48a908b9996ffadcb14d8ff31a2c653657cbe011a46f4cf61396a589e; mutant_sha256=a8629a74e71648776b2bb71606a7de30f1cbea3ffa60417d0bc936fabdb3c382; baseline_rules=none; mutant_rules=none.
veraPDF::PDF/UA-1 ua1::PDFUA-Ref-2-06_Brochure-M07,PDFUA-Ref-2-06_Brochure-M07,PDFUA-Ref-2-06_Brochure,veraPDF,PDF/UA-1 ua1,BASELINE_PASS,veraPDF::PDF/UA-1 ua1::PDFUA-Ref-2-06_Brochure,aefd5ab48a908b9996ffadcb14d8ff31a2c653657cbe011a46f4cf61396a589e,7aed010a1cad015f6b9de4498a855cccc6599be37fe85e0ecdbddaef1d9af3dd,Detected,New automated checkpoint(s) figure match the intended M07 property. Evidence: baseline report=evidence\verapdf\PDFUA-Ref-2-06_Brochure__aefd5ab48a908b9996ffadcb14d8ff31a2c653657cbe011a46f4cf61396a589e.json; mutant report=evidence\verapdf\PDFUA-Ref-2-06_Brochure-M07__7aed010a1cad015f6b9de4498a855cccc6599be37fe85e0ecdbddaef1d9af3dd.json; baseline_sha256=aefd5ab48a908b9996ffadcb14d8ff31a2c653657cbe011a46f4cf61396a589e; mutant_sha256=7aed010a1cad015f6b9de4498a855cccc6599be37fe85e0ecdbddaef1d9af3dd; baseline_rules=none; mutant_rules=7.3.
veraPDF::PDF/UA-1 ua1::PDFUA-Ref-2-06_Brochure-M08,PDFUA-Ref-2-06_Brochure-M08,PDFUA-Ref-2-06_Brochure,veraPDF,PDF/UA-1 ua1,BASELINE_PASS,veraPDF::PDF/UA-1 ua1::PDFUA-Ref-2-06_Brochure,aefd5ab48a908b9996ffadcb14d8ff31a2c653657cbe011a46f4cf61396a589e,fa090d7a7a195eca6b885da4e9b0884b162b73a3b015be189fc41173738c2996,Detected,New automated checkpoint(s) natural language match the intended M08 property. Evidence: baseline report=evidence\verapdf\PDFUA-Ref-2-06_Brochure__aefd5ab48a908b9996ffadcb14d8ff31a2c653657cbe011a46f4cf61396a589e.json; mutant report=evidence\verapdf\PDFUA-Ref-2-06_Brochure-M08__fa090d7a7a195eca6b885da4e9b0884b162b73a3b015be189fc41173738c2996.json; baseline_sha256=aefd5ab48a908b9996ffadcb14d8ff31a2c653657cbe011a46f4cf61396a589e; mutant_sha256=fa090d7a7a195eca6b885da4e9b0884b162b73a3b015be189fc41173738c2996; baseline_rules=none; mutant_rules=7.2.
veraPDF::PDF/UA-1 ua1::PDFUA-Ref-2-06_Brochure-M09,PDFUA-Ref-2-06_Brochure-M09,PDFUA-Ref-2-06_Brochure,veraPDF,PDF/UA-1 ua1,BASELINE_PASS,veraPDF::PDF/UA-1 ua1::PDFUA-Ref-2-06_Brochure,aefd5ab48a908b9996ffadcb14d8ff31a2c653657cbe011a46f4cf61396a589e,2ede20fc76f497164df67574e7616dd4d38b7348de5b96418f630cca7982c5bf,REQUIRES_CLASSIFICATION,parsed_verapdf_json;failed_rule_count=0;parsed_verapdf_json;failed_rule_count=0;parsed_verapdf_json;failed_rule_count=0;parsed_verapdf_json;failed_rule_count=0;parsed_verapdf_json;failed_rule_count=0;parsed_verapdf_json;failed_rule_count=0;parsed_verapdf_json;failed_rule_count=0;parsed_verapdf_json;failed_rule_count=0;parsed_verapdf_json;failed_rule_count=0;parsed_verapdf_json;failed_rule_count=0;parsed_verapdf_json;failed_rule_count=0;parsed_verapdf_json;failed_rule_count=0;parsed_verapdf_json;failed_rule_count=0;parsed_verapdf_json;failed_rule_count=0;formal_classification=Missed
veraPDF::PDF/UA-1 ua1::PDFUA-Ref-2-08_BookChapter-M01,PDFUA-Ref-2-08_BookChapter-M01,PDFUA-Ref-2-08_BookChapter,veraPDF,PDF/UA-1 ua1,BASELINE_PASS,veraPDF::PDF/UA-1 ua1::PDFUA-Ref-2-08_BookChapter,2b958600daec79373736f413f2712fcd9c604de2c352cbc1ec9d67cc5d7932f1,f5fdd674ca53247a75d32f520d656f24f8e97e864466f9a72ca8e62487f63178,Missed,No new automated checkpoint matched the intended M01 property; unrelated/collateral new finding(s) 7.4.2 are not counted. Evidence: baseline report=evidence\verapdf\PDFUA-Ref-2-08_BookChapter__2b958600daec79373736f413f2712fcd9c604de2c352cbc1ec9d67cc5d7932f1.json; mutant report=evidence\verapdf\PDFUA-Ref-2-08_BookChapter-M01__f5fdd674ca53247a75d32f520d656f24f8e97e864466f9a72ca8e62487f63178.json; baseline_sha256=2b958600daec79373736f413f2712fcd9c604de2c352cbc1ec9d67cc5d7932f1; mutant_sha256=f5fdd674ca53247a75d32f520d656f24f8e97e864466f9a72ca8e62487f63178; baseline_rules=none; mutant_rules=7.4.2.
veraPDF::PDF/UA-1 ua1::PDFUA-Ref-2-08_BookChapter-M02,PDFUA-Ref-2-08_BookChapter-M02,PDFUA-Ref-2-08_BookChapter,veraPDF,PDF/UA-1 ua1,BASELINE_PASS,veraPDF::PDF/UA-1 ua1::PDFUA-Ref-2-08_BookChapter,2b958600daec79373736f413f2712fcd9c604de2c352cbc1ec9d67cc5d7932f1,820bea08c3a5eed724bb8d1e65d9e9733c1ca47a0e003ae477aea7cce81725e4,Missed,No new automated checkpoint matched the intended M02 property; unrelated/collateral new finding(s) 7.4.2 are not counted. Evidence: baseline report=evidence\verapdf\PDFUA-Ref-2-08_BookChapter__2b958600daec79373736f413f2712fcd9c604de2c352cbc1ec9d67cc5d7932f1.json; mutant report=evidence\verapdf\PDFUA-Ref-2-08_BookChapter-M02__820bea08c3a5eed724bb8d1e65d9e9733c1ca47a0e003ae477aea7cce81725e4.json; baseline_sha256=2b958600daec79373736f413f2712fcd9c604de2c352cbc1ec9d67cc5d7932f1; mutant_sha256=820bea08c3a5eed724bb8d1e65d9e9733c1ca47a0e003ae477aea7cce81725e4; baseline_rules=none; mutant_rules=7.4.2.
veraPDF::PDF/UA-1 ua1::PDFUA-Ref-2-08_BookChapter-M03,PDFUA-Ref-2-08_BookChapter-M03,PDFUA-Ref-2-08_BookChapter,veraPDF,PDF/UA-1 ua1,BASELINE_PASS,veraPDF::PDF/UA-1 ua1::PDFUA-Ref-2-08_BookChapter,2b958600daec79373736f413f2712fcd9c604de2c352cbc1ec9d67cc5d7932f1,2907d533740ae0bea18da032ef36cea8ec48e3bf026dcf8b61439b86b931ed27,Detected,New automated checkpoint(s) heading match the intended M03 property. Evidence: baseline report=evidence\verapdf\PDFUA-Ref-2-08_BookChapter__2b958600daec79373736f413f2712fcd9c604de2c352cbc1ec9d67cc5d7932f1.json; mutant report=evidence\verapdf\PDFUA-Ref-2-08_BookChapter-M03__2907d533740ae0bea18da032ef36cea8ec48e3bf026dcf8b61439b86b931ed27.json; baseline_sha256=2b958600daec79373736f413f2712fcd9c604de2c352cbc1ec9d67cc5d7932f1; mutant_sha256=2907d533740ae0bea18da032ef36cea8ec48e3bf026dcf8b61439b86b931ed27; baseline_rules=none; mutant_rules=7.4.2.
veraPDF::PDF/UA-1 ua1::PDFUA-Ref-2-08_BookChapter-M04,PDFUA-Ref-2-08_BookChapter-M04,PDFUA-Ref-2-08_BookChapter,veraPDF,PDF/UA-1 ua1,BASELINE_PASS,veraPDF::PDF/UA-1 ua1::PDFUA-Ref-2-08_BookChapter,2b958600daec79373736f413f2712fcd9c604de2c352cbc1ec9d67cc5d7932f1,20ac005e0fb4cf3812fefd64b496cf14488a56d493e7c7ee5f5045ce9540c1f5,Missed,No new automated checkpoint matched the intended M04 property. Evidence: baseline report=evidence\verapdf\PDFUA-Ref-2-08_BookChapter__2b958600daec79373736f413f2712fcd9c604de2c352cbc1ec9d67cc5d7932f1.json; mutant report=evidence\verapdf\PDFUA-Ref-2-08_BookChapter-M04__20ac005e0fb4cf3812fefd64b496cf14488a56d493e7c7ee5f5045ce9540c1f5.json; baseline_sha256=2b958600daec79373736f413f2712fcd9c604de2c352cbc1ec9d67cc5d7932f1; mutant_sha256=20ac005e0fb4cf3812fefd64b496cf14488a56d493e7c7ee5f5045ce9540c1f5; baseline_rules=none; mutant_rules=none.
veraPDF::PDF/UA-1 ua1::PDFUA-Ref-2-08_BookChapter-M05,PDFUA-Ref-2-08_BookChapter-M05,PDFUA-Ref-2-08_BookChapter,veraPDF,PDF/UA-1 ua1,BASELINE_PASS,veraPDF::PDF/UA-1 ua1::PDFUA-Ref-2-08_BookChapter,2b958600daec79373736f413f2712fcd9c604de2c352cbc1ec9d67cc5d7932f1,db8fd0be417f0b011ca55e313d0bc1bbe4421aec1d8bb27584fa99a9c5d1f7d3,Missed,No new automated checkpoint matched the intended M05 property. Evidence: baseline report=evidence\verapdf\PDFUA-Ref-2-08_BookChapter__2b958600daec79373736f413f2712fcd9c604de2c352cbc1ec9d67cc5d7932f1.json; mutant report=evidence\verapdf\PDFUA-Ref-2-08_BookChapter-M05__db8fd0be417f0b011ca55e313d0bc1bbe4421aec1d8bb27584fa99a9c5d1f7d3.json; baseline_sha256=2b958600daec79373736f413f2712fcd9c604de2c352cbc1ec9d67cc5d7932f1; mutant_sha256=db8fd0be417f0b011ca55e313d0bc1bbe4421aec1d8bb27584fa99a9c5d1f7d3; baseline_rules=none; mutant_rules=none.
veraPDF::PDF/UA-1 ua1::PDFUA-Ref-2-08_BookChapter-M06,PDFUA-Ref-2-08_BookChapter-M06,PDFUA-Ref-2-08_BookChapter,veraPDF,PDF/UA-1 ua1,BASELINE_PASS,veraPDF::PDF/UA-1 ua1::PDFUA-Ref-2-08_BookChapter,2b958600daec79373736f413f2712fcd9c604de2c352cbc1ec9d67cc5d7932f1,86091f5caa50e48f16a3a67354122d88c286f8ad8e5a892f22202d5dfe0be414,Missed,No new automated checkpoint matched the intended M06 property. Evidence: baseline report=evidence\verapdf\PDFUA-Ref-2-08_BookChapter__2b958600daec79373736f413f2712fcd9c604de2c352cbc1ec9d67cc5d7932f1.json; mutant report=evidence\verapdf\PDFUA-Ref-2-08_BookChapter-M06__86091f5caa50e48f16a3a67354122d88c286f8ad8e5a892f22202d5dfe0be414.json; baseline_sha256=2b958600daec79373736f413f2712fcd9c604de2c352cbc1ec9d67cc5d7932f1; mutant_sha256=86091f5caa50e48f16a3a67354122d88c286f8ad8e5a892f22202d5dfe0be414; baseline_rules=none; mutant_rules=none.
veraPDF::PDF/UA-1 ua1::PDFUA-Ref-2-08_BookChapter-M07,PDFUA-Ref-2-08_BookChapter-M07,PDFUA-Ref-2-08_BookChapter,veraPDF,PDF/UA-1 ua1,BASELINE_PASS,veraPDF::PDF/UA-1 ua1::PDFUA-Ref-2-08_BookChapter,2b958600daec79373736f413f2712fcd9c604de2c352cbc1ec9d67cc5d7932f1,8df764ab15f21435fc2283a261e0fa073baef1005f3d740e3991a952285746e8,Detected,New automated checkpoint(s) figure match the intended M07 property. Evidence: baseline report=evidence\verapdf\PDFUA-Ref-2-08_BookChapter__2b958600daec79373736f413f2712fcd9c604de2c352cbc1ec9d67cc5d7932f1.json; mutant report=evidence\verapdf\PDFUA-Ref-2-08_BookChapter-M07__8df764ab15f21435fc2283a261e0fa073baef1005f3d740e3991a952285746e8.json; baseline_sha256=2b958600daec79373736f413f2712fcd9c604de2c352cbc1ec9d67cc5d7932f1; mutant_sha256=8df764ab15f21435fc2283a261e0fa073baef1005f3d740e3991a952285746e8; baseline_rules=none; mutant_rules=7.3.
veraPDF::PDF/UA-1 ua1::PDFUA-Ref-2-08_BookChapter-M08,PDFUA-Ref-2-08_BookChapter-M08,PDFUA-Ref-2-08_BookChapter,veraPDF,PDF/UA-1 ua1,BASELINE_PASS,veraPDF::PDF/UA-1 ua1::PDFUA-Ref-2-08_BookChapter,2b958600daec79373736f413f2712fcd9c604de2c352cbc1ec9d67cc5d7932f1,2c631cd85add3b7883781fb114651993280bb8c9f360361eaf20cb1f3c1ef0c1,Detected,New automated checkpoint(s) natural language match the intended M08 property. Evidence: baseline report=evidence\verapdf\PDFUA-Ref-2-08_BookChapter__2b958600daec79373736f413f2712fcd9c604de2c352cbc1ec9d67cc5d7932f1.json; mutant report=evidence\verapdf\PDFUA-Ref-2-08_BookChapter-M08__2c631cd85add3b7883781fb114651993280bb8c9f360361eaf20cb1f3c1ef0c1.json; baseline_sha256=2b958600daec79373736f413f2712fcd9c604de2c352cbc1ec9d67cc5d7932f1; mutant_sha256=2c631cd85add3b7883781fb114651993280bb8c9f360361eaf20cb1f3c1ef0c1; baseline_rules=none; mutant_rules=7.2.
veraPDF::PDF/UA-1 ua1::PDFUA-Ref-2-08_BookChapter-M10,PDFUA-Ref-2-08_BookChapter-M10,PDFUA-Ref-2-08_BookChapter,veraPDF,PDF/UA-1 ua1,BASELINE_PASS,veraPDF::PDF/UA-1 ua1::PDFUA-Ref-2-08_BookChapter,2b958600daec79373736f413f2712fcd9c604de2c352cbc1ec9d67cc5d7932f1,135ebc92b095127190c98164be07186359b69f0908bda83266abdbb34adab269,Detected,New automated checkpoint(s) tr element may contain only th and td match the intended M10 property. Evidence: baseline report=evidence\verapdf\PDFUA-Ref-2-08_BookChapter__2b958600daec79373736f413f2712fcd9c604de2c352cbc1ec9d67cc5d7932f1.json; mutant report=evidence\verapdf\PDFUA-Ref-2-08_BookChapter-M10__135ebc92b095127190c98164be07186359b69f0908bda83266abdbb34adab269.json; baseline_sha256=2b958600daec79373736f413f2712fcd9c604de2c352cbc1ec9d67cc5d7932f1; mutant_sha256=135ebc92b095127190c98164be07186359b69f0908bda83266abdbb34adab269; baseline_rules=none; mutant_rules=7.2.
veraPDF::PDF/UA-1 ua1::PDFUA-Ref-2-09_Scanned-M01,PDFUA-Ref-2-09_Scanned-M01,PDFUA-Ref-2-09_Scanned,veraPDF,PDF/UA-1 ua1,BASELINE_PASS,veraPDF::PDF/UA-1 ua1::PDFUA-Ref-2-09_Scanned,bb46d5c723fe1427dd1bf92ccd8653f9a5cef4054f7d878168b99477fa3792ae,04ce7bde54a9e481e0da7d5bf8a4e7fc98467f2bdbc3803291d166e219df9dc0,Missed,No new automated checkpoint matched the intended M01 property; unrelated/collateral new finding(s) 7.4.2 are not counted. Evidence: baseline report=evidence\verapdf\PDFUA-Ref-2-09_Scanned__bb46d5c723fe1427dd1bf92ccd8653f9a5cef4054f7d878168b99477fa3792ae.json; mutant report=evidence\verapdf\PDFUA-Ref-2-09_Scanned-M01__04ce7bde54a9e481e0da7d5bf8a4e7fc98467f2bdbc3803291d166e219df9dc0.json; baseline_sha256=bb46d5c723fe1427dd1bf92ccd8653f9a5cef4054f7d878168b99477fa3792ae; mutant_sha256=04ce7bde54a9e481e0da7d5bf8a4e7fc98467f2bdbc3803291d166e219df9dc0; baseline_rules=none; mutant_rules=7.4.2.
veraPDF::PDF/UA-1 ua1::PDFUA-Ref-2-09_Scanned-M02,PDFUA-Ref-2-09_Scanned-M02,PDFUA-Ref-2-09_Scanned,veraPDF,PDF/UA-1 ua1,BASELINE_PASS,veraPDF::PDF/UA-1 ua1::PDFUA-Ref-2-09_Scanned,bb46d5c723fe1427dd1bf92ccd8653f9a5cef4054f7d878168b99477fa3792ae,f45a0b6356c4f2435d8bd75482c8ff0c17fc8f072b81169e342bff4376b04946,Missed,No new automated checkpoint matched the intended M02 property; unrelated/collateral new finding(s) 7.4.2 are not counted. Evidence: baseline report=evidence\verapdf\PDFUA-Ref-2-09_Scanned__bb46d5c723fe1427dd1bf92ccd8653f9a5cef4054f7d878168b99477fa3792ae.json; mutant report=evidence\verapdf\PDFUA-Ref-2-09_Scanned-M02__f45a0b6356c4f2435d8bd75482c8ff0c17fc8f072b81169e342bff4376b04946.json; baseline_sha256=bb46d5c723fe1427dd1bf92ccd8653f9a5cef4054f7d878168b99477fa3792ae; mutant_sha256=f45a0b6356c4f2435d8bd75482c8ff0c17fc8f072b81169e342bff4376b04946; baseline_rules=none; mutant_rules=7.4.2.
veraPDF::PDF/UA-1 ua1::PDFUA-Ref-2-09_Scanned-M03,PDFUA-Ref-2-09_Scanned-M03,PDFUA-Ref-2-09_Scanned,veraPDF,PDF/UA-1 ua1,BASELINE_PASS,veraPDF::PDF/UA-1 ua1::PDFUA-Ref-2-09_Scanned,bb46d5c723fe1427dd1bf92ccd8653f9a5cef4054f7d878168b99477fa3792ae,b86a34d9c3d9be9e5022027a4856df45a5ab30b42b4cc04791130c0229119f7b,Detected,New automated checkpoint(s) heading match the intended M03 property. Evidence: baseline report=evidence\verapdf\PDFUA-Ref-2-09_Scanned__bb46d5c723fe1427dd1bf92ccd8653f9a5cef4054f7d878168b99477fa3792ae.json; mutant report=evidence\verapdf\PDFUA-Ref-2-09_Scanned-M03__b86a34d9c3d9be9e5022027a4856df45a5ab30b42b4cc04791130c0229119f7b.json; baseline_sha256=bb46d5c723fe1427dd1bf92ccd8653f9a5cef4054f7d878168b99477fa3792ae; mutant_sha256=b86a34d9c3d9be9e5022027a4856df45a5ab30b42b4cc04791130c0229119f7b; baseline_rules=none; mutant_rules=7.4.2.
veraPDF::PDF/UA-1 ua1::PDFUA-Ref-2-09_Scanned-M04,PDFUA-Ref-2-09_Scanned-M04,PDFUA-Ref-2-09_Scanned,veraPDF,PDF/UA-1 ua1,BASELINE_PASS,veraPDF::PDF/UA-1 ua1::PDFUA-Ref-2-09_Scanned,bb46d5c723fe1427dd1bf92ccd8653f9a5cef4054f7d878168b99477fa3792ae,494532eaa86c5136f8de492a0bf4f227d91b90aabc6d7eed62506f2e1838ef28,Missed,No new automated checkpoint matched the intended M04 property. Evidence: baseline report=evidence\verapdf\PDFUA-Ref-2-09_Scanned__bb46d5c723fe1427dd1bf92ccd8653f9a5cef4054f7d878168b99477fa3792ae.json; mutant report=evidence\verapdf\PDFUA-Ref-2-09_Scanned-M04__494532eaa86c5136f8de492a0bf4f227d91b90aabc6d7eed62506f2e1838ef28.json; baseline_sha256=bb46d5c723fe1427dd1bf92ccd8653f9a5cef4054f7d878168b99477fa3792ae; mutant_sha256=494532eaa86c5136f8de492a0bf4f227d91b90aabc6d7eed62506f2e1838ef28; baseline_rules=none; mutant_rules=none.
veraPDF::PDF/UA-1 ua1::PDFUA-Ref-2-09_Scanned-M05,PDFUA-Ref-2-09_Scanned-M05,PDFUA-Ref-2-09_Scanned,veraPDF,PDF/UA-1 ua1,BASELINE_PASS,veraPDF::PDF/UA-1 ua1::PDFUA-Ref-2-09_Scanned,bb46d5c723fe1427dd1bf92ccd8653f9a5cef4054f7d878168b99477fa3792ae,6bbc4a32f5cfa0ae69e6f77ec68a66988bc5644b1e60e34278181c151d71b932,Missed,No new automated checkpoint matched the intended M05 property. Evidence: baseline report=evidence\verapdf\PDFUA-Ref-2-09_Scanned__bb46d5c723fe1427dd1bf92ccd8653f9a5cef4054f7d878168b99477fa3792ae.json; mutant report=evidence\verapdf\PDFUA-Ref-2-09_Scanned-M05__6bbc4a32f5cfa0ae69e6f77ec68a66988bc5644b1e60e34278181c151d71b932.json; baseline_sha256=bb46d5c723fe1427dd1bf92ccd8653f9a5cef4054f7d878168b99477fa3792ae; mutant_sha256=6bbc4a32f5cfa0ae69e6f77ec68a66988bc5644b1e60e34278181c151d71b932; baseline_rules=none; mutant_rules=none.
veraPDF::PDF/UA-1 ua1::PDFUA-Ref-2-09_Scanned-M06,PDFUA-Ref-2-09_Scanned-M06,PDFUA-Ref-2-09_Scanned,veraPDF,PDF/UA-1 ua1,BASELINE_PASS,veraPDF::PDF/UA-1 ua1::PDFUA-Ref-2-09_Scanned,bb46d5c723fe1427dd1bf92ccd8653f9a5cef4054f7d878168b99477fa3792ae,637c71a7db4ce2fccd3d34ad662d600b62ef46c275c3ca370c2d17a97980c9fa,Missed,No new automated checkpoint matched the intended M06 property. Evidence: baseline report=evidence\verapdf\PDFUA-Ref-2-09_Scanned__bb46d5c723fe1427dd1bf92ccd8653f9a5cef4054f7d878168b99477fa3792ae.json; mutant report=evidence\verapdf\PDFUA-Ref-2-09_Scanned-M06__637c71a7db4ce2fccd3d34ad662d600b62ef46c275c3ca370c2d17a97980c9fa.json; baseline_sha256=bb46d5c723fe1427dd1bf92ccd8653f9a5cef4054f7d878168b99477fa3792ae; mutant_sha256=637c71a7db4ce2fccd3d34ad662d600b62ef46c275c3ca370c2d17a97980c9fa; baseline_rules=none; mutant_rules=none.
veraPDF::PDF/UA-1 ua1::PDFUA-Ref-2-09_Scanned-M07,PDFUA-Ref-2-09_Scanned-M07,PDFUA-Ref-2-09_Scanned,veraPDF,PDF/UA-1 ua1,BASELINE_PASS,veraPDF::PDF/UA-1 ua1::PDFUA-Ref-2-09_Scanned,bb46d5c723fe1427dd1bf92ccd8653f9a5cef4054f7d878168b99477fa3792ae,c16652da4ab2f15701bf4b12fb0790c269bea5fadbfd0443c1e5db51c51d2c3a,Detected,New automated checkpoint(s) figure match the intended M07 property. Evidence: baseline report=evidence\verapdf\PDFUA-Ref-2-09_Scanned__bb46d5c723fe1427dd1bf92ccd8653f9a5cef4054f7d878168b99477fa3792ae.json; mutant report=evidence\verapdf\PDFUA-Ref-2-09_Scanned-M07__c16652da4ab2f15701bf4b12fb0790c269bea5fadbfd0443c1e5db51c51d2c3a.json; baseline_sha256=bb46d5c723fe1427dd1bf92ccd8653f9a5cef4054f7d878168b99477fa3792ae; mutant_sha256=c16652da4ab2f15701bf4b12fb0790c269bea5fadbfd0443c1e5db51c51d2c3a; baseline_rules=none; mutant_rules=7.3.
veraPDF::PDF/UA-1 ua1::PDFUA-Ref-2-09_Scanned-M08,PDFUA-Ref-2-09_Scanned-M08,PDFUA-Ref-2-09_Scanned,veraPDF,PDF/UA-1 ua1,BASELINE_PASS,veraPDF::PDF/UA-1 ua1::PDFUA-Ref-2-09_Scanned,bb46d5c723fe1427dd1bf92ccd8653f9a5cef4054f7d878168b99477fa3792ae,66c34b8b56d04baf6e805411a1b1c460b25232f6ee0c968e44031c365e47d54c,REQUIRES_CLASSIFICATION,parsed_verapdf_json;failed_rule_count=5;failed_rule_text=Natural language in the Outline entries shall be determined || Natural language for text in page content shall be determined || Natural language for document metadata shall be determined || Natural language for text in Alt attribute shall be determined || Natural language for text in ActualText attribute shall be determined;parsed_verapdf_json;failed_rule_count=5;failed_rule_text=Natural language in the Outline entries shall be determined || Natural language for text in page content shall be determined || Natural language for document metadata shall be determined || Natural language for text in Alt attribute shall be determined || Natural language for text in ActualText attribute shall be determined;parsed_verapdf_json;failed_rule_count=5;failed_rule_text=Natural language in the Outline entries shall be determined || Natural language for text in page content shall be determined || Natural language for document metadata shall be determined || Natural language for text in Alt attribute shall be determined || Natural language for text in ActualText attribute shall be determined;parsed_verapdf_json;failed_rule_count=5;failed_rule_text=Natural language in the Outline entries shall be determined || Natural language for text in page content shall be determined || Natural language for document metadata shall be determined || Natural language for text in Alt attribute shall be determined || Natural language for text in ActualText attribute shall be determined;parsed_verapdf_json;failed_rule_count=5;failed_rule_text=Natural language in the Outline entries shall be determined || Natural language for text in page content shall be determined || Natural language for document metadata shall be determined || Natural language for text in Alt attribute shall be determined || Natural language for text in ActualText attribute shall be determined;parsed_verapdf_json;failed_rule_count=5;failed_rule_text=Natural language in the Outline entries shall be determined || Natural language for text in page content shall be determined || Natural language for document metadata shall be determined || Natural language for text in Alt attribute shall be determined || Natural language for text in ActualText attribute shall be determined;parsed_verapdf_json;failed_rule_count=5;failed_rule_text=Natural language in the Outline entries shall be determined || Natural language for text in page content shall be determined || Natural language for document metadata shall be determined || Natural language for text in Alt attribute shall be determined || Natural language for text in ActualText attribute shall be determined;parsed_verapdf_json;failed_rule_count=5;failed_rule_text=Natural language in the Outline entries shall be determined || Natural language for text in page content shall be determined || Natural language for document metadata shall be determined || Natural language for text in Alt attribute shall be determined || Natural language for text in ActualText attribute shall be determined;parsed_verapdf_json;failed_rule_count=5;failed_rule_text=Natural language in the Outline entries shall be determined || Natural language for text in page content shall be determined || Natural language for document metadata shall be determined || Natural language for text in Alt attribute shall be determined || Natural language for text in ActualText attribute shall be determined;parsed_verapdf_json;failed_rule_count=5;failed_rule_text=Natural language in the Outline entries shall be determined || Natural language for text in page content shall be determined || Natural language for document metadata shall be determined || Natural language for text in Alt attribute shall be determined || Natural language for text in ActualText attribute shall be determined;parsed_verapdf_json;failed_rule_count=5;failed_rule_text=Natural language in the Outline entries shall be determined || Natural language for text in page content shall be determined || Natural language for document metadata shall be determined || Natural language for text in Alt attribute shall be determined || Natural language for text in ActualText attribute shall be determined;parsed_verapdf_json;failed_rule_count=5;failed_rule_text=Natural language in the Outline entries shall be determined || Natural language for text in page content shall be determined || Natural language for document metadata shall be determined || Natural language for text in Alt attribute shall be determined || Natural language for text in ActualText attribute shall be determined;parsed_verapdf_json;failed_rule_count=5;failed_rule_text=Natural language in the Outline entries shall be determined || Natural language for text in page content shall be determined || Natural language for document metadata shall be determined || Natural language for text in Alt attribute shall be determined || Natural language for text in ActualText attribute shall be determined;parsed_verapdf_json;failed_rule_count=5;failed_rule_text=Natural language in the Outline entries shall be determined || Natural language for text in page content shall be determined || Natural language for document metadata shall be determined || Natural language for text in Alt attribute shall be determined || Natural language for text in ActualText attribute shall be determined
veraPDF::PDF/UA-1 ua1::PDFUA-Ref-2-09_Scanned-M09,PDFUA-Ref-2-09_Scanned-M09,PDFUA-Ref-2-09_Scanned,veraPDF,PDF/UA-1 ua1,BASELINE_PASS,veraPDF::PDF/UA-1 ua1::PDFUA-Ref-2-09_Scanned,bb46d5c723fe1427dd1bf92ccd8653f9a5cef4054f7d878168b99477fa3792ae,fffc16e1954d8c2ffb6abeac0d9a9804aaf2236711ba0d3f06317fbc1e84d548,REQUIRES_CLASSIFICATION,parsed_verapdf_json;failed_rule_count=0;parsed_verapdf_json;failed_rule_count=0;parsed_verapdf_json;failed_rule_count=0;parsed_verapdf_json;failed_rule_count=0;parsed_verapdf_json;failed_rule_count=0;parsed_verapdf_json;failed_rule_count=0;parsed_verapdf_json;failed_rule_count=0;parsed_verapdf_json;failed_rule_count=0;parsed_verapdf_json;failed_rule_count=0;parsed_verapdf_json;failed_rule_count=0;parsed_verapdf_json;failed_rule_count=0;parsed_verapdf_json;failed_rule_count=0;parsed_verapdf_json;failed_rule_count=0;parsed_verapdf_json;failed_rule_count=0;formal_classification=Missed
veraPDF::PDF/UA-1 ua1::PDFUA-Ref-2-09_Scanned-M10,PDFUA-Ref-2-09_Scanned-M10,PDFUA-Ref-2-09_Scanned,veraPDF,PDF/UA-1 ua1,BASELINE_PASS,veraPDF::PDF/UA-1 ua1::PDFUA-Ref-2-09_Scanned,bb46d5c723fe1427dd1bf92ccd8653f9a5cef4054f7d878168b99477fa3792ae,c5f2c1706faf55b963f7ae539710aa419a530967f41fcbc495d5fbc6708927e8,Detected,New automated checkpoint(s) tr element may contain only th and td match the intended M10 property. Evidence: baseline report=evidence\verapdf\PDFUA-Ref-2-09_Scanned__bb46d5c723fe1427dd1bf92ccd8653f9a5cef4054f7d878168b99477fa3792ae.json; mutant report=evidence\verapdf\PDFUA-Ref-2-09_Scanned-M10__c5f2c1706faf55b963f7ae539710aa419a530967f41fcbc495d5fbc6708927e8.json; baseline_sha256=bb46d5c723fe1427dd1bf92ccd8653f9a5cef4054f7d878168b99477fa3792ae; mutant_sha256=c5f2c1706faf55b963f7ae539710aa419a530967f41fcbc495d5fbc6708927e8; baseline_rules=none; mutant_rules=7.2.
veraPDF::PDF/UA-1 ua1::PDFUA-Ref-2-10_Form-M01,PDFUA-Ref-2-10_Form-M01,PDFUA-Ref-2-10_Form,veraPDF,PDF/UA-1 ua1,BASELINE_PASS,veraPDF::PDF/UA-1 ua1::PDFUA-Ref-2-10_Form,06d5cacd7c5ba9573a57c6d99d3f357ee14a24cff0c138036840fc44c6311806,3f4549f2b3c4a7e8ec2859096f3bc42513bf0df4cad6c5ee1f324835425bfece,Missed,No new automated checkpoint matched the intended M01 property. Evidence: baseline report=evidence\verapdf\PDFUA-Ref-2-10_Form__06d5cacd7c5ba9573a57c6d99d3f357ee14a24cff0c138036840fc44c6311806.json; mutant report=evidence\verapdf\PDFUA-Ref-2-10_Form-M01__3f4549f2b3c4a7e8ec2859096f3bc42513bf0df4cad6c5ee1f324835425bfece.json; baseline_sha256=06d5cacd7c5ba9573a57c6d99d3f357ee14a24cff0c138036840fc44c6311806; mutant_sha256=3f4549f2b3c4a7e8ec2859096f3bc42513bf0df4cad6c5ee1f324835425bfece; baseline_rules=none; mutant_rules=none.
veraPDF::PDF/UA-1 ua1::PDFUA-Ref-2-10_Form-M02,PDFUA-Ref-2-10_Form-M02,PDFUA-Ref-2-10_Form,veraPDF,PDF/UA-1 ua1,BASELINE_PASS,veraPDF::PDF/UA-1 ua1::PDFUA-Ref-2-10_Form,06d5cacd7c5ba9573a57c6d99d3f357ee14a24cff0c138036840fc44c6311806,85550ea9d4a77f73600cbc328ea4c1edf6916e032e2f5c79bf30e97f3db2d478,Missed,No new automated checkpoint matched the intended M02 property. Evidence: baseline report=evidence\verapdf\PDFUA-Ref-2-10_Form__06d5cacd7c5ba9573a57c6d99d3f357ee14a24cff0c138036840fc44c6311806.json; mutant report=evidence\verapdf\PDFUA-Ref-2-10_Form-M02__85550ea9d4a77f73600cbc328ea4c1edf6916e032e2f5c79bf30e97f3db2d478.json; baseline_sha256=06d5cacd7c5ba9573a57c6d99d3f357ee14a24cff0c138036840fc44c6311806; mutant_sha256=85550ea9d4a77f73600cbc328ea4c1edf6916e032e2f5c79bf30e97f3db2d478; baseline_rules=none; mutant_rules=none.
veraPDF::PDF/UA-1 ua1::PDFUA-Ref-2-10_Form-M08,PDFUA-Ref-2-10_Form-M08,PDFUA-Ref-2-10_Form,veraPDF,PDF/UA-1 ua1,BASELINE_PASS,veraPDF::PDF/UA-1 ua1::PDFUA-Ref-2-10_Form,06d5cacd7c5ba9573a57c6d99d3f357ee14a24cff0c138036840fc44c6311806,53befb723e3cca79d246644678be0a3a09dae65ff4e514fc56d3fa404cd4ff8a,Detected,New automated checkpoint(s) natural language match the intended M08 property. Evidence: baseline report=evidence\verapdf\PDFUA-Ref-2-10_Form__06d5cacd7c5ba9573a57c6d99d3f357ee14a24cff0c138036840fc44c6311806.json; mutant report=evidence\verapdf\PDFUA-Ref-2-10_Form-M08__53befb723e3cca79d246644678be0a3a09dae65ff4e514fc56d3fa404cd4ff8a.json; baseline_sha256=06d5cacd7c5ba9573a57c6d99d3f357ee14a24cff0c138036840fc44c6311806; mutant_sha256=53befb723e3cca79d246644678be0a3a09dae65ff4e514fc56d3fa404cd4ff8a; baseline_rules=none; mutant_rules=7.2.
veraPDF::PDF/UA-1 ua1::PDFUA-Ref-2-10_Form-M09,PDFUA-Ref-2-10_Form-M09,PDFUA-Ref-2-10_Form,veraPDF,PDF/UA-1 ua1,BASELINE_PASS,veraPDF::PDF/UA-1 ua1::PDFUA-Ref-2-10_Form,06d5cacd7c5ba9573a57c6d99d3f357ee14a24cff0c138036840fc44c6311806,e773fbeada53152d5b48cbcc4598f89c4e40d42fad35db905ae10504d3bf6ff2,REQUIRES_CLASSIFICATION,parsed_verapdf_json;failed_rule_count=0;parsed_verapdf_json;failed_rule_count=0;parsed_verapdf_json;failed_rule_count=0;parsed_verapdf_json;failed_rule_count=0;parsed_verapdf_json;failed_rule_count=0;parsed_verapdf_json;failed_rule_count=0;parsed_verapdf_json;failed_rule_count=0;parsed_verapdf_json;failed_rule_count=0;parsed_verapdf_json;failed_rule_count=0;parsed_verapdf_json;failed_rule_count=0;parsed_verapdf_json;failed_rule_count=0;parsed_verapdf_json;failed_rule_count=0;parsed_verapdf_json;failed_rule_count=0;parsed_verapdf_json;failed_rule_count=0;formal_classification=Missed
