case_id,record_id,artifact_id,source_golden,operator,validator,configuration,report_path,report_sha256,file_sha256,baseline_run_id,baseline_report_path,baseline_report_sha256,canonical_classification
DC-0001,Acrobat::Full Check::PDFUA-Ref-2-01_Magazine-danish-M01,PDFUA-Ref-2-01_Magazine-danish-M01,PDFUA-Ref-2-01_Magazine-danish,M01,Acrobat,Full Check,evidence/acrobat/PDFUA-Ref-2-01_Magazine-danish-M01__a52e75193364438a1701f76c986fc047ee3e3b98dd691ec662d2c1d380c5d2df.accreport.html,e7c3dc0aace814af5007f256a55319f7fd25ab3c4956a3920dfffdc657178c98,a52e75193364438a1701f76c986fc047ee3e3b98dd691ec662d2c1d380c5d2df,Acrobat::Full Check::PDFUA-Ref-2-01_Magazine-danish,evidence\acrobat\PDFUA-Ref-2-01_Magazine-danish__aef89af13c9c94fc4f4e1a8c5872450cc4c8fff7de544d8ada6a0912425aa434.accreport.html,972f01218b19aacb9823cb7a8b649494616b7e1e35ecb156ddabd257ec86bb62,Needs Manual Check
DC-0002,Acrobat::Full Check::PDFUA-Ref-2-01_Magazine-danish-M02,PDFUA-Ref-2-01_Magazine-danish-M02,PDFUA-Ref-2-01_Magazine-danish,M02,Acrobat,Full Check,evidence/acrobat/PDFUA-Ref-2-01_Magazine-danish-M02__e8df97191d286d7b52b625d3664034a14374aac4965a0bdd2aa6af57f9876c5f.accreport.html,c6c973ada952bb098291103d58038fffcecd181209f22805ba8e7f05c8fa4d19,e8df97191d286d7b52b625d3664034a14374aac4965a0bdd2aa6af57f9876c5f,Acrobat::Full Check::PDFUA-Ref-2-01_Magazine-danish,evidence\acrobat\PDFUA-Ref-2-01_Magazine-danish__aef89af13c9c94fc4f4e1a8c5872450cc4c8fff7de544d8ada6a0912425aa434.accreport.html,972f01218b19aacb9823cb7a8b649494616b7e1e35ecb156ddabd257ec86bb62,Missed
DC-0003,Acrobat::Full Check::PDFUA-Ref-2-01_Magazine-danish-M03,PDFUA-Ref-2-01_Magazine-danish-M03,PDFUA-Ref-2-01_Magazine-danish,M03,Acrobat,Full Check,evidence/acrobat/PDFUA-Ref-2-01_Magazine-danish-M03__f7b9e14f0320211e69643205e92b5c0719008a512cbb0b572b00d5362d011bfb.accreport.html,fd9908553dde3de67b99b569e0b88f2b8102aea8e5155029f55b4b19383e5fb0,f7b9e14f0320211e69643205e92b5c0719008a512cbb0b572b00d5362d011bfb,Acrobat::Full Check::PDFUA-Ref-2-01_Magazine-danish,evidence\acrobat\PDFUA-Ref-2-01_Magazine-danish__aef89af13c9c94fc4f4e1a8c5872450cc4c8fff7de544d8ada6a0912425aa434.accreport.html,972f01218b19aacb9823cb7a8b649494616b7e1e35ecb156ddabd257ec86bb62,Detected
DC-0004,Acrobat::Full Check::PDFUA-Ref-2-01_Magazine-danish-M04,PDFUA-Ref-2-01_Magazine-danish-M04,PDFUA-Ref-2-01_Magazine-danish,M04,Acrobat,Full Check,evidence/acrobat/PDFUA-Ref-2-01_Magazine-danish-M04__eb79fabe18daacdee5408ca7bc5a7968f8113c1721ff80830870d5680a639c82.accreport.html,60cda1ca4f602450a82b817172dab0106056e460a4019d5aa089204aaba24c64,eb79fabe18daacdee5408ca7bc5a7968f8113c1721ff80830870d5680a639c82,Acrobat::Full Check::PDFUA-Ref-2-01_Magazine-danish,evidence\acrobat\PDFUA-Ref-2-01_Magazine-danish__aef89af13c9c94fc4f4e1a8c5872450cc4c8fff7de544d8ada6a0912425aa434.accreport.html,972f01218b19aacb9823cb7a8b649494616b7e1e35ecb156ddabd257ec86bb62,Missed
DC-0005,Acrobat::Full Check::PDFUA-Ref-2-01_Magazine-danish-M05,PDFUA-Ref-2-01_Magazine-danish-M05,PDFUA-Ref-2-01_Magazine-danish,M05,Acrobat,Full Check,evidence/acrobat/PDFUA-Ref-2-01_Magazine-danish-M05__5b5f3a85909983e4b44ba0babf92c7e9704757387a94804ef792ca3d3918bb6f.accreport.html,8d0700057884ce0113df2c2be217f915f9825ab373bd2b514508531bdf541c9a,5b5f3a85909983e4b44ba0babf92c7e9704757387a94804ef792ca3d3918bb6f,Acrobat::Full Check::PDFUA-Ref-2-01_Magazine-danish,evidence\acrobat\PDFUA-Ref-2-01_Magazine-danish__aef89af13c9c94fc4f4e1a8c5872450cc4c8fff7de544d8ada6a0912425aa434.accreport.html,972f01218b19aacb9823cb7a8b649494616b7e1e35ecb156ddabd257ec86bb62,Needs Manual Check
DC-0006,Acrobat::Full Check::PDFUA-Ref-2-01_Magazine-danish-M06,PDFUA-Ref-2-01_Magazine-danish-M06,PDFUA-Ref-2-01_Magazine-danish,M06,Acrobat,Full Check,evidence/acrobat/PDFUA-Ref-2-01_Magazine-danish-M06__4774ad31d5381502e81bc0e30ee6a92559c51bf4bd3772adcc50b3ca1d671d81.accreport.html,a6e1a166e8aa38ba7ef720befd36c96c2e4b3af2682082511ed7e4a6762528c8,4774ad31d5381502e81bc0e30ee6a92559c51bf4bd3772adcc50b3ca1d671d81,Acrobat::Full Check::PDFUA-Ref-2-01_Magazine-danish,evidence\acrobat\PDFUA-Ref-2-01_Magazine-danish__aef89af13c9c94fc4f4e1a8c5872450cc4c8fff7de544d8ada6a0912425aa434.accreport.html,972f01218b19aacb9823cb7a8b649494616b7e1e35ecb156ddabd257ec86bb62,Missed
DC-0007,Acrobat::Full Check::PDFUA-Ref-2-01_Magazine-danish-M07,PDFUA-Ref-2-01_Magazine-danish-M07,PDFUA-Ref-2-01_Magazine-danish,M07,Acrobat,Full Check,evidence/acrobat/PDFUA-Ref-2-01_Magazine-danish-M07__a45021dfa3ce09f803eac101d0d5bffcd1326662a9a71c028bbd51cbe01a595f.accreport.html,382bde08b2f57d1dae512d287353f33ae5bf4b43b6a4afa7f89c2522ae7db2bb,a45021dfa3ce09f803eac101d0d5bffcd1326662a9a71c028bbd51cbe01a595f,Acrobat::Full Check::PDFUA-Ref-2-01_Magazine-danish,evidence\acrobat\PDFUA-Ref-2-01_Magazine-danish__aef89af13c9c94fc4f4e1a8c5872450cc4c8fff7de544d8ada6a0912425aa434.accreport.html,972f01218b19aacb9823cb7a8b649494616b7e1e35ecb156ddabd257ec86bb62,Detected
DC-0008,Acrobat::Full Check::PDFUA-Ref-2-01_Magazine-danish-M08,PDFUA-Ref-2-01_Magazine-danish-M08,PDFUA-Ref-2-01_Magazine-danish,M08,Acrobat,Full Check,evidence/acrobat/PDFUA-Ref-2-01_Magazine-danish-M08__798d1807493ecbed375ba1a175bb6d19f6d51dfe508c6df88df7ec3f8e1d6061.accreport.html,ab1f812da276c337b6fbcbaf79f768fce88ddfa71127a41339766f1ad4d6d533,798d1807493ecbed375ba1a175bb6d19f6d51dfe508c6df88df7ec3f8e1d6061,Acrobat::Full Check::PDFUA-Ref-2-01_Magazine-danish,evidence\acrobat\PDFUA-Ref-2-01_Magazine-danish__aef89af13c9c94fc4f4e1a8c5872450cc4c8fff7de544d8ada6a0912425aa434.accreport.html,972f01218b19aacb9823cb7a8b649494616b7e1e35ecb156ddabd257ec86bb62,Detected
DC-0009,Acrobat::Full Check::PDFUA-Ref-2-01_Magazine-danish-M09,PDFUA-Ref-2-01_Magazine-danish-M09,PDFUA-Ref-2-01_Magazine-danish,M09,Acrobat,Full Check,evidence/acrobat/PDFUA-Ref-2-01_Magazine-danish-M09__3ef299495b93ea1d1fd50ba38ec265412abb6e1d7e147918d50ec9afcc36662b.accreport.html,58c8f79671d377fc7b707b0f02b40145827ea8b92a3101b5c00f96024230146b,3ef299495b93ea1d1fd50ba38ec265412abb6e1d7e147918d50ec9afcc36662b,Acrobat::Full Check::PDFUA-Ref-2-01_Magazine-danish,evidence\acrobat\PDFUA-Ref-2-01_Magazine-danish__aef89af13c9c94fc4f4e1a8c5872450cc4c8fff7de544d8ada6a0912425aa434.accreport.html,972f01218b19aacb9823cb7a8b649494616b7e1e35ecb156ddabd257ec86bb62,Missed
DC-0010,Acrobat::Full Check::PDFUA-Ref-2-02_Invoice-M02,PDFUA-Ref-2-02_Invoice-M02,PDFUA-Ref-2-02_Invoice,M02,Acrobat,Full Check,evidence/acrobat/PDFUA-Ref-2-02_Invoice-M02__462607fdecfb53a1cfdf57d060f6f2ef467370ae7d39213b258398a1777120fd.accreport.html,067281ab7cc98e6f5409f1c120fe58953f74d34f25f7f4a7f45b34c43831e036,462607fdecfb53a1cfdf57d060f6f2ef467370ae7d39213b258398a1777120fd,Acrobat::Full Check::PDFUA-Ref-2-02_Invoice,evidence\acrobat\PDFUA-Ref-2-02_Invoice__fbae08464f192f532205833215505b78266e86df6283d9b0c439cb06927ce0b9.accreport.html,71e2fa9af7ed82b0b4ef4c0f7ec938860bbf87494ae6ef492f7a1b415780eaec,Missed
DC-0011,Acrobat::Full Check::PDFUA-Ref-2-02_Invoice-M03,PDFUA-Ref-2-02_Invoice-M03,PDFUA-Ref-2-02_Invoice,M03,Acrobat,Full Check,evidence/acrobat/PDFUA-Ref-2-02_Invoice-M03__7887ebfcc438c907ca1981ad33769f3ebee0831b86c8f18ba672a682e45e0323.accreport.html,8eac8bac0c89e446b574ccd06a740088503fb3e643e0a168e968ff7dee3c65b5,7887ebfcc438c907ca1981ad33769f3ebee0831b86c8f18ba672a682e45e0323,Acrobat::Full Check::PDFUA-Ref-2-02_Invoice,evidence\acrobat\PDFUA-Ref-2-02_Invoice__fbae08464f192f532205833215505b78266e86df6283d9b0c439cb06927ce0b9.accreport.html,71e2fa9af7ed82b0b4ef4c0f7ec938860bbf87494ae6ef492f7a1b415780eaec,Detected
DC-0012,Acrobat::Full Check::PDFUA-Ref-2-02_Invoice-M04,PDFUA-Ref-2-02_Invoice-M04,PDFUA-Ref-2-02_Invoice,M04,Acrobat,Full Check,evidence/acrobat/PDFUA-Ref-2-02_Invoice-M04__c831396c411f0e67e1fa9eea43cf7e8f741b9f99c69cbdd9f0ce3c17dcab2514.accreport.html,2cf5f6f7a95e8242d5fab65a4bf23480d86cfb573b7a07ecb049a274bcf80ef7,c831396c411f0e67e1fa9eea43cf7e8f741b9f99c69cbdd9f0ce3c17dcab2514,Acrobat::Full Check::PDFUA-Ref-2-02_Invoice,evidence\acrobat\PDFUA-Ref-2-02_Invoice__fbae08464f192f532205833215505b78266e86df6283d9b0c439cb06927ce0b9.accreport.html,71e2fa9af7ed82b0b4ef4c0f7ec938860bbf87494ae6ef492f7a1b415780eaec,Missed
DC-0013,Acrobat::Full Check::PDFUA-Ref-2-02_Invoice-M07,PDFUA-Ref-2-02_Invoice-M07,PDFUA-Ref-2-02_Invoice,M07,Acrobat,Full Check,evidence/acrobat/PDFUA-Ref-2-02_Invoice-M07__14e04ae7cadc509f5b6479aff17be9cf6d79e68524801d8aa9a27e49ea348506.accreport.html,527a4a3e736bad369b2b0ba0d9348a746492b5c61e2826ad8cbf21162fd30432,14e04ae7cadc509f5b6479aff17be9cf6d79e68524801d8aa9a27e49ea348506,Acrobat::Full Check::PDFUA-Ref-2-02_Invoice,evidence\acrobat\PDFUA-Ref-2-02_Invoice__fbae08464f192f532205833215505b78266e86df6283d9b0c439cb06927ce0b9.accreport.html,71e2fa9af7ed82b0b4ef4c0f7ec938860bbf87494ae6ef492f7a1b415780eaec,Detected
DC-0014,Acrobat::Full Check::PDFUA-Ref-2-02_Invoice-M08,PDFUA-Ref-2-02_Invoice-M08,PDFUA-Ref-2-02_Invoice,M08,Acrobat,Full Check,evidence/acrobat/PDFUA-Ref-2-02_Invoice-M08__4fa45b60c80cb404e90b60c4eb2e273acfc22555afdab15b8b1684d09b4f33df.accreport.html,68455bc3f7db33e2ff86de4501d7fc6ebd98cf94effc11c601f426cf677f8e00,4fa45b60c80cb404e90b60c4eb2e273acfc22555afdab15b8b1684d09b4f33df,Acrobat::Full Check::PDFUA-Ref-2-02_Invoice,evidence\acrobat\PDFUA-Ref-2-02_Invoice__fbae08464f192f532205833215505b78266e86df6283d9b0c439cb06927ce0b9.accreport.html,71e2fa9af7ed82b0b4ef4c0f7ec938860bbf87494ae6ef492f7a1b415780eaec,Detected
DC-0015,Acrobat::Full Check::PDFUA-Ref-2-02_Invoice-M10,PDFUA-Ref-2-02_Invoice-M10,PDFUA-Ref-2-02_Invoice,M10,Acrobat,Full Check,evidence/acrobat/PDFUA-Ref-2-02_Invoice-M10__a4e6177f2fba056f3364f7ac88c2907effa97ee177584a1c46c4aeeca5f31c48.accreport.html,51093561d1b3ea6cdc7965555228f9f7b2c39d6f4a4f125acbcc196e4af1abf4,a4e6177f2fba056f3364f7ac88c2907effa97ee177584a1c46c4aeeca5f31c48,Acrobat::Full Check::PDFUA-Ref-2-02_Invoice,evidence\acrobat\PDFUA-Ref-2-02_Invoice__fbae08464f192f532205833215505b78266e86df6283d9b0c439cb06927ce0b9.accreport.html,71e2fa9af7ed82b0b4ef4c0f7ec938860bbf87494ae6ef492f7a1b415780eaec,Missed
DC-0016,Acrobat::Full Check::PDFUA-Ref-2-03_AcademicAbstract-M01,PDFUA-Ref-2-03_AcademicAbstract-M01,PDFUA-Ref-2-03_AcademicAbstract,M01,Acrobat,Full Check,evidence/acrobat/PDFUA-Ref-2-03_AcademicAbstract-M01__3e2fe0a15cd8758f335e91aef7bb50a2b45f2e003448723f106d803a55ce788f.accreport.html,e611849fdbc62bcb25ad91faf3412f5c03b4210aa33338364086a0cb2c40a3e6,3e2fe0a15cd8758f335e91aef7bb50a2b45f2e003448723f106d803a55ce788f,Acrobat::Full Check::PDFUA-Ref-2-03_AcademicAbstract,evidence\acrobat\PDFUA-Ref-2-03_AcademicAbstract__e61257d371261867926eb006f8895569a95fcfbcb93fca3be04b8b9187cb93a0.accreport.html,2c3995391084463ad697a8411bd4570e63d5e268c27ec51780e6bb87da1cb3c4,Needs Manual Check
DC-0017,Acrobat::Full Check::PDFUA-Ref-2-03_AcademicAbstract-M02,PDFUA-Ref-2-03_AcademicAbstract-M02,PDFUA-Ref-2-03_AcademicAbstract,M02,Acrobat,Full Check,evidence/acrobat/PDFUA-Ref-2-03_AcademicAbstract-M02__16aed0e5075a817106227b70904ceee8d8c2f771c2a83fc933e07e4a561ba5f1.accreport.html,b9e2e87d5fae663119bb05fe691cc7d3dfa50a825c5d7d8b8656e5beffd937fd,16aed0e5075a817106227b70904ceee8d8c2f771c2a83fc933e07e4a561ba5f1,Acrobat::Full Check::PDFUA-Ref-2-03_AcademicAbstract,evidence\acrobat\PDFUA-Ref-2-03_AcademicAbstract__e61257d371261867926eb006f8895569a95fcfbcb93fca3be04b8b9187cb93a0.accreport.html,2c3995391084463ad697a8411bd4570e63d5e268c27ec51780e6bb87da1cb3c4,Missed
DC-0018,Acrobat::Full Check::PDFUA-Ref-2-03_AcademicAbstract-M03,PDFUA-Ref-2-03_AcademicAbstract-M03,PDFUA-Ref-2-03_AcademicAbstract,M03,Acrobat,Full Check,evidence/acrobat/PDFUA-Ref-2-03_AcademicAbstract-M03__fcc8533b325c9a1a1675c46ec0856649fa02feea531e4aba4492a12a41e1a571.accreport.html,76cde60edb735e0d739254baaa62f636216672ce04a83aa5be0ac2984c07339a,fcc8533b325c9a1a1675c46ec0856649fa02feea531e4aba4492a12a41e1a571,Acrobat::Full Check::PDFUA-Ref-2-03_AcademicAbstract,evidence\acrobat\PDFUA-Ref-2-03_AcademicAbstract__e61257d371261867926eb006f8895569a95fcfbcb93fca3be04b8b9187cb93a0.accreport.html,2c3995391084463ad697a8411bd4570e63d5e268c27ec51780e6bb87da1cb3c4,Detected
DC-0019,Acrobat::Full Check::PDFUA-Ref-2-03_AcademicAbstract-M04,PDFUA-Ref-2-03_AcademicAbstract-M04,PDFUA-Ref-2-03_AcademicAbstract,M04,Acrobat,Full Check,evidence/acrobat/PDFUA-Ref-2-03_AcademicAbstract-M04__aa1b231accabf87602fa064972332501785b16ce8de42ade4ccb57463f5281ec.accreport.html,357d9124c8df7e49bcc6f0e240679ce8f813260317f33d126c43fda33e0cc80e,aa1b231accabf87602fa064972332501785b16ce8de42ade4ccb57463f5281ec,Acrobat::Full Check::PDFUA-Ref-2-03_AcademicAbstract,evidence\acrobat\PDFUA-Ref-2-03_AcademicAbstract__e61257d371261867926eb006f8895569a95fcfbcb93fca3be04b8b9187cb93a0.accreport.html,2c3995391084463ad697a8411bd4570e63d5e268c27ec51780e6bb87da1cb3c4,Missed
DC-0020,Acrobat::Full Check::PDFUA-Ref-2-03_AcademicAbstract-M05,PDFUA-Ref-2-03_AcademicAbstract-M05,PDFUA-Ref-2-03_AcademicAbstract,M05,Acrobat,Full Check,evidence/acrobat/PDFUA-Ref-2-03_AcademicAbstract-M05__ee82308195b4488f8c6e01bc8e4ba469df760c122c766ff84fc3425302d6f528.accreport.html,5c340990a65aedf1ebb8d8506452e7c22098f819c2e0b8dcb5439fe632cd7f6b,ee82308195b4488f8c6e01bc8e4ba469df760c122c766ff84fc3425302d6f528,Acrobat::Full Check::PDFUA-Ref-2-03_AcademicAbstract,evidence\acrobat\PDFUA-Ref-2-03_AcademicAbstract__e61257d371261867926eb006f8895569a95fcfbcb93fca3be04b8b9187cb93a0.accreport.html,2c3995391084463ad697a8411bd4570e63d5e268c27ec51780e6bb87da1cb3c4,Needs Manual Check
DC-0021,Acrobat::Full Check::PDFUA-Ref-2-03_AcademicAbstract-M06,PDFUA-Ref-2-03_AcademicAbstract-M06,PDFUA-Ref-2-03_AcademicAbstract,M06,Acrobat,Full Check,evidence/acrobat/PDFUA-Ref-2-03_AcademicAbstract-M06__ca37553b2d45198cd26b168a6c9eb41f248cd4f9179118b991fc47917a443afb.accreport.html,436b61ce413c216dd95c8ce28a307b03a62338c89fa2922d125b27d09ba99268,ca37553b2d45198cd26b168a6c9eb41f248cd4f9179118b991fc47917a443afb,Acrobat::Full Check::PDFUA-Ref-2-03_AcademicAbstract,evidence\acrobat\PDFUA-Ref-2-03_AcademicAbstract__e61257d371261867926eb006f8895569a95fcfbcb93fca3be04b8b9187cb93a0.accreport.html,2c3995391084463ad697a8411bd4570e63d5e268c27ec51780e6bb87da1cb3c4,Missed
DC-0022,Acrobat::Full Check::PDFUA-Ref-2-03_AcademicAbstract-M08,PDFUA-Ref-2-03_AcademicAbstract-M08,PDFUA-Ref-2-03_AcademicAbstract,M08,Acrobat,Full Check,evidence/acrobat/PDFUA-Ref-2-03_AcademicAbstract-M08__381ec9f9fe1f7ef256d3f2ed7e5e405bb9802b17bb64d762f572bc6d313af091.accreport.html,2601a42121c961bcfe2ef246f54a5ad08123b6170d11962f84fdee64470f909d,381ec9f9fe1f7ef256d3f2ed7e5e405bb9802b17bb64d762f572bc6d313af091,Acrobat::Full Check::PDFUA-Ref-2-03_AcademicAbstract,evidence\acrobat\PDFUA-Ref-2-03_AcademicAbstract__e61257d371261867926eb006f8895569a95fcfbcb93fca3be04b8b9187cb93a0.accreport.html,2c3995391084463ad697a8411bd4570e63d5e268c27ec51780e6bb87da1cb3c4,Detected
DC-0023,Acrobat::Full Check::PDFUA-Ref-2-04_Presentation-M01,PDFUA-Ref-2-04_Presentation-M01,PDFUA-Ref-2-04_Presentation,M01,Acrobat,Full Check,evidence/acrobat/PDFUA-Ref-2-04_Presentation-M01__1e4ccf771ae704a24d184020cdac9bd43d0a9bdb6ab88e04b7893d040d642c9c.accreport.html,23c6b7fb31cbe9b5ba67a259d085459cca18aa5fcd3b9dcdf47933bcff5942b0,1e4ccf771ae704a24d184020cdac9bd43d0a9bdb6ab88e04b7893d040d642c9c,Acrobat::Full Check::PDFUA-Ref-2-04_Presentation,evidence\acrobat\PDFUA-Ref-2-04_Presentation__90acb829ca8bfa037796592539d15010e9099d1cd2622aac1fce7d9fd3ae7575.accreport.html,ae56fcb818efe3b5588629a96c3e4cf4c9c138e730f63a45c7af598249b9f62e,Needs Manual Check
DC-0024,Acrobat::Full Check::PDFUA-Ref-2-04_Presentation-M02,PDFUA-Ref-2-04_Presentation-M02,PDFUA-Ref-2-04_Presentation,M02,Acrobat,Full Check,evidence/acrobat/PDFUA-Ref-2-04_Presentation-M02__e85501fb90d221c574cae80f0cab8f7db33b2a21c9b89e7f2de4167b4dd87880.accreport.html,d6c0f759378a8da9e7c0e35feca3e055923507c623beef52d77b8fddcbc0be97,e85501fb90d221c574cae80f0cab8f7db33b2a21c9b89e7f2de4167b4dd87880,Acrobat::Full Check::PDFUA-Ref-2-04_Presentation,evidence\acrobat\PDFUA-Ref-2-04_Presentation__90acb829ca8bfa037796592539d15010e9099d1cd2622aac1fce7d9fd3ae7575.accreport.html,ae56fcb818efe3b5588629a96c3e4cf4c9c138e730f63a45c7af598249b9f62e,Missed
DC-0025,Acrobat::Full Check::PDFUA-Ref-2-04_Presentation-M03,PDFUA-Ref-2-04_Presentation-M03,PDFUA-Ref-2-04_Presentation,M03,Acrobat,Full Check,evidence/acrobat/PDFUA-Ref-2-04_Presentation-M03__23612f2c7708412a2bcfc9ba1023d8712c0db74be6f6752d7b04bb54b23913b7.accreport.html,841a6aa835a88ead8544891d5899c859b7c609dc233b3a10fb3209ea916ec7de,23612f2c7708412a2bcfc9ba1023d8712c0db74be6f6752d7b04bb54b23913b7,Acrobat::Full Check::PDFUA-Ref-2-04_Presentation,evidence\acrobat\PDFUA-Ref-2-04_Presentation__90acb829ca8bfa037796592539d15010e9099d1cd2622aac1fce7d9fd3ae7575.accreport.html,ae56fcb818efe3b5588629a96c3e4cf4c9c138e730f63a45c7af598249b9f62e,Detected
DC-0026,Acrobat::Full Check::PDFUA-Ref-2-04_Presentation-M04,PDFUA-Ref-2-04_Presentation-M04,PDFUA-Ref-2-04_Presentation,M04,Acrobat,Full Check,evidence/acrobat/PDFUA-Ref-2-04_Presentation-M04__d54e7cdfa78b6be17e9234803de1e88ece27cba0282e244b0f0abfdd992487cd.accreport.html,a3a26734c62e3f8eb12791ac64b65271e38344db668c8e827dbaa31570631ebb,d54e7cdfa78b6be17e9234803de1e88ece27cba0282e244b0f0abfdd992487cd,Acrobat::Full Check::PDFUA-Ref-2-04_Presentation,evidence\acrobat\PDFUA-Ref-2-04_Presentation__90acb829ca8bfa037796592539d15010e9099d1cd2622aac1fce7d9fd3ae7575.accreport.html,ae56fcb818efe3b5588629a96c3e4cf4c9c138e730f63a45c7af598249b9f62e,Missed
DC-0027,Acrobat::Full Check::PDFUA-Ref-2-04_Presentation-M05,PDFUA-Ref-2-04_Presentation-M05,PDFUA-Ref-2-04_Presentation,M05,Acrobat,Full Check,evidence/acrobat/PDFUA-Ref-2-04_Presentation-M05__5d72a6c172200b5c5bf50850d45e535a9ed8454edfec1b2714a6c72159995d5c.accreport.html,f9145fbcb0197c90fec70373d5fdefcf92c3a2b86474bf65d99b156a8d7c7f52,5d72a6c172200b5c5bf50850d45e535a9ed8454edfec1b2714a6c72159995d5c,Acrobat::Full Check::PDFUA-Ref-2-04_Presentation,evidence\acrobat\PDFUA-Ref-2-04_Presentation__90acb829ca8bfa037796592539d15010e9099d1cd2622aac1fce7d9fd3ae7575.accreport.html,ae56fcb818efe3b5588629a96c3e4cf4c9c138e730f63a45c7af598249b9f62e,Needs Manual Check
DC-0028,Acrobat::Full Check::PDFUA-Ref-2-04_Presentation-M06,PDFUA-Ref-2-04_Presentation-M06,PDFUA-Ref-2-04_Presentation,M06,Acrobat,Full Check,evidence/acrobat/PDFUA-Ref-2-04_Presentation-M06__56a2b7314c6bb652499bd6ed6a070925d4a76b840d9a06a4377b055a02d37da4.accreport.html,5d676f78c8220b16996caf9a30bed72b8d9bc29035b273a73beb3e56312f1429,56a2b7314c6bb652499bd6ed6a070925d4a76b840d9a06a4377b055a02d37da4,Acrobat::Full Check::PDFUA-Ref-2-04_Presentation,evidence\acrobat\PDFUA-Ref-2-04_Presentation__90acb829ca8bfa037796592539d15010e9099d1cd2622aac1fce7d9fd3ae7575.accreport.html,ae56fcb818efe3b5588629a96c3e4cf4c9c138e730f63a45c7af598249b9f62e,Missed
DC-0029,Acrobat::Full Check::PDFUA-Ref-2-04_Presentation-M07,PDFUA-Ref-2-04_Presentation-M07,PDFUA-Ref-2-04_Presentation,M07,Acrobat,Full Check,evidence/acrobat/PDFUA-Ref-2-04_Presentation-M07__09d414160bdb30b7d9aa23413647b6ba38f434340f1d3f0d3164a1d37d5d3088.accreport.html,3109627f78887c7419aa34e0f5ed3667b06b103491ce288914e56d691e0c6e31,09d414160bdb30b7d9aa23413647b6ba38f434340f1d3f0d3164a1d37d5d3088,Acrobat::Full Check::PDFUA-Ref-2-04_Presentation,evidence\acrobat\PDFUA-Ref-2-04_Presentation__90acb829ca8bfa037796592539d15010e9099d1cd2622aac1fce7d9fd3ae7575.accreport.html,ae56fcb818efe3b5588629a96c3e4cf4c9c138e730f63a45c7af598249b9f62e,Detected
DC-0030,Acrobat::Full Check::PDFUA-Ref-2-04_Presentation-M08,PDFUA-Ref-2-04_Presentation-M08,PDFUA-Ref-2-04_Presentation,M08,Acrobat,Full Check,evidence/acrobat/PDFUA-Ref-2-04_Presentation-M08__72f5f8517793703f0eb2affec0285f5bfb13a062e91810ef96c17a766aa81539.accreport.html,314f7635442d7027e6dd13ace5a3dc562c59861d3b9cfa81ae29117cab7bd160,72f5f8517793703f0eb2affec0285f5bfb13a062e91810ef96c17a766aa81539,Acrobat::Full Check::PDFUA-Ref-2-04_Presentation,evidence\acrobat\PDFUA-Ref-2-04_Presentation__90acb829ca8bfa037796592539d15010e9099d1cd2622aac1fce7d9fd3ae7575.accreport.html,ae56fcb818efe3b5588629a96c3e4cf4c9c138e730f63a45c7af598249b9f62e,Detected
DC-0031,Acrobat::Full Check::PDFUA-Ref-2-04_Presentation-M09,PDFUA-Ref-2-04_Presentation-M09,PDFUA-Ref-2-04_Presentation,M09,Acrobat,Full Check,evidence/acrobat/PDFUA-Ref-2-04_Presentation-M09__d9603ca680cfdcaf22033828f12e55e1d26f825bcbdfaf7dd0a29798ea61de3a.accreport.html,7ef1772ce15cc497f3574d43e19f0bf63b844ce7bb437ec659211b60efc006c5,d9603ca680cfdcaf22033828f12e55e1d26f825bcbdfaf7dd0a29798ea61de3a,Acrobat::Full Check::PDFUA-Ref-2-04_Presentation,evidence\acrobat\PDFUA-Ref-2-04_Presentation__90acb829ca8bfa037796592539d15010e9099d1cd2622aac1fce7d9fd3ae7575.accreport.html,ae56fcb818efe3b5588629a96c3e4cf4c9c138e730f63a45c7af598249b9f62e,Missed
DC-0032,Acrobat::Full Check::PDFUA-Ref-2-05_BookChapter-german-M01,PDFUA-Ref-2-05_BookChapter-german-M01,PDFUA-Ref-2-05_BookChapter-german,M01,Acrobat,Full Check,evidence/acrobat/PDFUA-Ref-2-05_BookChapter-german-M01__f3455e42a1e7610054506c9ece9cfbef949f888e93294fce9eae762222be6078.accreport.html,0df2467b4e610be023235ab1202862c8f8a7094e68a12d735a3d80f964147e21,f3455e42a1e7610054506c9ece9cfbef949f888e93294fce9eae762222be6078,Acrobat::Full Check::PDFUA-Ref-2-05_BookChapter-german,evidence\acrobat\PDFUA-Ref-2-05_BookChapter-german__fc525b8899da31779b6143c16053779cd560d4417018a901472de33c71252352.accreport.html,3c916b3bab7b301e1ba13d50b91cfdcadd435eb68ca51325c09803a5dce8318c,Needs Manual Check
DC-0033,Acrobat::Full Check::PDFUA-Ref-2-05_BookChapter-german-M02,PDFUA-Ref-2-05_BookChapter-german-M02,PDFUA-Ref-2-05_BookChapter-german,M02,Acrobat,Full Check,evidence/acrobat/PDFUA-Ref-2-05_BookChapter-german-M02__5b806fd39c6559c0416737eb3cc131c05f5071f0b1d758af0fecca9b315070af.accreport.html,014918af225d1187d0e338b9ec91fa237ea380b69874ebdd05b905461928d91d,5b806fd39c6559c0416737eb3cc131c05f5071f0b1d758af0fecca9b315070af,Acrobat::Full Check::PDFUA-Ref-2-05_BookChapter-german,evidence\acrobat\PDFUA-Ref-2-05_BookChapter-german__fc525b8899da31779b6143c16053779cd560d4417018a901472de33c71252352.accreport.html,3c916b3bab7b301e1ba13d50b91cfdcadd435eb68ca51325c09803a5dce8318c,Missed
DC-0034,Acrobat::Full Check::PDFUA-Ref-2-05_BookChapter-german-M03,PDFUA-Ref-2-05_BookChapter-german-M03,PDFUA-Ref-2-05_BookChapter-german,M03,Acrobat,Full Check,evidence/acrobat/PDFUA-Ref-2-05_BookChapter-german-M03__08a17db95cf262351a8e2a6464edaec73836e71fd34b0db112bdec9676930e75.accreport.html,dc80d8ad1fd52f26be4053007b35d02edff37691e44689a4d8934356e787a907,08a17db95cf262351a8e2a6464edaec73836e71fd34b0db112bdec9676930e75,Acrobat::Full Check::PDFUA-Ref-2-05_BookChapter-german,evidence\acrobat\PDFUA-Ref-2-05_BookChapter-german__fc525b8899da31779b6143c16053779cd560d4417018a901472de33c71252352.accreport.html,3c916b3bab7b301e1ba13d50b91cfdcadd435eb68ca51325c09803a5dce8318c,Detected
DC-0035,Acrobat::Full Check::PDFUA-Ref-2-05_BookChapter-german-M04,PDFUA-Ref-2-05_BookChapter-german-M04,PDFUA-Ref-2-05_BookChapter-german,M04,Acrobat,Full Check,evidence/acrobat/PDFUA-Ref-2-05_BookChapter-german-M04__668b5c55c85237169484722c15354e8d353179f8b9fc9e96a2a6f83a13c71250.accreport.html,4050b7372bb71c66fa5d89801e1d64c9f8d99c1b4a0512b6a44e1058b9d308d0,668b5c55c85237169484722c15354e8d353179f8b9fc9e96a2a6f83a13c71250,Acrobat::Full Check::PDFUA-Ref-2-05_BookChapter-german,evidence\acrobat\PDFUA-Ref-2-05_BookChapter-german__fc525b8899da31779b6143c16053779cd560d4417018a901472de33c71252352.accreport.html,3c916b3bab7b301e1ba13d50b91cfdcadd435eb68ca51325c09803a5dce8318c,Missed
DC-0036,Acrobat::Full Check::PDFUA-Ref-2-05_BookChapter-german-M05,PDFUA-Ref-2-05_BookChapter-german-M05,PDFUA-Ref-2-05_BookChapter-german,M05,Acrobat,Full Check,evidence/acrobat/PDFUA-Ref-2-05_BookChapter-german-M05__b7a688694201ed24e8dda1fcf6290c752e42d1ab1d074fc0c8f9d29c0dcad216.accreport.html,68909bb993caf9b41c2fd6a293c5f2494231834e98b0b07b27df246867eb97d9,b7a688694201ed24e8dda1fcf6290c752e42d1ab1d074fc0c8f9d29c0dcad216,Acrobat::Full Check::PDFUA-Ref-2-05_BookChapter-german,evidence\acrobat\PDFUA-Ref-2-05_BookChapter-german__fc525b8899da31779b6143c16053779cd560d4417018a901472de33c71252352.accreport.html,3c916b3bab7b301e1ba13d50b91cfdcadd435eb68ca51325c09803a5dce8318c,Needs Manual Check
DC-0037,Acrobat::Full Check::PDFUA-Ref-2-05_BookChapter-german-M06,PDFUA-Ref-2-05_BookChapter-german-M06,PDFUA-Ref-2-05_BookChapter-german,M06,Acrobat,Full Check,evidence/acrobat/PDFUA-Ref-2-05_BookChapter-german-M06__823c2b5ddc120128c9e6eb07963de30f15be94f72a40d781b698af48fb5833a6.accreport.html,e1ac24b57edd43410cbf7b9776d0441c3cd5ca258fa39b1cfbc0cf05326c2d4b,823c2b5ddc120128c9e6eb07963de30f15be94f72a40d781b698af48fb5833a6,Acrobat::Full Check::PDFUA-Ref-2-05_BookChapter-german,evidence\acrobat\PDFUA-Ref-2-05_BookChapter-german__fc525b8899da31779b6143c16053779cd560d4417018a901472de33c71252352.accreport.html,3c916b3bab7b301e1ba13d50b91cfdcadd435eb68ca51325c09803a5dce8318c,Missed
DC-0038,Acrobat::Full Check::PDFUA-Ref-2-05_BookChapter-german-M07,PDFUA-Ref-2-05_BookChapter-german-M07,PDFUA-Ref-2-05_BookChapter-german,M07,Acrobat,Full Check,evidence/acrobat/PDFUA-Ref-2-05_BookChapter-german-M07__be8cb7f6aca4a81ecb01654b816f6ae0f5cf8f5daa45ebf5468925fcf7ab9742.accreport.html,e886f879cfc0081faefc10f76719900546194dc7a921703f4e325e9e49436163,be8cb7f6aca4a81ecb01654b816f6ae0f5cf8f5daa45ebf5468925fcf7ab9742,Acrobat::Full Check::PDFUA-Ref-2-05_BookChapter-german,evidence\acrobat\PDFUA-Ref-2-05_BookChapter-german__fc525b8899da31779b6143c16053779cd560d4417018a901472de33c71252352.accreport.html,3c916b3bab7b301e1ba13d50b91cfdcadd435eb68ca51325c09803a5dce8318c,Detected
DC-0039,Acrobat::Full Check::PDFUA-Ref-2-05_BookChapter-german-M08,PDFUA-Ref-2-05_BookChapter-german-M08,PDFUA-Ref-2-05_BookChapter-german,M08,Acrobat,Full Check,evidence/acrobat/PDFUA-Ref-2-05_BookChapter-german-M08__01ada38b1d9dc17882581a3ae080fa771f7a3ed2d3affbff49473ff510719fdd.accreport.html,11e0a8e9840d0b1f7f333adfb2e8653d44a6eeb15efecbb19c50c245f2fbde30,01ada38b1d9dc17882581a3ae080fa771f7a3ed2d3affbff49473ff510719fdd,Acrobat::Full Check::PDFUA-Ref-2-05_BookChapter-german,evidence\acrobat\PDFUA-Ref-2-05_BookChapter-german__fc525b8899da31779b6143c16053779cd560d4417018a901472de33c71252352.accreport.html,3c916b3bab7b301e1ba13d50b91cfdcadd435eb68ca51325c09803a5dce8318c,Detected
DC-0040,Acrobat::Full Check::PDFUA-Ref-2-05_BookChapter-german-M09,PDFUA-Ref-2-05_BookChapter-german-M09,PDFUA-Ref-2-05_BookChapter-german,M09,Acrobat,Full Check,evidence/acrobat/PDFUA-Ref-2-05_BookChapter-german-M09__0ceaf48c6cf200ecab12a36c5bc30bb019911102fe2f2c7bc94508c87f43333f.accreport.html,e67562804d5f803790bad39688eb731b3589bf355f318e3720f51a43c55ef852,0ceaf48c6cf200ecab12a36c5bc30bb019911102fe2f2c7bc94508c87f43333f,Acrobat::Full Check::PDFUA-Ref-2-05_BookChapter-german,evidence\acrobat\PDFUA-Ref-2-05_BookChapter-german__fc525b8899da31779b6143c16053779cd560d4417018a901472de33c71252352.accreport.html,3c916b3bab7b301e1ba13d50b91cfdcadd435eb68ca51325c09803a5dce8318c,Missed
DC-0041,Acrobat::Full Check::PDFUA-Ref-2-05_BookChapter-german-M10,PDFUA-Ref-2-05_BookChapter-german-M10,PDFUA-Ref-2-05_BookChapter-german,M10,Acrobat,Full Check,evidence/acrobat/PDFUA-Ref-2-05_BookChapter-german-M10__4dcdbc2dd191cbca8b848640ec29c68cd21d74dedbbcacdb21e76112bb1d3f9c.accreport.html,797b1801911fce44bd4ff03111d67e94ec3537f0624f6813dd5e5a8b8c4b205c,4dcdbc2dd191cbca8b848640ec29c68cd21d74dedbbcacdb21e76112bb1d3f9c,Acrobat::Full Check::PDFUA-Ref-2-05_BookChapter-german,evidence\acrobat\PDFUA-Ref-2-05_BookChapter-german__fc525b8899da31779b6143c16053779cd560d4417018a901472de33c71252352.accreport.html,3c916b3bab7b301e1ba13d50b91cfdcadd435eb68ca51325c09803a5dce8318c,Detected
DC-0042,Acrobat::Full Check::PDFUA-Ref-2-06_Brochure-M01,PDFUA-Ref-2-06_Brochure-M01,PDFUA-Ref-2-06_Brochure,M01,Acrobat,Full Check,evidence/acrobat/PDFUA-Ref-2-06_Brochure-M01__a1a94935bccdbaad7b39c045e9c627fb5deacc3f7fd7fa80c8c77cd6c02acf0a.accreport.html,5d30f7ad04658bccb84c72107ad28a572c93ca43b82610d8c3692903bac13b7a,a1a94935bccdbaad7b39c045e9c627fb5deacc3f7fd7fa80c8c77cd6c02acf0a,Acrobat::Full Check::PDFUA-Ref-2-06_Brochure,evidence\acrobat\PDFUA-Ref-2-06_Brochure__aefd5ab48a908b9996ffadcb14d8ff31a2c653657cbe011a46f4cf61396a589e.accreport.html,ddae8755359d10e442d08e5bdbbca4e60bca3427edc1ca515d047d50114e7bf2,Needs Manual Check
DC-0043,Acrobat::Full Check::PDFUA-Ref-2-06_Brochure-M02,PDFUA-Ref-2-06_Brochure-M02,PDFUA-Ref-2-06_Brochure,M02,Acrobat,Full Check,evidence/acrobat/PDFUA-Ref-2-06_Brochure-M02__6a7c6c4b28369d6bc3ab0f091ff69a08665fe3b8d8398a7fa59ac5bab1cef360.accreport.html,1a409c799f864a948acd61b43b1305553d64ee81c822879f192bcb873f16873f,6a7c6c4b28369d6bc3ab0f091ff69a08665fe3b8d8398a7fa59ac5bab1cef360,Acrobat::Full Check::PDFUA-Ref-2-06_Brochure,evidence\acrobat\PDFUA-Ref-2-06_Brochure__aefd5ab48a908b9996ffadcb14d8ff31a2c653657cbe011a46f4cf61396a589e.accreport.html,ddae8755359d10e442d08e5bdbbca4e60bca3427edc1ca515d047d50114e7bf2,Missed
DC-0044,Acrobat::Full Check::PDFUA-Ref-2-06_Brochure-M03,PDFUA-Ref-2-06_Brochure-M03,PDFUA-Ref-2-06_Brochure,M03,Acrobat,Full Check,evidence/acrobat/PDFUA-Ref-2-06_Brochure-M03__ed0e82b1eecd666930ccb41d3c75cc0a8703cc39d76b6ab87e15b1f70fd5935f.accreport.html,f48318d6f407c97260645deb5ae894131fbe4ec44ee51ade7d9eee3ab85e21ff,ed0e82b1eecd666930ccb41d3c75cc0a8703cc39d76b6ab87e15b1f70fd5935f,Acrobat::Full Check::PDFUA-Ref-2-06_Brochure,evidence\acrobat\PDFUA-Ref-2-06_Brochure__aefd5ab48a908b9996ffadcb14d8ff31a2c653657cbe011a46f4cf61396a589e.accreport.html,ddae8755359d10e442d08e5bdbbca4e60bca3427edc1ca515d047d50114e7bf2,Detected
DC-0045,Acrobat::Full Check::PDFUA-Ref-2-06_Brochure-M04,PDFUA-Ref-2-06_Brochure-M04,PDFUA-Ref-2-06_Brochure,M04,Acrobat,Full Check,evidence/acrobat/PDFUA-Ref-2-06_Brochure-M04__12c8c27582c8ca949f0f95dc11371ef2a8c3a3a6a72bed7e8b82ff9aa74a049d.accreport.html,4d04c320ce148a2f7d24995ca80164dba1a15d528014ba8f91f4961f5b06bc4e,12c8c27582c8ca949f0f95dc11371ef2a8c3a3a6a72bed7e8b82ff9aa74a049d,Acrobat::Full Check::PDFUA-Ref-2-06_Brochure,evidence\acrobat\PDFUA-Ref-2-06_Brochure__aefd5ab48a908b9996ffadcb14d8ff31a2c653657cbe011a46f4cf61396a589e.accreport.html,ddae8755359d10e442d08e5bdbbca4e60bca3427edc1ca515d047d50114e7bf2,Missed
DC-0046,Acrobat::Full Check::PDFUA-Ref-2-06_Brochure-M05,PDFUA-Ref-2-06_Brochure-M05,PDFUA-Ref-2-06_Brochure,M05,Acrobat,Full Check,evidence/acrobat/PDFUA-Ref-2-06_Brochure-M05__692c7fddc91d6d6899dc1f9e820e2851a6cbeaa9694f0841b53445b15b8e3012.accreport.html,c6233aa0e86057846348837ee222b38454f15eccf693d6a0373d6bd88e20e4bc,692c7fddc91d6d6899dc1f9e820e2851a6cbeaa9694f0841b53445b15b8e3012,Acrobat::Full Check::PDFUA-Ref-2-06_Brochure,evidence\acrobat\PDFUA-Ref-2-06_Brochure__aefd5ab48a908b9996ffadcb14d8ff31a2c653657cbe011a46f4cf61396a589e.accreport.html,ddae8755359d10e442d08e5bdbbca4e60bca3427edc1ca515d047d50114e7bf2,Needs Manual Check
DC-0047,Acrobat::Full Check::PDFUA-Ref-2-06_Brochure-M06,PDFUA-Ref-2-06_Brochure-M06,PDFUA-Ref-2-06_Brochure,M06,Acrobat,Full Check,evidence/acrobat/PDFUA-Ref-2-06_Brochure-M06__a8629a74e71648776b2bb71606a7de30f1cbea3ffa60417d0bc936fabdb3c382.accreport.html,737ad02c23210115e5b08adbbc061739eef3e0cd5ebab82cfa9f1fc415ae87eb,a8629a74e71648776b2bb71606a7de30f1cbea3ffa60417d0bc936fabdb3c382,Acrobat::Full Check::PDFUA-Ref-2-06_Brochure,evidence\acrobat\PDFUA-Ref-2-06_Brochure__aefd5ab48a908b9996ffadcb14d8ff31a2c653657cbe011a46f4cf61396a589e.accreport.html,ddae8755359d10e442d08e5bdbbca4e60bca3427edc1ca515d047d50114e7bf2,Missed
DC-0048,Acrobat::Full Check::PDFUA-Ref-2-06_Brochure-M07,PDFUA-Ref-2-06_Brochure-M07,PDFUA-Ref-2-06_Brochure,M07,Acrobat,Full Check,evidence/acrobat/PDFUA-Ref-2-06_Brochure-M07__7aed010a1cad015f6b9de4498a855cccc6599be37fe85e0ecdbddaef1d9af3dd.accreport.html,39769e710238b84c978c2426101ca5adeb23929075663837659c5682be244826,7aed010a1cad015f6b9de4498a855cccc6599be37fe85e0ecdbddaef1d9af3dd,Acrobat::Full Check::PDFUA-Ref-2-06_Brochure,evidence\acrobat\PDFUA-Ref-2-06_Brochure__aefd5ab48a908b9996ffadcb14d8ff31a2c653657cbe011a46f4cf61396a589e.accreport.html,ddae8755359d10e442d08e5bdbbca4e60bca3427edc1ca515d047d50114e7bf2,Detected
DC-0049,Acrobat::Full Check::PDFUA-Ref-2-06_Brochure-M08,PDFUA-Ref-2-06_Brochure-M08,PDFUA-Ref-2-06_Brochure,M08,Acrobat,Full Check,evidence/acrobat/PDFUA-Ref-2-06_Brochure-M08__fa090d7a7a195eca6b885da4e9b0884b162b73a3b015be189fc41173738c2996.accreport.html,8b68f751cddebc6ff2a8e3156328f7eb73cc9014528ae4f36cd98c1cd695fbae,fa090d7a7a195eca6b885da4e9b0884b162b73a3b015be189fc41173738c2996,Acrobat::Full Check::PDFUA-Ref-2-06_Brochure,evidence\acrobat\PDFUA-Ref-2-06_Brochure__aefd5ab48a908b9996ffadcb14d8ff31a2c653657cbe011a46f4cf61396a589e.accreport.html,ddae8755359d10e442d08e5bdbbca4e60bca3427edc1ca515d047d50114e7bf2,Detected
DC-0050,Acrobat::Full Check::PDFUA-Ref-2-08_BookChapter-M01,PDFUA-Ref-2-08_BookChapter-M01,PDFUA-Ref-2-08_BookChapter,M01,Acrobat,Full Check,evidence/acrobat/PDFUA-Ref-2-08_BookChapter-M01__f5fdd674ca53247a75d32f520d656f24f8e97e864466f9a72ca8e62487f63178.accreport.html,d3e8ae4fdea6b335d529ba7093269c409cb8f253620da9c1aaeebcb31825c33f,f5fdd674ca53247a75d32f520d656f24f8e97e864466f9a72ca8e62487f63178,Acrobat::Full Check::PDFUA-Ref-2-08_BookChapter,evidence\acrobat\PDFUA-Ref-2-08_BookChapter__2b958600daec79373736f413f2712fcd9c604de2c352cbc1ec9d67cc5d7932f1.accreport.html,f21220bdf4e4c87e97c284bb203fe68519f4f40479fd108714142ee373372f36,Needs Manual Check
DC-0051,Acrobat::Full Check::PDFUA-Ref-2-08_BookChapter-M02,PDFUA-Ref-2-08_BookChapter-M02,PDFUA-Ref-2-08_BookChapter,M02,Acrobat,Full Check,evidence/acrobat/PDFUA-Ref-2-08_BookChapter-M02__820bea08c3a5eed724bb8d1e65d9e9733c1ca47a0e003ae477aea7cce81725e4.accreport.html,ceb736e799c1047e6ee0e8a8aaf8cab3a0ba6694842492b1b3c59f4c9d01ef84,820bea08c3a5eed724bb8d1e65d9e9733c1ca47a0e003ae477aea7cce81725e4,Acrobat::Full Check::PDFUA-Ref-2-08_BookChapter,evidence\acrobat\PDFUA-Ref-2-08_BookChapter__2b958600daec79373736f413f2712fcd9c604de2c352cbc1ec9d67cc5d7932f1.accreport.html,f21220bdf4e4c87e97c284bb203fe68519f4f40479fd108714142ee373372f36,Missed
DC-0052,Acrobat::Full Check::PDFUA-Ref-2-08_BookChapter-M03,PDFUA-Ref-2-08_BookChapter-M03,PDFUA-Ref-2-08_BookChapter,M03,Acrobat,Full Check,evidence/acrobat/PDFUA-Ref-2-08_BookChapter-M03__2907d533740ae0bea18da032ef36cea8ec48e3bf026dcf8b61439b86b931ed27.accreport.html,d4b325d67d327e9c707935c94d7bf81427ab822ca312494a6a02d905be4a9b8d,2907d533740ae0bea18da032ef36cea8ec48e3bf026dcf8b61439b86b931ed27,Acrobat::Full Check::PDFUA-Ref-2-08_BookChapter,evidence\acrobat\PDFUA-Ref-2-08_BookChapter__2b958600daec79373736f413f2712fcd9c604de2c352cbc1ec9d67cc5d7932f1.accreport.html,f21220bdf4e4c87e97c284bb203fe68519f4f40479fd108714142ee373372f36,Detected
DC-0053,Acrobat::Full Check::PDFUA-Ref-2-08_BookChapter-M04,PDFUA-Ref-2-08_BookChapter-M04,PDFUA-Ref-2-08_BookChapter,M04,Acrobat,Full Check,evidence/acrobat/PDFUA-Ref-2-08_BookChapter-M04__20ac005e0fb4cf3812fefd64b496cf14488a56d493e7c7ee5f5045ce9540c1f5.accreport.html,6c7012c28f79471271e9fcab9befce2b2e9ba1d7d2c1fcbd4fb6af6f82ffdb24,20ac005e0fb4cf3812fefd64b496cf14488a56d493e7c7ee5f5045ce9540c1f5,Acrobat::Full Check::PDFUA-Ref-2-08_BookChapter,evidence\acrobat\PDFUA-Ref-2-08_BookChapter__2b958600daec79373736f413f2712fcd9c604de2c352cbc1ec9d67cc5d7932f1.accreport.html,f21220bdf4e4c87e97c284bb203fe68519f4f40479fd108714142ee373372f36,Missed
DC-0054,Acrobat::Full Check::PDFUA-Ref-2-08_BookChapter-M05,PDFUA-Ref-2-08_BookChapter-M05,PDFUA-Ref-2-08_BookChapter,M05,Acrobat,Full Check,evidence/acrobat/PDFUA-Ref-2-08_BookChapter-M05__db8fd0be417f0b011ca55e313d0bc1bbe4421aec1d8bb27584fa99a9c5d1f7d3.accreport.html,ea17801bbfee1cc40c137478f6ddd0fabecc29e055ecb6bc1f01013c5a9853a7,db8fd0be417f0b011ca55e313d0bc1bbe4421aec1d8bb27584fa99a9c5d1f7d3,Acrobat::Full Check::PDFUA-Ref-2-08_BookChapter,evidence\acrobat\PDFUA-Ref-2-08_BookChapter__2b958600daec79373736f413f2712fcd9c604de2c352cbc1ec9d67cc5d7932f1.accreport.html,f21220bdf4e4c87e97c284bb203fe68519f4f40479fd108714142ee373372f36,Needs Manual Check
DC-0055,Acrobat::Full Check::PDFUA-Ref-2-08_BookChapter-M06,PDFUA-Ref-2-08_BookChapter-M06,PDFUA-Ref-2-08_BookChapter,M06,Acrobat,Full Check,evidence/acrobat/PDFUA-Ref-2-08_BookChapter-M06__86091f5caa50e48f16a3a67354122d88c286f8ad8e5a892f22202d5dfe0be414.accreport.html,bb17d891989d1f74d368c5d601d79f7995ca4eecfc54bc31660f1c17788f4620,86091f5caa50e48f16a3a67354122d88c286f8ad8e5a892f22202d5dfe0be414,Acrobat::Full Check::PDFUA-Ref-2-08_BookChapter,evidence\acrobat\PDFUA-Ref-2-08_BookChapter__2b958600daec79373736f413f2712fcd9c604de2c352cbc1ec9d67cc5d7932f1.accreport.html,f21220bdf4e4c87e97c284bb203fe68519f4f40479fd108714142ee373372f36,Missed
DC-0056,Acrobat::Full Check::PDFUA-Ref-2-08_BookChapter-M07,PDFUA-Ref-2-08_BookChapter-M07,PDFUA-Ref-2-08_BookChapter,M07,Acrobat,Full Check,evidence/acrobat/PDFUA-Ref-2-08_BookChapter-M07__8df764ab15f21435fc2283a261e0fa073baef1005f3d740e3991a952285746e8.accreport.html,3f5f6c4f15d55688984fea72f289f5665f517f7d54cffbdbf3e499b5dc2b112e,8df764ab15f21435fc2283a261e0fa073baef1005f3d740e3991a952285746e8,Acrobat::Full Check::PDFUA-Ref-2-08_BookChapter,evidence\acrobat\PDFUA-Ref-2-08_BookChapter__2b958600daec79373736f413f2712fcd9c604de2c352cbc1ec9d67cc5d7932f1.accreport.html,f21220bdf4e4c87e97c284bb203fe68519f4f40479fd108714142ee373372f36,Detected
DC-0057,Acrobat::Full Check::PDFUA-Ref-2-08_BookChapter-M08,PDFUA-Ref-2-08_BookChapter-M08,PDFUA-Ref-2-08_BookChapter,M08,Acrobat,Full Check,evidence/acrobat/PDFUA-Ref-2-08_BookChapter-M08__2c631cd85add3b7883781fb114651993280bb8c9f360361eaf20cb1f3c1ef0c1.accreport.html,981095c973b9070d9276a4a4db137b61575fbea5a89c780ebf93364f3a31a553,2c631cd85add3b7883781fb114651993280bb8c9f360361eaf20cb1f3c1ef0c1,Acrobat::Full Check::PDFUA-Ref-2-08_BookChapter,evidence\acrobat\PDFUA-Ref-2-08_BookChapter__2b958600daec79373736f413f2712fcd9c604de2c352cbc1ec9d67cc5d7932f1.accreport.html,f21220bdf4e4c87e97c284bb203fe68519f4f40479fd108714142ee373372f36,Detected
DC-0058,Acrobat::Full Check::PDFUA-Ref-2-08_BookChapter-M10,PDFUA-Ref-2-08_BookChapter-M10,PDFUA-Ref-2-08_BookChapter,M10,Acrobat,Full Check,evidence/acrobat/PDFUA-Ref-2-08_BookChapter-M10__135ebc92b095127190c98164be07186359b69f0908bda83266abdbb34adab269.accreport.html,13242f1cced5476c09e2c59ad6701a2b51440e20af1efc1b14cf80fecc16fba9,135ebc92b095127190c98164be07186359b69f0908bda83266abdbb34adab269,Acrobat::Full Check::PDFUA-Ref-2-08_BookChapter,evidence\acrobat\PDFUA-Ref-2-08_BookChapter__2b958600daec79373736f413f2712fcd9c604de2c352cbc1ec9d67cc5d7932f1.accreport.html,f21220bdf4e4c87e97c284bb203fe68519f4f40479fd108714142ee373372f36,Detected
DC-0059,Acrobat::Full Check::PDFUA-Ref-2-09_Scanned-M01,PDFUA-Ref-2-09_Scanned-M01,PDFUA-Ref-2-09_Scanned,M01,Acrobat,Full Check,evidence/acrobat/PDFUA-Ref-2-09_Scanned-M01__04ce7bde54a9e481e0da7d5bf8a4e7fc98467f2bdbc3803291d166e219df9dc0.accreport.html,821cd0556060e658e991f802f0b766b13a8b896199b2b6c70c686096ae82b06a,04ce7bde54a9e481e0da7d5bf8a4e7fc98467f2bdbc3803291d166e219df9dc0,Acrobat::Full Check::PDFUA-Ref-2-09_Scanned,evidence\acrobat\PDFUA-Ref-2-09_Scanned__bb46d5c723fe1427dd1bf92ccd8653f9a5cef4054f7d878168b99477fa3792ae.accreport.html,f3aa4a4fdeeab0628723e34143acb10c77c9c5665c3ed9a991f7a10d872de921,Needs Manual Check
DC-0060,Acrobat::Full Check::PDFUA-Ref-2-09_Scanned-M02,PDFUA-Ref-2-09_Scanned-M02,PDFUA-Ref-2-09_Scanned,M02,Acrobat,Full Check,evidence/acrobat/PDFUA-Ref-2-09_Scanned-M02__f45a0b6356c4f2435d8bd75482c8ff0c17fc8f072b81169e342bff4376b04946.accreport.html,7336bd2238f0602a5d6b67a1fe86872b46c8b7f59ed9e928d76f282033bc3d6d,f45a0b6356c4f2435d8bd75482c8ff0c17fc8f072b81169e342bff4376b04946,Acrobat::Full Check::PDFUA-Ref-2-09_Scanned,evidence\acrobat\PDFUA-Ref-2-09_Scanned__bb46d5c723fe1427dd1bf92ccd8653f9a5cef4054f7d878168b99477fa3792ae.accreport.html,f3aa4a4fdeeab0628723e34143acb10c77c9c5665c3ed9a991f7a10d872de921,Missed
DC-0061,Acrobat::Full Check::PDFUA-Ref-2-09_Scanned-M03,PDFUA-Ref-2-09_Scanned-M03,PDFUA-Ref-2-09_Scanned,M03,Acrobat,Full Check,evidence/acrobat/PDFUA-Ref-2-09_Scanned-M03__b86a34d9c3d9be9e5022027a4856df45a5ab30b42b4cc04791130c0229119f7b.accreport.html,0ad947afe15e1ab06e64f5aecf0b62aabe3145ff1f5c9a5763e1967969919bc4,b86a34d9c3d9be9e5022027a4856df45a5ab30b42b4cc04791130c0229119f7b,Acrobat::Full Check::PDFUA-Ref-2-09_Scanned,evidence\acrobat\PDFUA-Ref-2-09_Scanned__bb46d5c723fe1427dd1bf92ccd8653f9a5cef4054f7d878168b99477fa3792ae.accreport.html,f3aa4a4fdeeab0628723e34143acb10c77c9c5665c3ed9a991f7a10d872de921,Detected
DC-0062,Acrobat::Full Check::PDFUA-Ref-2-09_Scanned-M04,PDFUA-Ref-2-09_Scanned-M04,PDFUA-Ref-2-09_Scanned,M04,Acrobat,Full Check,evidence/acrobat/PDFUA-Ref-2-09_Scanned-M04__494532eaa86c5136f8de492a0bf4f227d91b90aabc6d7eed62506f2e1838ef28.accreport.html,5335c26ba1346fd8594fbc88e84d6a8dda3dcc4cf45605a18fcf0e7f55ed0fa5,494532eaa86c5136f8de492a0bf4f227d91b90aabc6d7eed62506f2e1838ef28,Acrobat::Full Check::PDFUA-Ref-2-09_Scanned,evidence\acrobat\PDFUA-Ref-2-09_Scanned__bb46d5c723fe1427dd1bf92ccd8653f9a5cef4054f7d878168b99477fa3792ae.accreport.html,f3aa4a4fdeeab0628723e34143acb10c77c9c5665c3ed9a991f7a10d872de921,Missed
DC-0063,Acrobat::Full Check::PDFUA-Ref-2-09_Scanned-M05,PDFUA-Ref-2-09_Scanned-M05,PDFUA-Ref-2-09_Scanned,M05,Acrobat,Full Check,evidence/acrobat/PDFUA-Ref-2-09_Scanned-M05__6bbc4a32f5cfa0ae69e6f77ec68a66988bc5644b1e60e34278181c151d71b932.accreport.html,cda18530ded485d3d55aac00366d859e3f16c91b04b0d277b59fe1eb1f33fc0b,6bbc4a32f5cfa0ae69e6f77ec68a66988bc5644b1e60e34278181c151d71b932,Acrobat::Full Check::PDFUA-Ref-2-09_Scanned,evidence\acrobat\PDFUA-Ref-2-09_Scanned__bb46d5c723fe1427dd1bf92ccd8653f9a5cef4054f7d878168b99477fa3792ae.accreport.html,f3aa4a4fdeeab0628723e34143acb10c77c9c5665c3ed9a991f7a10d872de921,Needs Manual Check
DC-0064,Acrobat::Full Check::PDFUA-Ref-2-09_Scanned-M06,PDFUA-Ref-2-09_Scanned-M06,PDFUA-Ref-2-09_Scanned,M06,Acrobat,Full Check,evidence/acrobat/PDFUA-Ref-2-09_Scanned-M06__637c71a7db4ce2fccd3d34ad662d600b62ef46c275c3ca370c2d17a97980c9fa.accreport.html,94291ce8824a2933234df50cdaeedba1c96e420a2668f242611edd390055b266,637c71a7db4ce2fccd3d34ad662d600b62ef46c275c3ca370c2d17a97980c9fa,Acrobat::Full Check::PDFUA-Ref-2-09_Scanned,evidence\acrobat\PDFUA-Ref-2-09_Scanned__bb46d5c723fe1427dd1bf92ccd8653f9a5cef4054f7d878168b99477fa3792ae.accreport.html,f3aa4a4fdeeab0628723e34143acb10c77c9c5665c3ed9a991f7a10d872de921,Missed
DC-0065,Acrobat::Full Check::PDFUA-Ref-2-09_Scanned-M07,PDFUA-Ref-2-09_Scanned-M07,PDFUA-Ref-2-09_Scanned,M07,Acrobat,Full Check,evidence/acrobat/PDFUA-Ref-2-09_Scanned-M07__c16652da4ab2f15701bf4b12fb0790c269bea5fadbfd0443c1e5db51c51d2c3a.accreport.html,6e103026e1c8ba736283197c461c9ca4cfd7ccb9dcd01dbe6945746980f55694,c16652da4ab2f15701bf4b12fb0790c269bea5fadbfd0443c1e5db51c51d2c3a,Acrobat::Full Check::PDFUA-Ref-2-09_Scanned,evidence\acrobat\PDFUA-Ref-2-09_Scanned__bb46d5c723fe1427dd1bf92ccd8653f9a5cef4054f7d878168b99477fa3792ae.accreport.html,f3aa4a4fdeeab0628723e34143acb10c77c9c5665c3ed9a991f7a10d872de921,Detected
DC-0066,Acrobat::Full Check::PDFUA-Ref-2-09_Scanned-M10,PDFUA-Ref-2-09_Scanned-M10,PDFUA-Ref-2-09_Scanned,M10,Acrobat,Full Check,evidence/acrobat/PDFUA-Ref-2-09_Scanned-M10__c5f2c1706faf55b963f7ae539710aa419a530967f41fcbc495d5fbc6708927e8.accreport.html,4e74642f783536d2244aa742138cf45d6922cb64102067217e5020448540208f,c5f2c1706faf55b963f7ae539710aa419a530967f41fcbc495d5fbc6708927e8,Acrobat::Full Check::PDFUA-Ref-2-09_Scanned,evidence\acrobat\PDFUA-Ref-2-09_Scanned__bb46d5c723fe1427dd1bf92ccd8653f9a5cef4054f7d878168b99477fa3792ae.accreport.html,f3aa4a4fdeeab0628723e34143acb10c77c9c5665c3ed9a991f7a10d872de921,Detected
DC-0067,Acrobat::Full Check::PDFUA-Ref-2-10_Form-M01,PDFUA-Ref-2-10_Form-M01,PDFUA-Ref-2-10_Form,M01,Acrobat,Full Check,evidence/acrobat/PDFUA-Ref-2-10_Form-M01__3f4549f2b3c4a7e8ec2859096f3bc42513bf0df4cad6c5ee1f324835425bfece.accreport.html,e9c5748c2e6da2a92d5861ba29d43282bde5379f57543c38047bf4497ff4526e,3f4549f2b3c4a7e8ec2859096f3bc42513bf0df4cad6c5ee1f324835425bfece,Acrobat::Full Check::PDFUA-Ref-2-10_Form,evidence\acrobat\PDFUA-Ref-2-10_Form__06d5cacd7c5ba9573a57c6d99d3f357ee14a24cff0c138036840fc44c6311806.accreport.html,32b40f4daad3405ef55dc79e6cf23d3ef25721871c0849bb5287fe6d2300c323,Needs Manual Check
DC-0068,Acrobat::Full Check::PDFUA-Ref-2-10_Form-M02,PDFUA-Ref-2-10_Form-M02,PDFUA-Ref-2-10_Form,M02,Acrobat,Full Check,evidence/acrobat/PDFUA-Ref-2-10_Form-M02__85550ea9d4a77f73600cbc328ea4c1edf6916e032e2f5c79bf30e97f3db2d478.accreport.html,33547ced7b285018bd1028e72ab486322b6bec34adeccc4ff9adc94c4ebc8fed,85550ea9d4a77f73600cbc328ea4c1edf6916e032e2f5c79bf30e97f3db2d478,Acrobat::Full Check::PDFUA-Ref-2-10_Form,evidence\acrobat\PDFUA-Ref-2-10_Form__06d5cacd7c5ba9573a57c6d99d3f357ee14a24cff0c138036840fc44c6311806.accreport.html,32b40f4daad3405ef55dc79e6cf23d3ef25721871c0849bb5287fe6d2300c323,Missed
DC-0069,Acrobat::Full Check::PDFUA-Ref-2-10_Form-M08,PDFUA-Ref-2-10_Form-M08,PDFUA-Ref-2-10_Form,M08,Acrobat,Full Check,evidence/acrobat/PDFUA-Ref-2-10_Form-M08__53befb723e3cca79d246644678be0a3a09dae65ff4e514fc56d3fa404cd4ff8a.accreport.html,490933893d5105d35f7d64904668171e580c9545d9b61a02b34f5317d1c2b455,53befb723e3cca79d246644678be0a3a09dae65ff4e514fc56d3fa404cd4ff8a,Acrobat::Full Check::PDFUA-Ref-2-10_Form,evidence\acrobat\PDFUA-Ref-2-10_Form__06d5cacd7c5ba9573a57c6d99d3f357ee14a24cff0c138036840fc44c6311806.accreport.html,32b40f4daad3405ef55dc79e6cf23d3ef25721871c0849bb5287fe6d2300c323,Detected
DC-0070,PAC::Formal::PDFUA-Ref-2-01_Magazine-danish-M01,PDFUA-Ref-2-01_Magazine-danish-M01,PDFUA-Ref-2-01_Magazine-danish,M01,PAC,Formal,evidence/pac/formal/PDFUA-Ref-2-01_Magazine-danish-M01__a52e75193364438a1701f76c986fc047ee3e3b98dd691ec662d2c1d380c5d2df.pdf,bb9a1feedc8808a53e7c3d36b234d8a7bc278be4cef232c5b5787e65daade29a,a52e75193364438a1701f76c986fc047ee3e3b98dd691ec662d2c1d380c5d2df,PAC::Formal::PDFUA-Ref-2-01_Magazine-danish,evidence\pac\formal\PDFUA-Ref-2-01_Magazine-danish__aef89af13c9c94fc4f4e1a8c5872450cc4c8fff7de544d8ada6a0912425aa434.pdf,39c151e280e828bd3a4a583a038ca0f0ec53975d6f8e14a5f585f4c6df69be0d,Missed
DC-0071,PAC::Formal::PDFUA-Ref-2-01_Magazine-danish-M02,PDFUA-Ref-2-01_Magazine-danish-M02,PDFUA-Ref-2-01_Magazine-danish,M02,PAC,Formal,evidence/pac/formal/PDFUA-Ref-2-01_Magazine-danish-M02__e8df97191d286d7b52b625d3664034a14374aac4965a0bdd2aa6af57f9876c5f.pdf,8d601831c7252a43f2c55d0a27cbb5dc7f1bd76593570ecc55f8df137f88b7b0,e8df97191d286d7b52b625d3664034a14374aac4965a0bdd2aa6af57f9876c5f,PAC::Formal::PDFUA-Ref-2-01_Magazine-danish,evidence\pac\formal\PDFUA-Ref-2-01_Magazine-danish__aef89af13c9c94fc4f4e1a8c5872450cc4c8fff7de544d8ada6a0912425aa434.pdf,39c151e280e828bd3a4a583a038ca0f0ec53975d6f8e14a5f585f4c6df69be0d,Missed
DC-0072,PAC::Formal::PDFUA-Ref-2-01_Magazine-danish-M03,PDFUA-Ref-2-01_Magazine-danish-M03,PDFUA-Ref-2-01_Magazine-danish,M03,PAC,Formal,evidence/pac/formal/PDFUA-Ref-2-01_Magazine-danish-M03__f7b9e14f0320211e69643205e92b5c0719008a512cbb0b572b00d5362d011bfb.pdf,8d1129919cb54190ccba6ab36c363ce3bfd28be7dfaaa5b9c0df0477303b57b0,f7b9e14f0320211e69643205e92b5c0719008a512cbb0b572b00d5362d011bfb,PAC::Formal::PDFUA-Ref-2-01_Magazine-danish,evidence\pac\formal\PDFUA-Ref-2-01_Magazine-danish__aef89af13c9c94fc4f4e1a8c5872450cc4c8fff7de544d8ada6a0912425aa434.pdf,39c151e280e828bd3a4a583a038ca0f0ec53975d6f8e14a5f585f4c6df69be0d,Detected
DC-0073,PAC::Formal::PDFUA-Ref-2-01_Magazine-danish-M04,PDFUA-Ref-2-01_Magazine-danish-M04,PDFUA-Ref-2-01_Magazine-danish,M04,PAC,Formal,evidence/pac/formal/PDFUA-Ref-2-01_Magazine-danish-M04__eb79fabe18daacdee5408ca7bc5a7968f8113c1721ff80830870d5680a639c82.pdf,8e3489df88fb21107f74ce57b60a3bfa8e73dd9cb6e75a7dafd32d3ab47afd4a,eb79fabe18daacdee5408ca7bc5a7968f8113c1721ff80830870d5680a639c82,PAC::Formal::PDFUA-Ref-2-01_Magazine-danish,evidence\pac\formal\PDFUA-Ref-2-01_Magazine-danish__aef89af13c9c94fc4f4e1a8c5872450cc4c8fff7de544d8ada6a0912425aa434.pdf,39c151e280e828bd3a4a583a038ca0f0ec53975d6f8e14a5f585f4c6df69be0d,Missed
DC-0074,PAC::Formal::PDFUA-Ref-2-01_Magazine-danish-M05,PDFUA-Ref-2-01_Magazine-danish-M05,PDFUA-Ref-2-01_Magazine-danish,M05,PAC,Formal,evidence/pac/formal/PDFUA-Ref-2-01_Magazine-danish-M05__5b5f3a85909983e4b44ba0babf92c7e9704757387a94804ef792ca3d3918bb6f.pdf,3c22aff305822cb7ba97753e1c3a25e64bb3b67e1e736ffb547b756dbd4c4f83,5b5f3a85909983e4b44ba0babf92c7e9704757387a94804ef792ca3d3918bb6f,PAC::Formal::PDFUA-Ref-2-01_Magazine-danish,evidence\pac\formal\PDFUA-Ref-2-01_Magazine-danish__aef89af13c9c94fc4f4e1a8c5872450cc4c8fff7de544d8ada6a0912425aa434.pdf,39c151e280e828bd3a4a583a038ca0f0ec53975d6f8e14a5f585f4c6df69be0d,Missed
DC-0075,PAC::Formal::PDFUA-Ref-2-01_Magazine-danish-M06,PDFUA-Ref-2-01_Magazine-danish-M06,PDFUA-Ref-2-01_Magazine-danish,M06,PAC,Formal,evidence/pac/formal/PDFUA-Ref-2-01_Magazine-danish-M06__4774ad31d5381502e81bc0e30ee6a92559c51bf4bd3772adcc50b3ca1d671d81.pdf,8871e86c2239648c1281f2f1ea2076377bfafce5e715baa2a2a8d44c8d6bc0b9,4774ad31d5381502e81bc0e30ee6a92559c51bf4bd3772adcc50b3ca1d671d81,PAC::Formal::PDFUA-Ref-2-01_Magazine-danish,evidence\pac\formal\PDFUA-Ref-2-01_Magazine-danish__aef89af13c9c94fc4f4e1a8c5872450cc4c8fff7de544d8ada6a0912425aa434.pdf,39c151e280e828bd3a4a583a038ca0f0ec53975d6f8e14a5f585f4c6df69be0d,Missed
DC-0076,PAC::Formal::PDFUA-Ref-2-01_Magazine-danish-M07,PDFUA-Ref-2-01_Magazine-danish-M07,PDFUA-Ref-2-01_Magazine-danish,M07,PAC,Formal,evidence/pac/formal/PDFUA-Ref-2-01_Magazine-danish-M07__a45021dfa3ce09f803eac101d0d5bffcd1326662a9a71c028bbd51cbe01a595f.pdf,014b93861a886584014a6a91d7ede6c0768cc9134ee562ebf388fe3e2eaa1449,a45021dfa3ce09f803eac101d0d5bffcd1326662a9a71c028bbd51cbe01a595f,PAC::Formal::PDFUA-Ref-2-01_Magazine-danish,evidence\pac\formal\PDFUA-Ref-2-01_Magazine-danish__aef89af13c9c94fc4f4e1a8c5872450cc4c8fff7de544d8ada6a0912425aa434.pdf,39c151e280e828bd3a4a583a038ca0f0ec53975d6f8e14a5f585f4c6df69be0d,Detected
DC-0077,PAC::Formal::PDFUA-Ref-2-01_Magazine-danish-M08,PDFUA-Ref-2-01_Magazine-danish-M08,PDFUA-Ref-2-01_Magazine-danish,M08,PAC,Formal,evidence/pac/formal/PDFUA-Ref-2-01_Magazine-danish-M08__798d1807493ecbed375ba1a175bb6d19f6d51dfe508c6df88df7ec3f8e1d6061.pdf,97db6561b2401e1c708587f79586103a54c819018ccc8f5c5c6ee0e57f8d6d42,798d1807493ecbed375ba1a175bb6d19f6d51dfe508c6df88df7ec3f8e1d6061,PAC::Formal::PDFUA-Ref-2-01_Magazine-danish,evidence\pac\formal\PDFUA-Ref-2-01_Magazine-danish__aef89af13c9c94fc4f4e1a8c5872450cc4c8fff7de544d8ada6a0912425aa434.pdf,39c151e280e828bd3a4a583a038ca0f0ec53975d6f8e14a5f585f4c6df69be0d,Detected
DC-0078,PAC::Formal::PDFUA-Ref-2-01_Magazine-danish-M09,PDFUA-Ref-2-01_Magazine-danish-M09,PDFUA-Ref-2-01_Magazine-danish,M09,PAC,Formal,evidence/pac/formal/PDFUA-Ref-2-01_Magazine-danish-M09__3ef299495b93ea1d1fd50ba38ec265412abb6e1d7e147918d50ec9afcc36662b.pdf,0af8da33fe8ff946439362b4b52411eea7bb4ade13a0c3297691bb188dd3648a,3ef299495b93ea1d1fd50ba38ec265412abb6e1d7e147918d50ec9afcc36662b,PAC::Formal::PDFUA-Ref-2-01_Magazine-danish,evidence\pac\formal\PDFUA-Ref-2-01_Magazine-danish__aef89af13c9c94fc4f4e1a8c5872450cc4c8fff7de544d8ada6a0912425aa434.pdf,39c151e280e828bd3a4a583a038ca0f0ec53975d6f8e14a5f585f4c6df69be0d,Detected
DC-0079,PAC::Formal::PDFUA-Ref-2-02_Invoice-M02,PDFUA-Ref-2-02_Invoice-M02,PDFUA-Ref-2-02_Invoice,M02,PAC,Formal,evidence/pac/formal/PDFUA-Ref-2-02_Invoice-M02__462607fdecfb53a1cfdf57d060f6f2ef467370ae7d39213b258398a1777120fd.pdf,c94ed44553b17885a9a7de14e3336c1ce04f5ed20236ace97a935a69bb43c052,462607fdecfb53a1cfdf57d060f6f2ef467370ae7d39213b258398a1777120fd,PAC::Formal::PDFUA-Ref-2-02_Invoice,evidence\pac\formal\PDFUA-Ref-2-02_Invoice__fbae08464f192f532205833215505b78266e86df6283d9b0c439cb06927ce0b9.pdf,ad63ecb8c88aca137c4ee3e2011edaf8ffe123d926b3e10c90f06dc61418a1c7,Missed
DC-0080,PAC::Formal::PDFUA-Ref-2-02_Invoice-M03,PDFUA-Ref-2-02_Invoice-M03,PDFUA-Ref-2-02_Invoice,M03,PAC,Formal,evidence/pac/formal/PDFUA-Ref-2-02_Invoice-M03__7887ebfcc438c907ca1981ad33769f3ebee0831b86c8f18ba672a682e45e0323.pdf,0f7742068a228379603b4953d5cdc1c327ed5b2edbc7f99cc2245d756b1c715a,7887ebfcc438c907ca1981ad33769f3ebee0831b86c8f18ba672a682e45e0323,PAC::Formal::PDFUA-Ref-2-02_Invoice,evidence\pac\formal\PDFUA-Ref-2-02_Invoice__fbae08464f192f532205833215505b78266e86df6283d9b0c439cb06927ce0b9.pdf,ad63ecb8c88aca137c4ee3e2011edaf8ffe123d926b3e10c90f06dc61418a1c7,Detected
DC-0081,PAC::Formal::PDFUA-Ref-2-02_Invoice-M04,PDFUA-Ref-2-02_Invoice-M04,PDFUA-Ref-2-02_Invoice,M04,PAC,Formal,evidence/pac/formal/PDFUA-Ref-2-02_Invoice-M04__c831396c411f0e67e1fa9eea43cf7e8f741b9f99c69cbdd9f0ce3c17dcab2514.pdf,f89a29ca9f9869c3b5ef190482e6b1055ac1234dff9189f209a5d92805924e75,c831396c411f0e67e1fa9eea43cf7e8f741b9f99c69cbdd9f0ce3c17dcab2514,PAC::Formal::PDFUA-Ref-2-02_Invoice,evidence\pac\formal\PDFUA-Ref-2-02_Invoice__fbae08464f192f532205833215505b78266e86df6283d9b0c439cb06927ce0b9.pdf,ad63ecb8c88aca137c4ee3e2011edaf8ffe123d926b3e10c90f06dc61418a1c7,Missed
DC-0082,PAC::Formal::PDFUA-Ref-2-02_Invoice-M07,PDFUA-Ref-2-02_Invoice-M07,PDFUA-Ref-2-02_Invoice,M07,PAC,Formal,evidence/pac/formal/PDFUA-Ref-2-02_Invoice-M07__14e04ae7cadc509f5b6479aff17be9cf6d79e68524801d8aa9a27e49ea348506.pdf,8a4cde7b3378dec8d1ad60b7441389861026d26255b204330ace6e3d57041514,14e04ae7cadc509f5b6479aff17be9cf6d79e68524801d8aa9a27e49ea348506,PAC::Formal::PDFUA-Ref-2-02_Invoice,evidence\pac\formal\PDFUA-Ref-2-02_Invoice__fbae08464f192f532205833215505b78266e86df6283d9b0c439cb06927ce0b9.pdf,ad63ecb8c88aca137c4ee3e2011edaf8ffe123d926b3e10c90f06dc61418a1c7,Detected
DC-0083,PAC::Formal::PDFUA-Ref-2-02_Invoice-M08,PDFUA-Ref-2-02_Invoice-M08,PDFUA-Ref-2-02_Invoice,M08,PAC,Formal,evidence/pac/formal/PDFUA-Ref-2-02_Invoice-M08__4fa45b60c80cb404e90b60c4eb2e273acfc22555afdab15b8b1684d09b4f33df.pdf,925fd0e19bf474e29843055b4d6f49941c09ba815572060a2f514becf9b8c562,4fa45b60c80cb404e90b60c4eb2e273acfc22555afdab15b8b1684d09b4f33df,PAC::Formal::PDFUA-Ref-2-02_Invoice,evidence\pac\formal\PDFUA-Ref-2-02_Invoice__fbae08464f192f532205833215505b78266e86df6283d9b0c439cb06927ce0b9.pdf,ad63ecb8c88aca137c4ee3e2011edaf8ffe123d926b3e10c90f06dc61418a1c7,Detected
DC-0084,PAC::Formal::PDFUA-Ref-2-02_Invoice-M10,PDFUA-Ref-2-02_Invoice-M10,PDFUA-Ref-2-02_Invoice,M10,PAC,Formal,evidence/pac/formal/PDFUA-Ref-2-02_Invoice-M10__a4e6177f2fba056f3364f7ac88c2907effa97ee177584a1c46c4aeeca5f31c48.pdf,f1baf5b007565b3025f807b71b3f6dadedfc3500f6b6d3dd5e9013e9245f24b1,a4e6177f2fba056f3364f7ac88c2907effa97ee177584a1c46c4aeeca5f31c48,PAC::Formal::PDFUA-Ref-2-02_Invoice,evidence\pac\formal\PDFUA-Ref-2-02_Invoice__fbae08464f192f532205833215505b78266e86df6283d9b0c439cb06927ce0b9.pdf,ad63ecb8c88aca137c4ee3e2011edaf8ffe123d926b3e10c90f06dc61418a1c7,Detected
DC-0085,PAC::Formal::PDFUA-Ref-2-03_AcademicAbstract-M01,PDFUA-Ref-2-03_AcademicAbstract-M01,PDFUA-Ref-2-03_AcademicAbstract,M01,PAC,Formal,evidence/pac/formal/PDFUA-Ref-2-03_AcademicAbstract-M01__3e2fe0a15cd8758f335e91aef7bb50a2b45f2e003448723f106d803a55ce788f.pdf,ba1e5361a58f1595c48d6e055735986e9285be1a64226ec9c7045c5474f274ef,3e2fe0a15cd8758f335e91aef7bb50a2b45f2e003448723f106d803a55ce788f,PAC::Formal::PDFUA-Ref-2-03_AcademicAbstract,evidence\pac\formal\PDFUA-Ref-2-03_AcademicAbstract__e61257d371261867926eb006f8895569a95fcfbcb93fca3be04b8b9187cb93a0.pdf,f1172d54adb5a196ae9698d5895f8a318652f26f5f47fd0d50d7bd73469bfc78,Missed
DC-0086,PAC::Formal::PDFUA-Ref-2-03_AcademicAbstract-M02,PDFUA-Ref-2-03_AcademicAbstract-M02,PDFUA-Ref-2-03_AcademicAbstract,M02,PAC,Formal,evidence/pac/formal/PDFUA-Ref-2-03_AcademicAbstract-M02__16aed0e5075a817106227b70904ceee8d8c2f771c2a83fc933e07e4a561ba5f1.pdf,4c7c3c466436c7b8a36fcc828b55950cf0171abebb6bd683d9f410c92f386eec,16aed0e5075a817106227b70904ceee8d8c2f771c2a83fc933e07e4a561ba5f1,PAC::Formal::PDFUA-Ref-2-03_AcademicAbstract,evidence\pac\formal\PDFUA-Ref-2-03_AcademicAbstract__e61257d371261867926eb006f8895569a95fcfbcb93fca3be04b8b9187cb93a0.pdf,f1172d54adb5a196ae9698d5895f8a318652f26f5f47fd0d50d7bd73469bfc78,Missed
DC-0087,PAC::Formal::PDFUA-Ref-2-03_AcademicAbstract-M03,PDFUA-Ref-2-03_AcademicAbstract-M03,PDFUA-Ref-2-03_AcademicAbstract,M03,PAC,Formal,evidence/pac/formal/PDFUA-Ref-2-03_AcademicAbstract-M03__fcc8533b325c9a1a1675c46ec0856649fa02feea531e4aba4492a12a41e1a571.pdf,0b1561c2efbb659f7a8da343a5a2aa592123bd11a1eec58ac7d62f9ec6d249c7,fcc8533b325c9a1a1675c46ec0856649fa02feea531e4aba4492a12a41e1a571,PAC::Formal::PDFUA-Ref-2-03_AcademicAbstract,evidence\pac\formal\PDFUA-Ref-2-03_AcademicAbstract__e61257d371261867926eb006f8895569a95fcfbcb93fca3be04b8b9187cb93a0.pdf,f1172d54adb5a196ae9698d5895f8a318652f26f5f47fd0d50d7bd73469bfc78,Detected
DC-0088,PAC::Formal::PDFUA-Ref-2-03_AcademicAbstract-M04,PDFUA-Ref-2-03_AcademicAbstract-M04,PDFUA-Ref-2-03_AcademicAbstract,M04,PAC,Formal,evidence/pac/formal/PDFUA-Ref-2-03_AcademicAbstract-M04__aa1b231accabf87602fa064972332501785b16ce8de42ade4ccb57463f5281ec.pdf,a86795cb89d758d7254c40e1a20fb4f70cdcc5f5c931310f2c4df1c643746b5e,aa1b231accabf87602fa064972332501785b16ce8de42ade4ccb57463f5281ec,PAC::Formal::PDFUA-Ref-2-03_AcademicAbstract,evidence\pac\formal\PDFUA-Ref-2-03_AcademicAbstract__e61257d371261867926eb006f8895569a95fcfbcb93fca3be04b8b9187cb93a0.pdf,f1172d54adb5a196ae9698d5895f8a318652f26f5f47fd0d50d7bd73469bfc78,Missed
DC-0089,PAC::Formal::PDFUA-Ref-2-03_AcademicAbstract-M05,PDFUA-Ref-2-03_AcademicAbstract-M05,PDFUA-Ref-2-03_AcademicAbstract,M05,PAC,Formal,evidence/pac/formal/PDFUA-Ref-2-03_AcademicAbstract-M05__ee82308195b4488f8c6e01bc8e4ba469df760c122c766ff84fc3425302d6f528.pdf,16028883478f7f9e1525f5341b709dfd6ab0ed74c644c697965fec208e82bf71,ee82308195b4488f8c6e01bc8e4ba469df760c122c766ff84fc3425302d6f528,PAC::Formal::PDFUA-Ref-2-03_AcademicAbstract,evidence\pac\formal\PDFUA-Ref-2-03_AcademicAbstract__e61257d371261867926eb006f8895569a95fcfbcb93fca3be04b8b9187cb93a0.pdf,f1172d54adb5a196ae9698d5895f8a318652f26f5f47fd0d50d7bd73469bfc78,Missed
DC-0090,PAC::Formal::PDFUA-Ref-2-03_AcademicAbstract-M06,PDFUA-Ref-2-03_AcademicAbstract-M06,PDFUA-Ref-2-03_AcademicAbstract,M06,PAC,Formal,evidence/pac/formal/PDFUA-Ref-2-03_AcademicAbstract-M06__ca37553b2d45198cd26b168a6c9eb41f248cd4f9179118b991fc47917a443afb.pdf,9a572b52bde80b5bfb0b0e93700249387b00406c01c2bf3835c32a1ee6b8a121,ca37553b2d45198cd26b168a6c9eb41f248cd4f9179118b991fc47917a443afb,PAC::Formal::PDFUA-Ref-2-03_AcademicAbstract,evidence\pac\formal\PDFUA-Ref-2-03_AcademicAbstract__e61257d371261867926eb006f8895569a95fcfbcb93fca3be04b8b9187cb93a0.pdf,f1172d54adb5a196ae9698d5895f8a318652f26f5f47fd0d50d7bd73469bfc78,Missed
DC-0091,PAC::Formal::PDFUA-Ref-2-03_AcademicAbstract-M08,PDFUA-Ref-2-03_AcademicAbstract-M08,PDFUA-Ref-2-03_AcademicAbstract,M08,PAC,Formal,evidence/pac/formal/PDFUA-Ref-2-03_AcademicAbstract-M08__381ec9f9fe1f7ef256d3f2ed7e5e405bb9802b17bb64d762f572bc6d313af091.pdf,ca953e3482775113027796025780bff991edca8f84dbe184cbde458f659ed5ae,381ec9f9fe1f7ef256d3f2ed7e5e405bb9802b17bb64d762f572bc6d313af091,PAC::Formal::PDFUA-Ref-2-03_AcademicAbstract,evidence\pac\formal\PDFUA-Ref-2-03_AcademicAbstract__e61257d371261867926eb006f8895569a95fcfbcb93fca3be04b8b9187cb93a0.pdf,f1172d54adb5a196ae9698d5895f8a318652f26f5f47fd0d50d7bd73469bfc78,Detected
DC-0092,PAC::Formal::PDFUA-Ref-2-04_Presentation-M01,PDFUA-Ref-2-04_Presentation-M01,PDFUA-Ref-2-04_Presentation,M01,PAC,Formal,evidence/pac/formal/PDFUA-Ref-2-04_Presentation-M01__1e4ccf771ae704a24d184020cdac9bd43d0a9bdb6ab88e04b7893d040d642c9c.pdf,676fdb12f5b6367e4dcb3bdfc6abf6dbabbd83d9e97570f92c656b6aa4e52b17,1e4ccf771ae704a24d184020cdac9bd43d0a9bdb6ab88e04b7893d040d642c9c,PAC::Formal::PDFUA-Ref-2-04_Presentation,evidence\pac\formal\PDFUA-Ref-2-04_Presentation__90acb829ca8bfa037796592539d15010e9099d1cd2622aac1fce7d9fd3ae7575.pdf,fec7ddd22bfe17fc6f65d23c9cabab0cc7726784069f0201d5f6c29f85666a92,Missed
DC-0093,PAC::Formal::PDFUA-Ref-2-04_Presentation-M02,PDFUA-Ref-2-04_Presentation-M02,PDFUA-Ref-2-04_Presentation,M02,PAC,Formal,evidence/pac/formal/PDFUA-Ref-2-04_Presentation-M02__e85501fb90d221c574cae80f0cab8f7db33b2a21c9b89e7f2de4167b4dd87880.pdf,5bfc5c0bbb1ee0b02a9a7fb8373551894e34fe5c92e4700028f4716dabbea6ec,e85501fb90d221c574cae80f0cab8f7db33b2a21c9b89e7f2de4167b4dd87880,PAC::Formal::PDFUA-Ref-2-04_Presentation,evidence\pac\formal\PDFUA-Ref-2-04_Presentation__90acb829ca8bfa037796592539d15010e9099d1cd2622aac1fce7d9fd3ae7575.pdf,fec7ddd22bfe17fc6f65d23c9cabab0cc7726784069f0201d5f6c29f85666a92,Missed
DC-0094,PAC::Formal::PDFUA-Ref-2-04_Presentation-M03,PDFUA-Ref-2-04_Presentation-M03,PDFUA-Ref-2-04_Presentation,M03,PAC,Formal,evidence/pac/formal/PDFUA-Ref-2-04_Presentation-M03__23612f2c7708412a2bcfc9ba1023d8712c0db74be6f6752d7b04bb54b23913b7.pdf,df2183784feb537cd6e88b2d1ddad9cb83f1d80c74d27d426eae0fc4eb5242ec,23612f2c7708412a2bcfc9ba1023d8712c0db74be6f6752d7b04bb54b23913b7,PAC::Formal::PDFUA-Ref-2-04_Presentation,evidence\pac\formal\PDFUA-Ref-2-04_Presentation__90acb829ca8bfa037796592539d15010e9099d1cd2622aac1fce7d9fd3ae7575.pdf,fec7ddd22bfe17fc6f65d23c9cabab0cc7726784069f0201d5f6c29f85666a92,Detected
DC-0095,PAC::Formal::PDFUA-Ref-2-04_Presentation-M04,PDFUA-Ref-2-04_Presentation-M04,PDFUA-Ref-2-04_Presentation,M04,PAC,Formal,evidence/pac/formal/PDFUA-Ref-2-04_Presentation-M04__d54e7cdfa78b6be17e9234803de1e88ece27cba0282e244b0f0abfdd992487cd.pdf,cbe28585a4d6c6adba3dffcc0a957895888494b1a9489b2f77c11d4cdddc1f76,d54e7cdfa78b6be17e9234803de1e88ece27cba0282e244b0f0abfdd992487cd,PAC::Formal::PDFUA-Ref-2-04_Presentation,evidence\pac\formal\PDFUA-Ref-2-04_Presentation__90acb829ca8bfa037796592539d15010e9099d1cd2622aac1fce7d9fd3ae7575.pdf,fec7ddd22bfe17fc6f65d23c9cabab0cc7726784069f0201d5f6c29f85666a92,Missed
DC-0096,PAC::Formal::PDFUA-Ref-2-04_Presentation-M05,PDFUA-Ref-2-04_Presentation-M05,PDFUA-Ref-2-04_Presentation,M05,PAC,Formal,evidence/pac/formal/PDFUA-Ref-2-04_Presentation-M05__5d72a6c172200b5c5bf50850d45e535a9ed8454edfec1b2714a6c72159995d5c.pdf,1c354fc80cbbabfa50b483b742d9eb3ff834e8dd01187cc7aa550a6a180c40c7,5d72a6c172200b5c5bf50850d45e535a9ed8454edfec1b2714a6c72159995d5c,PAC::Formal::PDFUA-Ref-2-04_Presentation,evidence\pac\formal\PDFUA-Ref-2-04_Presentation__90acb829ca8bfa037796592539d15010e9099d1cd2622aac1fce7d9fd3ae7575.pdf,fec7ddd22bfe17fc6f65d23c9cabab0cc7726784069f0201d5f6c29f85666a92,Missed
DC-0097,PAC::Formal::PDFUA-Ref-2-04_Presentation-M06,PDFUA-Ref-2-04_Presentation-M06,PDFUA-Ref-2-04_Presentation,M06,PAC,Formal,evidence/pac/formal/PDFUA-Ref-2-04_Presentation-M06__56a2b7314c6bb652499bd6ed6a070925d4a76b840d9a06a4377b055a02d37da4.pdf,55f99e47dc27ba24066d4430800ed7f1ba34438f471a0b24d93520e4e924a4e8,56a2b7314c6bb652499bd6ed6a070925d4a76b840d9a06a4377b055a02d37da4,PAC::Formal::PDFUA-Ref-2-04_Presentation,evidence\pac\formal\PDFUA-Ref-2-04_Presentation__90acb829ca8bfa037796592539d15010e9099d1cd2622aac1fce7d9fd3ae7575.pdf,fec7ddd22bfe17fc6f65d23c9cabab0cc7726784069f0201d5f6c29f85666a92,Missed
DC-0098,PAC::Formal::PDFUA-Ref-2-04_Presentation-M07,PDFUA-Ref-2-04_Presentation-M07,PDFUA-Ref-2-04_Presentation,M07,PAC,Formal,evidence/pac/formal/PDFUA-Ref-2-04_Presentation-M07__09d414160bdb30b7d9aa23413647b6ba38f434340f1d3f0d3164a1d37d5d3088.pdf,398184e6a816166f6b7e9ee8ef530147b9dc76b002708ca28467e14a0b28e837,09d414160bdb30b7d9aa23413647b6ba38f434340f1d3f0d3164a1d37d5d3088,PAC::Formal::PDFUA-Ref-2-04_Presentation,evidence\pac\formal\PDFUA-Ref-2-04_Presentation__90acb829ca8bfa037796592539d15010e9099d1cd2622aac1fce7d9fd3ae7575.pdf,fec7ddd22bfe17fc6f65d23c9cabab0cc7726784069f0201d5f6c29f85666a92,Detected
DC-0099,PAC::Formal::PDFUA-Ref-2-04_Presentation-M08,PDFUA-Ref-2-04_Presentation-M08,PDFUA-Ref-2-04_Presentation,M08,PAC,Formal,evidence/pac/formal/PDFUA-Ref-2-04_Presentation-M08__72f5f8517793703f0eb2affec0285f5bfb13a062e91810ef96c17a766aa81539.pdf,fb3498dd88b620469bfaf273450a1edb3c78fe4c02a50f7559352ec8af5f6354,72f5f8517793703f0eb2affec0285f5bfb13a062e91810ef96c17a766aa81539,PAC::Formal::PDFUA-Ref-2-04_Presentation,evidence\pac\formal\PDFUA-Ref-2-04_Presentation__90acb829ca8bfa037796592539d15010e9099d1cd2622aac1fce7d9fd3ae7575.pdf,fec7ddd22bfe17fc6f65d23c9cabab0cc7726784069f0201d5f6c29f85666a92,Detected
DC-0100,PAC::Formal::PDFUA-Ref-2-04_Presentation-M09,PDFUA-Ref-2-04_Presentation-M09,PDFUA-Ref-2-04_Presentation,M09,PAC,Formal,evidence/pac/formal/PDFUA-Ref-2-04_Presentation-M09__d9603ca680cfdcaf22033828f12e55e1d26f825bcbdfaf7dd0a29798ea61de3a.pdf,3db6795f573e02dfb0dbb2f1a4bfdcee45955a9348136a850083fb120ea8328e,d9603ca680cfdcaf22033828f12e55e1d26f825bcbdfaf7dd0a29798ea61de3a,PAC::Formal::PDFUA-Ref-2-04_Presentation,evidence\pac\formal\PDFUA-Ref-2-04_Presentation__90acb829ca8bfa037796592539d15010e9099d1cd2622aac1fce7d9fd3ae7575.pdf,fec7ddd22bfe17fc6f65d23c9cabab0cc7726784069f0201d5f6c29f85666a92,Detected
DC-0101,PAC::Formal::PDFUA-Ref-2-05_BookChapter-german-M01,PDFUA-Ref-2-05_BookChapter-german-M01,PDFUA-Ref-2-05_BookChapter-german,M01,PAC,Formal,evidence/pac/formal/PDFUA-Ref-2-05_BookChapter-german-M01__f3455e42a1e7610054506c9ece9cfbef949f888e93294fce9eae762222be6078.pdf,13e63b69f3d68c9923e124b4e16b4cdd3c8d224647f77dac9af231a229f76514,f3455e42a1e7610054506c9ece9cfbef949f888e93294fce9eae762222be6078,PAC::Formal::PDFUA-Ref-2-05_BookChapter-german,evidence\pac\formal\PDFUA-Ref-2-05_BookChapter-german__fc525b8899da31779b6143c16053779cd560d4417018a901472de33c71252352.pdf,54f9e2da0d787dca155284ee004b68780a66fafe62533922efa6dce3cd171b37,Missed
DC-0102,PAC::Formal::PDFUA-Ref-2-05_BookChapter-german-M02,PDFUA-Ref-2-05_BookChapter-german-M02,PDFUA-Ref-2-05_BookChapter-german,M02,PAC,Formal,evidence/pac/formal/PDFUA-Ref-2-05_BookChapter-german-M02__5b806fd39c6559c0416737eb3cc131c05f5071f0b1d758af0fecca9b315070af.pdf,744da1955947f254ba8fc789d4ae449f0303019bbd0ba564020e5bc22312b6b9,5b806fd39c6559c0416737eb3cc131c05f5071f0b1d758af0fecca9b315070af,PAC::Formal::PDFUA-Ref-2-05_BookChapter-german,evidence\pac\formal\PDFUA-Ref-2-05_BookChapter-german__fc525b8899da31779b6143c16053779cd560d4417018a901472de33c71252352.pdf,54f9e2da0d787dca155284ee004b68780a66fafe62533922efa6dce3cd171b37,Missed
DC-0103,PAC::Formal::PDFUA-Ref-2-05_BookChapter-german-M03,PDFUA-Ref-2-05_BookChapter-german-M03,PDFUA-Ref-2-05_BookChapter-german,M03,PAC,Formal,evidence/pac/formal/PDFUA-Ref-2-05_BookChapter-german-M03__08a17db95cf262351a8e2a6464edaec73836e71fd34b0db112bdec9676930e75.pdf,36d1704204141232fe4c4caf5fe0b1cadcaee9ebe55ea8eb87e5fd79bbbc782e,08a17db95cf262351a8e2a6464edaec73836e71fd34b0db112bdec9676930e75,PAC::Formal::PDFUA-Ref-2-05_BookChapter-german,evidence\pac\formal\PDFUA-Ref-2-05_BookChapter-german__fc525b8899da31779b6143c16053779cd560d4417018a901472de33c71252352.pdf,54f9e2da0d787dca155284ee004b68780a66fafe62533922efa6dce3cd171b37,Detected
DC-0104,PAC::Formal::PDFUA-Ref-2-05_BookChapter-german-M04,PDFUA-Ref-2-05_BookChapter-german-M04,PDFUA-Ref-2-05_BookChapter-german,M04,PAC,Formal,evidence/pac/formal/PDFUA-Ref-2-05_BookChapter-german-M04__668b5c55c85237169484722c15354e8d353179f8b9fc9e96a2a6f83a13c71250.pdf,4059d232982ab9208f33b17cf407453323912370c7eaa25426c391801bb3104f,668b5c55c85237169484722c15354e8d353179f8b9fc9e96a2a6f83a13c71250,PAC::Formal::PDFUA-Ref-2-05_BookChapter-german,evidence\pac\formal\PDFUA-Ref-2-05_BookChapter-german__fc525b8899da31779b6143c16053779cd560d4417018a901472de33c71252352.pdf,54f9e2da0d787dca155284ee004b68780a66fafe62533922efa6dce3cd171b37,Missed
DC-0105,PAC::Formal::PDFUA-Ref-2-05_BookChapter-german-M05,PDFUA-Ref-2-05_BookChapter-german-M05,PDFUA-Ref-2-05_BookChapter-german,M05,PAC,Formal,evidence/pac/formal/PDFUA-Ref-2-05_BookChapter-german-M05__b7a688694201ed24e8dda1fcf6290c752e42d1ab1d074fc0c8f9d29c0dcad216.pdf,75a3e608fe1ffda8a147db3565c8553840e521f2101684d17ae0dc891bf190e7,b7a688694201ed24e8dda1fcf6290c752e42d1ab1d074fc0c8f9d29c0dcad216,PAC::Formal::PDFUA-Ref-2-05_BookChapter-german,evidence\pac\formal\PDFUA-Ref-2-05_BookChapter-german__fc525b8899da31779b6143c16053779cd560d4417018a901472de33c71252352.pdf,54f9e2da0d787dca155284ee004b68780a66fafe62533922efa6dce3cd171b37,Missed
DC-0106,PAC::Formal::PDFUA-Ref-2-05_BookChapter-german-M06,PDFUA-Ref-2-05_BookChapter-german-M06,PDFUA-Ref-2-05_BookChapter-german,M06,PAC,Formal,evidence/pac/formal/PDFUA-Ref-2-05_BookChapter-german-M06__823c2b5ddc120128c9e6eb07963de30f15be94f72a40d781b698af48fb5833a6.pdf,d2a2d56d16b9380bd1e8ae630ab1d943795bfbd989c6c5cb23b54b5c7bda5baa,823c2b5ddc120128c9e6eb07963de30f15be94f72a40d781b698af48fb5833a6,PAC::Formal::PDFUA-Ref-2-05_BookChapter-german,evidence\pac\formal\PDFUA-Ref-2-05_BookChapter-german__fc525b8899da31779b6143c16053779cd560d4417018a901472de33c71252352.pdf,54f9e2da0d787dca155284ee004b68780a66fafe62533922efa6dce3cd171b37,Missed
DC-0107,PAC::Formal::PDFUA-Ref-2-05_BookChapter-german-M07,PDFUA-Ref-2-05_BookChapter-german-M07,PDFUA-Ref-2-05_BookChapter-german,M07,PAC,Formal,evidence/pac/formal/PDFUA-Ref-2-05_BookChapter-german-M07__be8cb7f6aca4a81ecb01654b816f6ae0f5cf8f5daa45ebf5468925fcf7ab9742.pdf,ef5e8b8729a0c31047e76fd51e16a7155e2d5dba48074eb5811634955f97f0e8,be8cb7f6aca4a81ecb01654b816f6ae0f5cf8f5daa45ebf5468925fcf7ab9742,PAC::Formal::PDFUA-Ref-2-05_BookChapter-german,evidence\pac\formal\PDFUA-Ref-2-05_BookChapter-german__fc525b8899da31779b6143c16053779cd560d4417018a901472de33c71252352.pdf,54f9e2da0d787dca155284ee004b68780a66fafe62533922efa6dce3cd171b37,Detected
DC-0108,PAC::Formal::PDFUA-Ref-2-05_BookChapter-german-M08,PDFUA-Ref-2-05_BookChapter-german-M08,PDFUA-Ref-2-05_BookChapter-german,M08,PAC,Formal,evidence/pac/formal/PDFUA-Ref-2-05_BookChapter-german-M08__01ada38b1d9dc17882581a3ae080fa771f7a3ed2d3affbff49473ff510719fdd.pdf,a1f796a810d5552657529894552928ca1a2915073f71daa6ecc0daf9a76c78d5,01ada38b1d9dc17882581a3ae080fa771f7a3ed2d3affbff49473ff510719fdd,PAC::Formal::PDFUA-Ref-2-05_BookChapter-german,evidence\pac\formal\PDFUA-Ref-2-05_BookChapter-german__fc525b8899da31779b6143c16053779cd560d4417018a901472de33c71252352.pdf,54f9e2da0d787dca155284ee004b68780a66fafe62533922efa6dce3cd171b37,Detected
DC-0109,PAC::Formal::PDFUA-Ref-2-05_BookChapter-german-M09,PDFUA-Ref-2-05_BookChapter-german-M09,PDFUA-Ref-2-05_BookChapter-german,M09,PAC,Formal,evidence/pac/formal/PDFUA-Ref-2-05_BookChapter-german-M09__0ceaf48c6cf200ecab12a36c5bc30bb019911102fe2f2c7bc94508c87f43333f.pdf,6b27d942f80a2bcae477b940a000863c4ff377260917989a795a5d4824817f2b,0ceaf48c6cf200ecab12a36c5bc30bb019911102fe2f2c7bc94508c87f43333f,PAC::Formal::PDFUA-Ref-2-05_BookChapter-german,evidence\pac\formal\PDFUA-Ref-2-05_BookChapter-german__fc525b8899da31779b6143c16053779cd560d4417018a901472de33c71252352.pdf,54f9e2da0d787dca155284ee004b68780a66fafe62533922efa6dce3cd171b37,Detected
DC-0110,PAC::Formal::PDFUA-Ref-2-05_BookChapter-german-M10,PDFUA-Ref-2-05_BookChapter-german-M10,PDFUA-Ref-2-05_BookChapter-german,M10,PAC,Formal,evidence/pac/formal/PDFUA-Ref-2-05_BookChapter-german-M10__4dcdbc2dd191cbca8b848640ec29c68cd21d74dedbbcacdb21e76112bb1d3f9c.pdf,e50b6f9f85ea91d39f5556f18200fae570d9fe172d678074087471acd9e53e9c,4dcdbc2dd191cbca8b848640ec29c68cd21d74dedbbcacdb21e76112bb1d3f9c,PAC::Formal::PDFUA-Ref-2-05_BookChapter-german,evidence\pac\formal\PDFUA-Ref-2-05_BookChapter-german__fc525b8899da31779b6143c16053779cd560d4417018a901472de33c71252352.pdf,54f9e2da0d787dca155284ee004b68780a66fafe62533922efa6dce3cd171b37,Detected
DC-0111,PAC::Formal::PDFUA-Ref-2-06_Brochure-M01,PDFUA-Ref-2-06_Brochure-M01,PDFUA-Ref-2-06_Brochure,M01,PAC,Formal,evidence/pac/formal/PDFUA-Ref-2-06_Brochure-M01__a1a94935bccdbaad7b39c045e9c627fb5deacc3f7fd7fa80c8c77cd6c02acf0a.pdf,27ef61c817c381834d988dbb9f52cc34686cfbcaa33fd3b7c083458759e35956,a1a94935bccdbaad7b39c045e9c627fb5deacc3f7fd7fa80c8c77cd6c02acf0a,PAC::Formal::PDFUA-Ref-2-06_Brochure,evidence\pac\formal\PDFUA-Ref-2-06_Brochure__aefd5ab48a908b9996ffadcb14d8ff31a2c653657cbe011a46f4cf61396a589e.pdf,a762620dacfe81aac95f5dc9be792ffeaf6fb459db3e91427d40a4aafa2e5c32,Missed
DC-0112,PAC::Formal::PDFUA-Ref-2-06_Brochure-M02,PDFUA-Ref-2-06_Brochure-M02,PDFUA-Ref-2-06_Brochure,M02,PAC,Formal,evidence/pac/formal/PDFUA-Ref-2-06_Brochure-M02__6a7c6c4b28369d6bc3ab0f091ff69a08665fe3b8d8398a7fa59ac5bab1cef360.pdf,ab2cfc9f87a6c7ab77e6c706d4847847416bc6a0f709765e2e315407721a079d,6a7c6c4b28369d6bc3ab0f091ff69a08665fe3b8d8398a7fa59ac5bab1cef360,PAC::Formal::PDFUA-Ref-2-06_Brochure,evidence\pac\formal\PDFUA-Ref-2-06_Brochure__aefd5ab48a908b9996ffadcb14d8ff31a2c653657cbe011a46f4cf61396a589e.pdf,a762620dacfe81aac95f5dc9be792ffeaf6fb459db3e91427d40a4aafa2e5c32,Missed
DC-0113,PAC::Formal::PDFUA-Ref-2-06_Brochure-M03,PDFUA-Ref-2-06_Brochure-M03,PDFUA-Ref-2-06_Brochure,M03,PAC,Formal,evidence/pac/formal/PDFUA-Ref-2-06_Brochure-M03__ed0e82b1eecd666930ccb41d3c75cc0a8703cc39d76b6ab87e15b1f70fd5935f.pdf,9154b4751582b1c6a56d44dc4b09333747de703024eb61cbc59978114531acd1,ed0e82b1eecd666930ccb41d3c75cc0a8703cc39d76b6ab87e15b1f70fd5935f,PAC::Formal::PDFUA-Ref-2-06_Brochure,evidence\pac\formal\PDFUA-Ref-2-06_Brochure__aefd5ab48a908b9996ffadcb14d8ff31a2c653657cbe011a46f4cf61396a589e.pdf,a762620dacfe81aac95f5dc9be792ffeaf6fb459db3e91427d40a4aafa2e5c32,Detected
DC-0114,PAC::Formal::PDFUA-Ref-2-06_Brochure-M04,PDFUA-Ref-2-06_Brochure-M04,PDFUA-Ref-2-06_Brochure,M04,PAC,Formal,evidence/pac/formal/PDFUA-Ref-2-06_Brochure-M04__12c8c27582c8ca949f0f95dc11371ef2a8c3a3a6a72bed7e8b82ff9aa74a049d.pdf,7c1aec1b02ae0ffb798118432a8581e90e4431336720cff04f40a5abfff1c23e,12c8c27582c8ca949f0f95dc11371ef2a8c3a3a6a72bed7e8b82ff9aa74a049d,PAC::Formal::PDFUA-Ref-2-06_Brochure,evidence\pac\formal\PDFUA-Ref-2-06_Brochure__aefd5ab48a908b9996ffadcb14d8ff31a2c653657cbe011a46f4cf61396a589e.pdf,a762620dacfe81aac95f5dc9be792ffeaf6fb459db3e91427d40a4aafa2e5c32,Missed
DC-0115,PAC::Formal::PDFUA-Ref-2-06_Brochure-M05,PDFUA-Ref-2-06_Brochure-M05,PDFUA-Ref-2-06_Brochure,M05,PAC,Formal,evidence/pac/formal/PDFUA-Ref-2-06_Brochure-M05__692c7fddc91d6d6899dc1f9e820e2851a6cbeaa9694f0841b53445b15b8e3012.pdf,69fed463072444c09c17856875a855dd16985c9a808cf24870deb68edb9153b2,692c7fddc91d6d6899dc1f9e820e2851a6cbeaa9694f0841b53445b15b8e3012,PAC::Formal::PDFUA-Ref-2-06_Brochure,evidence\pac\formal\PDFUA-Ref-2-06_Brochure__aefd5ab48a908b9996ffadcb14d8ff31a2c653657cbe011a46f4cf61396a589e.pdf,a762620dacfe81aac95f5dc9be792ffeaf6fb459db3e91427d40a4aafa2e5c32,Missed
DC-0116,PAC::Formal::PDFUA-Ref-2-06_Brochure-M06,PDFUA-Ref-2-06_Brochure-M06,PDFUA-Ref-2-06_Brochure,M06,PAC,Formal,evidence/pac/formal/PDFUA-Ref-2-06_Brochure-M06__a8629a74e71648776b2bb71606a7de30f1cbea3ffa60417d0bc936fabdb3c382.pdf,0f99d81634b2c79c098d97adbcaaca57895612d375bd6d9191fc44d072fcd992,a8629a74e71648776b2bb71606a7de30f1cbea3ffa60417d0bc936fabdb3c382,PAC::Formal::PDFUA-Ref-2-06_Brochure,evidence\pac\formal\PDFUA-Ref-2-06_Brochure__aefd5ab48a908b9996ffadcb14d8ff31a2c653657cbe011a46f4cf61396a589e.pdf,a762620dacfe81aac95f5dc9be792ffeaf6fb459db3e91427d40a4aafa2e5c32,Missed
DC-0117,PAC::Formal::PDFUA-Ref-2-06_Brochure-M07,PDFUA-Ref-2-06_Brochure-M07,PDFUA-Ref-2-06_Brochure,M07,PAC,Formal,evidence/pac/formal/PDFUA-Ref-2-06_Brochure-M07__7aed010a1cad015f6b9de4498a855cccc6599be37fe85e0ecdbddaef1d9af3dd.pdf,18ff436a2a0f1c1673a90e471dcc4ff546f47df9b3b6565d112458e7457c7377,7aed010a1cad015f6b9de4498a855cccc6599be37fe85e0ecdbddaef1d9af3dd,PAC::Formal::PDFUA-Ref-2-06_Brochure,evidence\pac\formal\PDFUA-Ref-2-06_Brochure__aefd5ab48a908b9996ffadcb14d8ff31a2c653657cbe011a46f4cf61396a589e.pdf,a762620dacfe81aac95f5dc9be792ffeaf6fb459db3e91427d40a4aafa2e5c32,Detected
DC-0118,PAC::Formal::PDFUA-Ref-2-06_Brochure-M08,PDFUA-Ref-2-06_Brochure-M08,PDFUA-Ref-2-06_Brochure,M08,PAC,Formal,evidence/pac/formal/PDFUA-Ref-2-06_Brochure-M08__fa090d7a7a195eca6b885da4e9b0884b162b73a3b015be189fc41173738c2996.pdf,ef31623b610e3e131a4959e49f57bd2bb9bcc94160e1ff0118363ccac24faf2e,fa090d7a7a195eca6b885da4e9b0884b162b73a3b015be189fc41173738c2996,PAC::Formal::PDFUA-Ref-2-06_Brochure,evidence\pac\formal\PDFUA-Ref-2-06_Brochure__aefd5ab48a908b9996ffadcb14d8ff31a2c653657cbe011a46f4cf61396a589e.pdf,a762620dacfe81aac95f5dc9be792ffeaf6fb459db3e91427d40a4aafa2e5c32,Detected
DC-0119,PAC::Formal::PDFUA-Ref-2-08_BookChapter-M01,PDFUA-Ref-2-08_BookChapter-M01,PDFUA-Ref-2-08_BookChapter,M01,PAC,Formal,evidence/pac/formal/PDFUA-Ref-2-08_BookChapter-M01__f5fdd674ca53247a75d32f520d656f24f8e97e864466f9a72ca8e62487f63178.pdf,464df1a108ab89fe4b497f7bd7cde8b1938671979f9f4b7867cb33edca9130fe,f5fdd674ca53247a75d32f520d656f24f8e97e864466f9a72ca8e62487f63178,PAC::Formal::PDFUA-Ref-2-08_BookChapter,evidence\pac\formal\PDFUA-Ref-2-08_BookChapter__2b958600daec79373736f413f2712fcd9c604de2c352cbc1ec9d67cc5d7932f1.pdf,032e212608eb5d4555f41c2bd910b67b4addcd397cb89fe551c8a6394fffd3a2,Missed
DC-0120,PAC::Formal::PDFUA-Ref-2-08_BookChapter-M02,PDFUA-Ref-2-08_BookChapter-M02,PDFUA-Ref-2-08_BookChapter,M02,PAC,Formal,evidence/pac/formal/PDFUA-Ref-2-08_BookChapter-M02__820bea08c3a5eed724bb8d1e65d9e9733c1ca47a0e003ae477aea7cce81725e4.pdf,8889aa313199ef82870d3aa89b8b48de2d511420c3d88696b72c3aadbd0ec765,820bea08c3a5eed724bb8d1e65d9e9733c1ca47a0e003ae477aea7cce81725e4,PAC::Formal::PDFUA-Ref-2-08_BookChapter,evidence\pac\formal\PDFUA-Ref-2-08_BookChapter__2b958600daec79373736f413f2712fcd9c604de2c352cbc1ec9d67cc5d7932f1.pdf,032e212608eb5d4555f41c2bd910b67b4addcd397cb89fe551c8a6394fffd3a2,Missed
DC-0121,PAC::Formal::PDFUA-Ref-2-08_BookChapter-M03,PDFUA-Ref-2-08_BookChapter-M03,PDFUA-Ref-2-08_BookChapter,M03,PAC,Formal,evidence/pac/formal/PDFUA-Ref-2-08_BookChapter-M03__2907d533740ae0bea18da032ef36cea8ec48e3bf026dcf8b61439b86b931ed27.pdf,a8fa374c3f9610f7ac96fbb351ffa6fcf1b2c4770a4f1d1471cc970a296d42f8,2907d533740ae0bea18da032ef36cea8ec48e3bf026dcf8b61439b86b931ed27,PAC::Formal::PDFUA-Ref-2-08_BookChapter,evidence\pac\formal\PDFUA-Ref-2-08_BookChapter__2b958600daec79373736f413f2712fcd9c604de2c352cbc1ec9d67cc5d7932f1.pdf,032e212608eb5d4555f41c2bd910b67b4addcd397cb89fe551c8a6394fffd3a2,Detected
DC-0122,PAC::Formal::PDFUA-Ref-2-08_BookChapter-M04,PDFUA-Ref-2-08_BookChapter-M04,PDFUA-Ref-2-08_BookChapter,M04,PAC,Formal,evidence/pac/formal/PDFUA-Ref-2-08_BookChapter-M04__20ac005e0fb4cf3812fefd64b496cf14488a56d493e7c7ee5f5045ce9540c1f5.pdf,4223fc676fccddd82b61f474bf40edadbae9b9e8130a6ce94fb680a5dbfa49b6,20ac005e0fb4cf3812fefd64b496cf14488a56d493e7c7ee5f5045ce9540c1f5,PAC::Formal::PDFUA-Ref-2-08_BookChapter,evidence\pac\formal\PDFUA-Ref-2-08_BookChapter__2b958600daec79373736f413f2712fcd9c604de2c352cbc1ec9d67cc5d7932f1.pdf,032e212608eb5d4555f41c2bd910b67b4addcd397cb89fe551c8a6394fffd3a2,Missed
DC-0123,PAC::Formal::PDFUA-Ref-2-08_BookChapter-M05,PDFUA-Ref-2-08_BookChapter-M05,PDFUA-Ref-2-08_BookChapter,M05,PAC,Formal,evidence/pac/formal/PDFUA-Ref-2-08_BookChapter-M05__db8fd0be417f0b011ca55e313d0bc1bbe4421aec1d8bb27584fa99a9c5d1f7d3.pdf,e93250fccd5f84ff19f304389cd016b0b13b5a54a553091ab6d028859cb5d65e,db8fd0be417f0b011ca55e313d0bc1bbe4421aec1d8bb27584fa99a9c5d1f7d3,PAC::Formal::PDFUA-Ref-2-08_BookChapter,evidence\pac\formal\PDFUA-Ref-2-08_BookChapter__2b958600daec79373736f413f2712fcd9c604de2c352cbc1ec9d67cc5d7932f1.pdf,032e212608eb5d4555f41c2bd910b67b4addcd397cb89fe551c8a6394fffd3a2,Missed
DC-0124,PAC::Formal::PDFUA-Ref-2-08_BookChapter-M06,PDFUA-Ref-2-08_BookChapter-M06,PDFUA-Ref-2-08_BookChapter,M06,PAC,Formal,evidence/pac/formal/PDFUA-Ref-2-08_BookChapter-M06__86091f5caa50e48f16a3a67354122d88c286f8ad8e5a892f22202d5dfe0be414.pdf,c1d461c1874dbd91e920d5918fa213cdfe5e2ffb0d4e2cf93f16cfe3fbb5d7e3,86091f5caa50e48f16a3a67354122d88c286f8ad8e5a892f22202d5dfe0be414,PAC::Formal::PDFUA-Ref-2-08_BookChapter,evidence\pac\formal\PDFUA-Ref-2-08_BookChapter__2b958600daec79373736f413f2712fcd9c604de2c352cbc1ec9d67cc5d7932f1.pdf,032e212608eb5d4555f41c2bd910b67b4addcd397cb89fe551c8a6394fffd3a2,Missed
DC-0125,PAC::Formal::PDFUA-Ref-2-08_BookChapter-M07,PDFUA-Ref-2-08_BookChapter-M07,PDFUA-Ref-2-08_BookChapter,M07,PAC,Formal,evidence/pac/formal/PDFUA-Ref-2-08_BookChapter-M07__8df764ab15f21435fc2283a261e0fa073baef1005f3d740e3991a952285746e8.pdf,6537ea3888165f387d3ac1a03f870dc1d8de2528f76bc6f1b79d689393df2adf,8df764ab15f21435fc2283a261e0fa073baef1005f3d740e3991a952285746e8,PAC::Formal::PDFUA-Ref-2-08_BookChapter,evidence\pac\formal\PDFUA-Ref-2-08_BookChapter__2b958600daec79373736f413f2712fcd9c604de2c352cbc1ec9d67cc5d7932f1.pdf,032e212608eb5d4555f41c2bd910b67b4addcd397cb89fe551c8a6394fffd3a2,Detected
DC-0126,PAC::Formal::PDFUA-Ref-2-08_BookChapter-M08,PDFUA-Ref-2-08_BookChapter-M08,PDFUA-Ref-2-08_BookChapter,M08,PAC,Formal,evidence/pac/formal/PDFUA-Ref-2-08_BookChapter-M08__2c631cd85add3b7883781fb114651993280bb8c9f360361eaf20cb1f3c1ef0c1.pdf,2d34c30be2d9b6f28922efc1d69827001aceaf8f37f2eabe5772de54b5ed5a90,2c631cd85add3b7883781fb114651993280bb8c9f360361eaf20cb1f3c1ef0c1,PAC::Formal::PDFUA-Ref-2-08_BookChapter,evidence\pac\formal\PDFUA-Ref-2-08_BookChapter__2b958600daec79373736f413f2712fcd9c604de2c352cbc1ec9d67cc5d7932f1.pdf,032e212608eb5d4555f41c2bd910b67b4addcd397cb89fe551c8a6394fffd3a2,Detected
DC-0127,PAC::Formal::PDFUA-Ref-2-08_BookChapter-M10,PDFUA-Ref-2-08_BookChapter-M10,PDFUA-Ref-2-08_BookChapter,M10,PAC,Formal,evidence/pac/formal/PDFUA-Ref-2-08_BookChapter-M10__135ebc92b095127190c98164be07186359b69f0908bda83266abdbb34adab269.pdf,e6247b1829f281623d522af3f32ea62a57979fe7718a508d4ec5ddf8c76725b5,135ebc92b095127190c98164be07186359b69f0908bda83266abdbb34adab269,PAC::Formal::PDFUA-Ref-2-08_BookChapter,evidence\pac\formal\PDFUA-Ref-2-08_BookChapter__2b958600daec79373736f413f2712fcd9c604de2c352cbc1ec9d67cc5d7932f1.pdf,032e212608eb5d4555f41c2bd910b67b4addcd397cb89fe551c8a6394fffd3a2,Detected
DC-0128,PAC::Formal::PDFUA-Ref-2-09_Scanned-M01,PDFUA-Ref-2-09_Scanned-M01,PDFUA-Ref-2-09_Scanned,M01,PAC,Formal,evidence/pac/formal/PDFUA-Ref-2-09_Scanned-M01__04ce7bde54a9e481e0da7d5bf8a4e7fc98467f2bdbc3803291d166e219df9dc0.pdf,cb10b977a13ab1e1bfba3167ef033e5e9f21d93eb0c8336b6adcd5dc78ffbecb,04ce7bde54a9e481e0da7d5bf8a4e7fc98467f2bdbc3803291d166e219df9dc0,PAC::Formal::PDFUA-Ref-2-09_Scanned,evidence\pac\formal\PDFUA-Ref-2-09_Scanned__bb46d5c723fe1427dd1bf92ccd8653f9a5cef4054f7d878168b99477fa3792ae.pdf,673df5083f88b4c5f366c278da3578e0a34bbe41a0393a8650aaf6065f764236,Missed
DC-0129,PAC::Formal::PDFUA-Ref-2-09_Scanned-M02,PDFUA-Ref-2-09_Scanned-M02,PDFUA-Ref-2-09_Scanned,M02,PAC,Formal,evidence/pac/formal/PDFUA-Ref-2-09_Scanned-M02__f45a0b6356c4f2435d8bd75482c8ff0c17fc8f072b81169e342bff4376b04946.pdf,eeeae139d95ad1daacdbde98a1b6517b64d1f80a94cfd51fd0348cad19b01bb7,f45a0b6356c4f2435d8bd75482c8ff0c17fc8f072b81169e342bff4376b04946,PAC::Formal::PDFUA-Ref-2-09_Scanned,evidence\pac\formal\PDFUA-Ref-2-09_Scanned__bb46d5c723fe1427dd1bf92ccd8653f9a5cef4054f7d878168b99477fa3792ae.pdf,673df5083f88b4c5f366c278da3578e0a34bbe41a0393a8650aaf6065f764236,Missed
DC-0130,PAC::Formal::PDFUA-Ref-2-09_Scanned-M03,PDFUA-Ref-2-09_Scanned-M03,PDFUA-Ref-2-09_Scanned,M03,PAC,Formal,evidence/pac/formal/PDFUA-Ref-2-09_Scanned-M03__b86a34d9c3d9be9e5022027a4856df45a5ab30b42b4cc04791130c0229119f7b.pdf,5ba9578f1e51e173510b891cc99885f3c54435ee14247b5f5d7341dbe5cd6be2,b86a34d9c3d9be9e5022027a4856df45a5ab30b42b4cc04791130c0229119f7b,PAC::Formal::PDFUA-Ref-2-09_Scanned,evidence\pac\formal\PDFUA-Ref-2-09_Scanned__bb46d5c723fe1427dd1bf92ccd8653f9a5cef4054f7d878168b99477fa3792ae.pdf,673df5083f88b4c5f366c278da3578e0a34bbe41a0393a8650aaf6065f764236,Detected
DC-0131,PAC::Formal::PDFUA-Ref-2-09_Scanned-M04,PDFUA-Ref-2-09_Scanned-M04,PDFUA-Ref-2-09_Scanned,M04,PAC,Formal,evidence/pac/formal/PDFUA-Ref-2-09_Scanned-M04__494532eaa86c5136f8de492a0bf4f227d91b90aabc6d7eed62506f2e1838ef28.pdf,738086f02f11058e85a5badc87031a7e7eaa9c41297cdc1d941d56bbe3b5724e,494532eaa86c5136f8de492a0bf4f227d91b90aabc6d7eed62506f2e1838ef28,PAC::Formal::PDFUA-Ref-2-09_Scanned,evidence\pac\formal\PDFUA-Ref-2-09_Scanned__bb46d5c723fe1427dd1bf92ccd8653f9a5cef4054f7d878168b99477fa3792ae.pdf,673df5083f88b4c5f366c278da3578e0a34bbe41a0393a8650aaf6065f764236,Missed
DC-0132,PAC::Formal::PDFUA-Ref-2-09_Scanned-M05,PDFUA-Ref-2-09_Scanned-M05,PDFUA-Ref-2-09_Scanned,M05,PAC,Formal,evidence/pac/formal/PDFUA-Ref-2-09_Scanned-M05__6bbc4a32f5cfa0ae69e6f77ec68a66988bc5644b1e60e34278181c151d71b932.pdf,d0931721d9f0b15ed88f639d980345740eb8e76540db3f2f84578f078585142b,6bbc4a32f5cfa0ae69e6f77ec68a66988bc5644b1e60e34278181c151d71b932,PAC::Formal::PDFUA-Ref-2-09_Scanned,evidence\pac\formal\PDFUA-Ref-2-09_Scanned__bb46d5c723fe1427dd1bf92ccd8653f9a5cef4054f7d878168b99477fa3792ae.pdf,673df5083f88b4c5f366c278da3578e0a34bbe41a0393a8650aaf6065f764236,Missed
DC-0133,PAC::Formal::PDFUA-Ref-2-09_Scanned-M06,PDFUA-Ref-2-09_Scanned-M06,PDFUA-Ref-2-09_Scanned,M06,PAC,Formal,evidence/pac/formal/PDFUA-Ref-2-09_Scanned-M06__637c71a7db4ce2fccd3d34ad662d600b62ef46c275c3ca370c2d17a97980c9fa.pdf,863c6029ad6d77f6e54fbcf14817b1cae994e3730f57535921e84f6842eeb97a,637c71a7db4ce2fccd3d34ad662d600b62ef46c275c3ca370c2d17a97980c9fa,PAC::Formal::PDFUA-Ref-2-09_Scanned,evidence\pac\formal\PDFUA-Ref-2-09_Scanned__bb46d5c723fe1427dd1bf92ccd8653f9a5cef4054f7d878168b99477fa3792ae.pdf,673df5083f88b4c5f366c278da3578e0a34bbe41a0393a8650aaf6065f764236,Missed
DC-0134,PAC::Formal::PDFUA-Ref-2-09_Scanned-M07,PDFUA-Ref-2-09_Scanned-M07,PDFUA-Ref-2-09_Scanned,M07,PAC,Formal,evidence/pac/formal/PDFUA-Ref-2-09_Scanned-M07__c16652da4ab2f15701bf4b12fb0790c269bea5fadbfd0443c1e5db51c51d2c3a.pdf,470169c932afc789f3a9ee0b237aabaca17e02e79a3e5f0166a7ef46bd865478,c16652da4ab2f15701bf4b12fb0790c269bea5fadbfd0443c1e5db51c51d2c3a,PAC::Formal::PDFUA-Ref-2-09_Scanned,evidence\pac\formal\PDFUA-Ref-2-09_Scanned__bb46d5c723fe1427dd1bf92ccd8653f9a5cef4054f7d878168b99477fa3792ae.pdf,673df5083f88b4c5f366c278da3578e0a34bbe41a0393a8650aaf6065f764236,Detected
DC-0135,PAC::Formal::PDFUA-Ref-2-09_Scanned-M10,PDFUA-Ref-2-09_Scanned-M10,PDFUA-Ref-2-09_Scanned,M10,PAC,Formal,evidence/pac/formal/PDFUA-Ref-2-09_Scanned-M10__c5f2c1706faf55b963f7ae539710aa419a530967f41fcbc495d5fbc6708927e8.pdf,e3cf9cc48417dabde743d4bc1fb83fbc810633e1aebf40f515e9355dd29d3393,c5f2c1706faf55b963f7ae539710aa419a530967f41fcbc495d5fbc6708927e8,PAC::Formal::PDFUA-Ref-2-09_Scanned,evidence\pac\formal\PDFUA-Ref-2-09_Scanned__bb46d5c723fe1427dd1bf92ccd8653f9a5cef4054f7d878168b99477fa3792ae.pdf,673df5083f88b4c5f366c278da3578e0a34bbe41a0393a8650aaf6065f764236,Detected
DC-0136,PAC::Formal::PDFUA-Ref-2-10_Form-M01,PDFUA-Ref-2-10_Form-M01,PDFUA-Ref-2-10_Form,M01,PAC,Formal,evidence/pac/formal/PDFUA-Ref-2-10_Form-M01__3f4549f2b3c4a7e8ec2859096f3bc42513bf0df4cad6c5ee1f324835425bfece.pdf,dc6f05043b7ae1cd365d698f0538e6cc991a13d833fb61737c765275cbad6d9d,3f4549f2b3c4a7e8ec2859096f3bc42513bf0df4cad6c5ee1f324835425bfece,PAC::Formal::PDFUA-Ref-2-10_Form,evidence\pac\formal\PDFUA-Ref-2-10_Form__06d5cacd7c5ba9573a57c6d99d3f357ee14a24cff0c138036840fc44c6311806.pdf,8c4839cc3b305aad108a4f7a9128324f6da60885e850612d72a517dabaf013ce,Missed
DC-0137,PAC::Formal::PDFUA-Ref-2-10_Form-M02,PDFUA-Ref-2-10_Form-M02,PDFUA-Ref-2-10_Form,M02,PAC,Formal,evidence/pac/formal/PDFUA-Ref-2-10_Form-M02__85550ea9d4a77f73600cbc328ea4c1edf6916e032e2f5c79bf30e97f3db2d478.pdf,95405cb1821583036acde4fe2b690080b570c76555808eb43d546af10d685a90,85550ea9d4a77f73600cbc328ea4c1edf6916e032e2f5c79bf30e97f3db2d478,PAC::Formal::PDFUA-Ref-2-10_Form,evidence\pac\formal\PDFUA-Ref-2-10_Form__06d5cacd7c5ba9573a57c6d99d3f357ee14a24cff0c138036840fc44c6311806.pdf,8c4839cc3b305aad108a4f7a9128324f6da60885e850612d72a517dabaf013ce,Missed
DC-0138,PAC::Formal::PDFUA-Ref-2-10_Form-M08,PDFUA-Ref-2-10_Form-M08,PDFUA-Ref-2-10_Form,M08,PAC,Formal,evidence/pac/formal/PDFUA-Ref-2-10_Form-M08__53befb723e3cca79d246644678be0a3a09dae65ff4e514fc56d3fa404cd4ff8a.pdf,f85b88580429d4f33e08c2aede97e3a7b5f057361e199a4e1ff2d596e4d3e2b7,53befb723e3cca79d246644678be0a3a09dae65ff4e514fc56d3fa404cd4ff8a,PAC::Formal::PDFUA-Ref-2-10_Form,evidence\pac\formal\PDFUA-Ref-2-10_Form__06d5cacd7c5ba9573a57c6d99d3f357ee14a24cff0c138036840fc44c6311806.pdf,8c4839cc3b305aad108a4f7a9128324f6da60885e850612d72a517dabaf013ce,Detected
DC-0139,veraPDF::PDF/UA-1 ua1::PDFUA-Ref-2-01_Magazine-danish-M01,PDFUA-Ref-2-01_Magazine-danish-M01,PDFUA-Ref-2-01_Magazine-danish,M01,veraPDF,PDF/UA-1 ua1,evidence/verapdf/PDFUA-Ref-2-01_Magazine-danish-M01__a52e75193364438a1701f76c986fc047ee3e3b98dd691ec662d2c1d380c5d2df.json,decd37f29b4fa58437fff627a4b82dec4387283f4cafdec2c68a221922beaabc,a52e75193364438a1701f76c986fc047ee3e3b98dd691ec662d2c1d380c5d2df,veraPDF::PDF/UA-1 ua1::PDFUA-Ref-2-01_Magazine-danish,evidence\verapdf\PDFUA-Ref-2-01_Magazine-danish__aef89af13c9c94fc4f4e1a8c5872450cc4c8fff7de544d8ada6a0912425aa434.json,63b3fc83813aea48462af9c7fc137555c70f82eec55316b383b4505089565dc3,Missed
DC-0140,veraPDF::PDF/UA-1 ua1::PDFUA-Ref-2-01_Magazine-danish-M02,PDFUA-Ref-2-01_Magazine-danish-M02,PDFUA-Ref-2-01_Magazine-danish,M02,veraPDF,PDF/UA-1 ua1,evidence/verapdf/PDFUA-Ref-2-01_Magazine-danish-M02__e8df97191d286d7b52b625d3664034a14374aac4965a0bdd2aa6af57f9876c5f.json,8d56998267d9bff35b2b95769ac2c760507b901bef385a0567a9ad3acf1df3f4,e8df97191d286d7b52b625d3664034a14374aac4965a0bdd2aa6af57f9876c5f,veraPDF::PDF/UA-1 ua1::PDFUA-Ref-2-01_Magazine-danish,evidence\verapdf\PDFUA-Ref-2-01_Magazine-danish__aef89af13c9c94fc4f4e1a8c5872450cc4c8fff7de544d8ada6a0912425aa434.json,63b3fc83813aea48462af9c7fc137555c70f82eec55316b383b4505089565dc3,Missed
DC-0141,veraPDF::PDF/UA-1 ua1::PDFUA-Ref-2-01_Magazine-danish-M03,PDFUA-Ref-2-01_Magazine-danish-M03,PDFUA-Ref-2-01_Magazine-danish,M03,veraPDF,PDF/UA-1 ua1,evidence/verapdf/PDFUA-Ref-2-01_Magazine-danish-M03__f7b9e14f0320211e69643205e92b5c0719008a512cbb0b572b00d5362d011bfb.json,95465604eefbb33d812407c798c8fe889ca4bc56afc33704cbf8789c698ce5f3,f7b9e14f0320211e69643205e92b5c0719008a512cbb0b572b00d5362d011bfb,veraPDF::PDF/UA-1 ua1::PDFUA-Ref-2-01_Magazine-danish,evidence\verapdf\PDFUA-Ref-2-01_Magazine-danish__aef89af13c9c94fc4f4e1a8c5872450cc4c8fff7de544d8ada6a0912425aa434.json,63b3fc83813aea48462af9c7fc137555c70f82eec55316b383b4505089565dc3,Detected
DC-0142,veraPDF::PDF/UA-1 ua1::PDFUA-Ref-2-01_Magazine-danish-M04,PDFUA-Ref-2-01_Magazine-danish-M04,PDFUA-Ref-2-01_Magazine-danish,M04,veraPDF,PDF/UA-1 ua1,evidence/verapdf/PDFUA-Ref-2-01_Magazine-danish-M04__eb79fabe18daacdee5408ca7bc5a7968f8113c1721ff80830870d5680a639c82.json,3584356a160feeee8650df7074b8c8d37ca1d821d5a513fa7718c853d055090b,eb79fabe18daacdee5408ca7bc5a7968f8113c1721ff80830870d5680a639c82,veraPDF::PDF/UA-1 ua1::PDFUA-Ref-2-01_Magazine-danish,evidence\verapdf\PDFUA-Ref-2-01_Magazine-danish__aef89af13c9c94fc4f4e1a8c5872450cc4c8fff7de544d8ada6a0912425aa434.json,63b3fc83813aea48462af9c7fc137555c70f82eec55316b383b4505089565dc3,Missed
DC-0143,veraPDF::PDF/UA-1 ua1::PDFUA-Ref-2-01_Magazine-danish-M05,PDFUA-Ref-2-01_Magazine-danish-M05,PDFUA-Ref-2-01_Magazine-danish,M05,veraPDF,PDF/UA-1 ua1,evidence/verapdf/PDFUA-Ref-2-01_Magazine-danish-M05__5b5f3a85909983e4b44ba0babf92c7e9704757387a94804ef792ca3d3918bb6f.json,fa782439164f2107e387d7b6cd1dfa8fe884419aa30722a324fe78e8b5d0253e,5b5f3a85909983e4b44ba0babf92c7e9704757387a94804ef792ca3d3918bb6f,veraPDF::PDF/UA-1 ua1::PDFUA-Ref-2-01_Magazine-danish,evidence\verapdf\PDFUA-Ref-2-01_Magazine-danish__aef89af13c9c94fc4f4e1a8c5872450cc4c8fff7de544d8ada6a0912425aa434.json,63b3fc83813aea48462af9c7fc137555c70f82eec55316b383b4505089565dc3,Missed
DC-0144,veraPDF::PDF/UA-1 ua1::PDFUA-Ref-2-01_Magazine-danish-M06,PDFUA-Ref-2-01_Magazine-danish-M06,PDFUA-Ref-2-01_Magazine-danish,M06,veraPDF,PDF/UA-1 ua1,evidence/verapdf/PDFUA-Ref-2-01_Magazine-danish-M06__4774ad31d5381502e81bc0e30ee6a92559c51bf4bd3772adcc50b3ca1d671d81.json,50359b3756b92ad0cb44f28e67518f0a3499011c38360405bca01a6690a5b519,4774ad31d5381502e81bc0e30ee6a92559c51bf4bd3772adcc50b3ca1d671d81,veraPDF::PDF/UA-1 ua1::PDFUA-Ref-2-01_Magazine-danish,evidence\verapdf\PDFUA-Ref-2-01_Magazine-danish__aef89af13c9c94fc4f4e1a8c5872450cc4c8fff7de544d8ada6a0912425aa434.json,63b3fc83813aea48462af9c7fc137555c70f82eec55316b383b4505089565dc3,Missed
DC-0145,veraPDF::PDF/UA-1 ua1::PDFUA-Ref-2-01_Magazine-danish-M07,PDFUA-Ref-2-01_Magazine-danish-M07,PDFUA-Ref-2-01_Magazine-danish,M07,veraPDF,PDF/UA-1 ua1,evidence/verapdf/PDFUA-Ref-2-01_Magazine-danish-M07__a45021dfa3ce09f803eac101d0d5bffcd1326662a9a71c028bbd51cbe01a595f.json,7dc9719085a105e0a19f75cff5491d104b93593a0a71eab49646112f96ff788e,a45021dfa3ce09f803eac101d0d5bffcd1326662a9a71c028bbd51cbe01a595f,veraPDF::PDF/UA-1 ua1::PDFUA-Ref-2-01_Magazine-danish,evidence\verapdf\PDFUA-Ref-2-01_Magazine-danish__aef89af13c9c94fc4f4e1a8c5872450cc4c8fff7de544d8ada6a0912425aa434.json,63b3fc83813aea48462af9c7fc137555c70f82eec55316b383b4505089565dc3,Detected
DC-0146,veraPDF::PDF/UA-1 ua1::PDFUA-Ref-2-01_Magazine-danish-M08,PDFUA-Ref-2-01_Magazine-danish-M08,PDFUA-Ref-2-01_Magazine-danish,M08,veraPDF,PDF/UA-1 ua1,evidence/verapdf/PDFUA-Ref-2-01_Magazine-danish-M08__798d1807493ecbed375ba1a175bb6d19f6d51dfe508c6df88df7ec3f8e1d6061.json,3ca00190cd7e2a8c7d49635e69e9866901fb0d9a492f4ddab64929b8d8bf8eed,798d1807493ecbed375ba1a175bb6d19f6d51dfe508c6df88df7ec3f8e1d6061,veraPDF::PDF/UA-1 ua1::PDFUA-Ref-2-01_Magazine-danish,evidence\verapdf\PDFUA-Ref-2-01_Magazine-danish__aef89af13c9c94fc4f4e1a8c5872450cc4c8fff7de544d8ada6a0912425aa434.json,63b3fc83813aea48462af9c7fc137555c70f82eec55316b383b4505089565dc3,Detected
DC-0147,veraPDF::PDF/UA-1 ua1::PDFUA-Ref-2-01_Magazine-danish-M09,PDFUA-Ref-2-01_Magazine-danish-M09,PDFUA-Ref-2-01_Magazine-danish,M09,veraPDF,PDF/UA-1 ua1,evidence/verapdf/PDFUA-Ref-2-01_Magazine-danish-M09__3ef299495b93ea1d1fd50ba38ec265412abb6e1d7e147918d50ec9afcc36662b.json,8fedb19c02cdcef64dda58b30ddcb90536a0eb04ef8d54a80c2f59dc60b7f76f,3ef299495b93ea1d1fd50ba38ec265412abb6e1d7e147918d50ec9afcc36662b,veraPDF::PDF/UA-1 ua1::PDFUA-Ref-2-01_Magazine-danish,evidence\verapdf\PDFUA-Ref-2-01_Magazine-danish__aef89af13c9c94fc4f4e1a8c5872450cc4c8fff7de544d8ada6a0912425aa434.json,63b3fc83813aea48462af9c7fc137555c70f82eec55316b383b4505089565dc3,Detected
DC-0148,veraPDF::PDF/UA-1 ua1::PDFUA-Ref-2-02_Invoice-M02,PDFUA-Ref-2-02_Invoice-M02,PDFUA-Ref-2-02_Invoice,M02,veraPDF,PDF/UA-1 ua1,evidence/verapdf/PDFUA-Ref-2-02_Invoice-M02__462607fdecfb53a1cfdf57d060f6f2ef467370ae7d39213b258398a1777120fd.json,16d29ace21ba5e41514b3dd03c33e120d9d5474f3df0dc22d74d60e5606b8c4f,462607fdecfb53a1cfdf57d060f6f2ef467370ae7d39213b258398a1777120fd,veraPDF::PDF/UA-1 ua1::PDFUA-Ref-2-02_Invoice,evidence\verapdf\PDFUA-Ref-2-02_Invoice__fbae08464f192f532205833215505b78266e86df6283d9b0c439cb06927ce0b9.json,97498a11ef3a55305b8b9f57f1fa85d4f52968f725319a27c1e87ecef3da4ef3,Missed
DC-0149,veraPDF::PDF/UA-1 ua1::PDFUA-Ref-2-02_Invoice-M03,PDFUA-Ref-2-02_Invoice-M03,PDFUA-Ref-2-02_Invoice,M03,veraPDF,PDF/UA-1 ua1,evidence/verapdf/PDFUA-Ref-2-02_Invoice-M03__7887ebfcc438c907ca1981ad33769f3ebee0831b86c8f18ba672a682e45e0323.json,db8d4f2e2c17f3a086f2febe5f62db6340dfded8fa47bdbb0c56544ed9045534,7887ebfcc438c907ca1981ad33769f3ebee0831b86c8f18ba672a682e45e0323,veraPDF::PDF/UA-1 ua1::PDFUA-Ref-2-02_Invoice,evidence\verapdf\PDFUA-Ref-2-02_Invoice__fbae08464f192f532205833215505b78266e86df6283d9b0c439cb06927ce0b9.json,97498a11ef3a55305b8b9f57f1fa85d4f52968f725319a27c1e87ecef3da4ef3,Detected
DC-0150,veraPDF::PDF/UA-1 ua1::PDFUA-Ref-2-02_Invoice-M04,PDFUA-Ref-2-02_Invoice-M04,PDFUA-Ref-2-02_Invoice,M04,veraPDF,PDF/UA-1 ua1,evidence/verapdf/PDFUA-Ref-2-02_Invoice-M04__c831396c411f0e67e1fa9eea43cf7e8f741b9f99c69cbdd9f0ce3c17dcab2514.json,c5ecc1e217f846ea3d569ddaa622a3600f31189772bca48e173c911576cff122,c831396c411f0e67e1fa9eea43cf7e8f741b9f99c69cbdd9f0ce3c17dcab2514,veraPDF::PDF/UA-1 ua1::PDFUA-Ref-2-02_Invoice,evidence\verapdf\PDFUA-Ref-2-02_Invoice__fbae08464f192f532205833215505b78266e86df6283d9b0c439cb06927ce0b9.json,97498a11ef3a55305b8b9f57f1fa85d4f52968f725319a27c1e87ecef3da4ef3,Missed
DC-0151,veraPDF::PDF/UA-1 ua1::PDFUA-Ref-2-02_Invoice-M07,PDFUA-Ref-2-02_Invoice-M07,PDFUA-Ref-2-02_Invoice,M07,veraPDF,PDF/UA-1 ua1,evidence/verapdf/PDFUA-Ref-2-02_Invoice-M07__14e04ae7cadc509f5b6479aff17be9cf6d79e68524801d8aa9a27e49ea348506.json,4b5d21781082dc9c1ac0ce53a9008f4cfdc7deb2e6f1f6ac6b9ec8db1a728c88,14e04ae7cadc509f5b6479aff17be9cf6d79e68524801d8aa9a27e49ea348506,veraPDF::PDF/UA-1 ua1::PDFUA-Ref-2-02_Invoice,evidence\verapdf\PDFUA-Ref-2-02_Invoice__fbae08464f192f532205833215505b78266e86df6283d9b0c439cb06927ce0b9.json,97498a11ef3a55305b8b9f57f1fa85d4f52968f725319a27c1e87ecef3da4ef3,Detected
DC-0152,veraPDF::PDF/UA-1 ua1::PDFUA-Ref-2-02_Invoice-M08,PDFUA-Ref-2-02_Invoice-M08,PDFUA-Ref-2-02_Invoice,M08,veraPDF,PDF/UA-1 ua1,evidence/verapdf/PDFUA-Ref-2-02_Invoice-M08__4fa45b60c80cb404e90b60c4eb2e273acfc22555afdab15b8b1684d09b4f33df.json,fa2ac5ea5e975fad45294ac784443d6c1f7af972e6cb0617a2e7f0b9a4de9726,4fa45b60c80cb404e90b60c4eb2e273acfc22555afdab15b8b1684d09b4f33df,veraPDF::PDF/UA-1 ua1::PDFUA-Ref-2-02_Invoice,evidence\verapdf\PDFUA-Ref-2-02_Invoice__fbae08464f192f532205833215505b78266e86df6283d9b0c439cb06927ce0b9.json,97498a11ef3a55305b8b9f57f1fa85d4f52968f725319a27c1e87ecef3da4ef3,Detected
DC-0153,veraPDF::PDF/UA-1 ua1::PDFUA-Ref-2-02_Invoice-M10,PDFUA-Ref-2-02_Invoice-M10,PDFUA-Ref-2-02_Invoice,M10,veraPDF,PDF/UA-1 ua1,evidence/verapdf/PDFUA-Ref-2-02_Invoice-M10__a4e6177f2fba056f3364f7ac88c2907effa97ee177584a1c46c4aeeca5f31c48.json,54e5fb9ce4c0917fbb07cd4f0a72283d2f4e8c3f79f42e1fb4250f480762093b,a4e6177f2fba056f3364f7ac88c2907effa97ee177584a1c46c4aeeca5f31c48,veraPDF::PDF/UA-1 ua1::PDFUA-Ref-2-02_Invoice,evidence\verapdf\PDFUA-Ref-2-02_Invoice__fbae08464f192f532205833215505b78266e86df6283d9b0c439cb06927ce0b9.json,97498a11ef3a55305b8b9f57f1fa85d4f52968f725319a27c1e87ecef3da4ef3,Detected
DC-0154,veraPDF::PDF/UA-1 ua1::PDFUA-Ref-2-03_AcademicAbstract-M01,PDFUA-Ref-2-03_AcademicAbstract-M01,PDFUA-Ref-2-03_AcademicAbstract,M01,veraPDF,PDF/UA-1 ua1,evidence/verapdf/PDFUA-Ref-2-03_AcademicAbstract-M01__3e2fe0a15cd8758f335e91aef7bb50a2b45f2e003448723f106d803a55ce788f.json,45ae8e5018ad751c297f0dcead9959d6d66339ba04f22db3a669da3b8017c949,3e2fe0a15cd8758f335e91aef7bb50a2b45f2e003448723f106d803a55ce788f,veraPDF::PDF/UA-1 ua1::PDFUA-Ref-2-03_AcademicAbstract,evidence\verapdf\PDFUA-Ref-2-03_AcademicAbstract__e61257d371261867926eb006f8895569a95fcfbcb93fca3be04b8b9187cb93a0.json,c9aa0d92d35718324aa348010ba72827d480012352baba3a9735c90b53fcf79f,Missed
DC-0155,veraPDF::PDF/UA-1 ua1::PDFUA-Ref-2-03_AcademicAbstract-M02,PDFUA-Ref-2-03_AcademicAbstract-M02,PDFUA-Ref-2-03_AcademicAbstract,M02,veraPDF,PDF/UA-1 ua1,evidence/verapdf/PDFUA-Ref-2-03_AcademicAbstract-M02__16aed0e5075a817106227b70904ceee8d8c2f771c2a83fc933e07e4a561ba5f1.json,5030e5782f112f84288e1ae1d92e8ad11b19efa47029dbf4133a5c252c9fb47f,16aed0e5075a817106227b70904ceee8d8c2f771c2a83fc933e07e4a561ba5f1,veraPDF::PDF/UA-1 ua1::PDFUA-Ref-2-03_AcademicAbstract,evidence\verapdf\PDFUA-Ref-2-03_AcademicAbstract__e61257d371261867926eb006f8895569a95fcfbcb93fca3be04b8b9187cb93a0.json,c9aa0d92d35718324aa348010ba72827d480012352baba3a9735c90b53fcf79f,Missed
DC-0156,veraPDF::PDF/UA-1 ua1::PDFUA-Ref-2-03_AcademicAbstract-M03,PDFUA-Ref-2-03_AcademicAbstract-M03,PDFUA-Ref-2-03_AcademicAbstract,M03,veraPDF,PDF/UA-1 ua1,evidence/verapdf/PDFUA-Ref-2-03_AcademicAbstract-M03__fcc8533b325c9a1a1675c46ec0856649fa02feea531e4aba4492a12a41e1a571.json,d42d40790a6f631d2ab2a7fd25f03f3b9c448884c37f3fc31ef11ae02de7e6c8,fcc8533b325c9a1a1675c46ec0856649fa02feea531e4aba4492a12a41e1a571,veraPDF::PDF/UA-1 ua1::PDFUA-Ref-2-03_AcademicAbstract,evidence\verapdf\PDFUA-Ref-2-03_AcademicAbstract__e61257d371261867926eb006f8895569a95fcfbcb93fca3be04b8b9187cb93a0.json,c9aa0d92d35718324aa348010ba72827d480012352baba3a9735c90b53fcf79f,Detected
DC-0157,veraPDF::PDF/UA-1 ua1::PDFUA-Ref-2-03_AcademicAbstract-M04,PDFUA-Ref-2-03_AcademicAbstract-M04,PDFUA-Ref-2-03_AcademicAbstract,M04,veraPDF,PDF/UA-1 ua1,evidence/verapdf/PDFUA-Ref-2-03_AcademicAbstract-M04__aa1b231accabf87602fa064972332501785b16ce8de42ade4ccb57463f5281ec.json,98a39c8c7cf543e03ea391ca040813f637e96bbf59cabd5e0ca89f2d07301718,aa1b231accabf87602fa064972332501785b16ce8de42ade4ccb57463f5281ec,veraPDF::PDF/UA-1 ua1::PDFUA-Ref-2-03_AcademicAbstract,evidence\verapdf\PDFUA-Ref-2-03_AcademicAbstract__e61257d371261867926eb006f8895569a95fcfbcb93fca3be04b8b9187cb93a0.json,c9aa0d92d35718324aa348010ba72827d480012352baba3a9735c90b53fcf79f,Missed
DC-0158,veraPDF::PDF/UA-1 ua1::PDFUA-Ref-2-03_AcademicAbstract-M05,PDFUA-Ref-2-03_AcademicAbstract-M05,PDFUA-Ref-2-03_AcademicAbstract,M05,veraPDF,PDF/UA-1 ua1,evidence/verapdf/PDFUA-Ref-2-03_AcademicAbstract-M05__ee82308195b4488f8c6e01bc8e4ba469df760c122c766ff84fc3425302d6f528.json,789254eb6485b1555f0965cd1b6aa51629304da58ea18539c3fd9e0ab43cd482,ee82308195b4488f8c6e01bc8e4ba469df760c122c766ff84fc3425302d6f528,veraPDF::PDF/UA-1 ua1::PDFUA-Ref-2-03_AcademicAbstract,evidence\verapdf\PDFUA-Ref-2-03_AcademicAbstract__e61257d371261867926eb006f8895569a95fcfbcb93fca3be04b8b9187cb93a0.json,c9aa0d92d35718324aa348010ba72827d480012352baba3a9735c90b53fcf79f,Missed
DC-0159,veraPDF::PDF/UA-1 ua1::PDFUA-Ref-2-03_AcademicAbstract-M06,PDFUA-Ref-2-03_AcademicAbstract-M06,PDFUA-Ref-2-03_AcademicAbstract,M06,veraPDF,PDF/UA-1 ua1,evidence/verapdf/PDFUA-Ref-2-03_AcademicAbstract-M06__ca37553b2d45198cd26b168a6c9eb41f248cd4f9179118b991fc47917a443afb.json,0720112b58256b51d875bee5e8e435c59feeb21b74893e32a5e528445f93b7b3,ca37553b2d45198cd26b168a6c9eb41f248cd4f9179118b991fc47917a443afb,veraPDF::PDF/UA-1 ua1::PDFUA-Ref-2-03_AcademicAbstract,evidence\verapdf\PDFUA-Ref-2-03_AcademicAbstract__e61257d371261867926eb006f8895569a95fcfbcb93fca3be04b8b9187cb93a0.json,c9aa0d92d35718324aa348010ba72827d480012352baba3a9735c90b53fcf79f,Missed
DC-0160,veraPDF::PDF/UA-1 ua1::PDFUA-Ref-2-03_AcademicAbstract-M08,PDFUA-Ref-2-03_AcademicAbstract-M08,PDFUA-Ref-2-03_AcademicAbstract,M08,veraPDF,PDF/UA-1 ua1,evidence/verapdf/PDFUA-Ref-2-03_AcademicAbstract-M08__381ec9f9fe1f7ef256d3f2ed7e5e405bb9802b17bb64d762f572bc6d313af091.json,0947e3a1e9226ee4b99f36f602c2f55104c05704a25e9909b7a88adcd386eee8,381ec9f9fe1f7ef256d3f2ed7e5e405bb9802b17bb64d762f572bc6d313af091,veraPDF::PDF/UA-1 ua1::PDFUA-Ref-2-03_AcademicAbstract,evidence\verapdf\PDFUA-Ref-2-03_AcademicAbstract__e61257d371261867926eb006f8895569a95fcfbcb93fca3be04b8b9187cb93a0.json,c9aa0d92d35718324aa348010ba72827d480012352baba3a9735c90b53fcf79f,Detected
DC-0161,veraPDF::PDF/UA-1 ua1::PDFUA-Ref-2-04_Presentation-M01,PDFUA-Ref-2-04_Presentation-M01,PDFUA-Ref-2-04_Presentation,M01,veraPDF,PDF/UA-1 ua1,evidence/verapdf/PDFUA-Ref-2-04_Presentation-M01__1e4ccf771ae704a24d184020cdac9bd43d0a9bdb6ab88e04b7893d040d642c9c.json,64e6e0f66371d14afa1ad421f5962f09043ad60562dbb36c99103b24602b164c,1e4ccf771ae704a24d184020cdac9bd43d0a9bdb6ab88e04b7893d040d642c9c,veraPDF::PDF/UA-1 ua1::PDFUA-Ref-2-04_Presentation,evidence\verapdf\PDFUA-Ref-2-04_Presentation__90acb829ca8bfa037796592539d15010e9099d1cd2622aac1fce7d9fd3ae7575.json,b2dde1a9da8957051df06c42e0fdae04dd26d78abe62c49fb1b086092c534532,Missed
DC-0162,veraPDF::PDF/UA-1 ua1::PDFUA-Ref-2-04_Presentation-M02,PDFUA-Ref-2-04_Presentation-M02,PDFUA-Ref-2-04_Presentation,M02,veraPDF,PDF/UA-1 ua1,evidence/verapdf/PDFUA-Ref-2-04_Presentation-M02__e85501fb90d221c574cae80f0cab8f7db33b2a21c9b89e7f2de4167b4dd87880.json,8ea3d0f6d06cc87cb6ddcf3350d661ee37fa0fd13a6af2b1d41ae754e57c02b2,e85501fb90d221c574cae80f0cab8f7db33b2a21c9b89e7f2de4167b4dd87880,veraPDF::PDF/UA-1 ua1::PDFUA-Ref-2-04_Presentation,evidence\verapdf\PDFUA-Ref-2-04_Presentation__90acb829ca8bfa037796592539d15010e9099d1cd2622aac1fce7d9fd3ae7575.json,b2dde1a9da8957051df06c42e0fdae04dd26d78abe62c49fb1b086092c534532,Missed
DC-0163,veraPDF::PDF/UA-1 ua1::PDFUA-Ref-2-04_Presentation-M03,PDFUA-Ref-2-04_Presentation-M03,PDFUA-Ref-2-04_Presentation,M03,veraPDF,PDF/UA-1 ua1,evidence/verapdf/PDFUA-Ref-2-04_Presentation-M03__23612f2c7708412a2bcfc9ba1023d8712c0db74be6f6752d7b04bb54b23913b7.json,9cf7538bc99cb4737067497f64842e3d49a54109c1c78e4b2a5e8307524c422f,23612f2c7708412a2bcfc9ba1023d8712c0db74be6f6752d7b04bb54b23913b7,veraPDF::PDF/UA-1 ua1::PDFUA-Ref-2-04_Presentation,evidence\verapdf\PDFUA-Ref-2-04_Presentation__90acb829ca8bfa037796592539d15010e9099d1cd2622aac1fce7d9fd3ae7575.json,b2dde1a9da8957051df06c42e0fdae04dd26d78abe62c49fb1b086092c534532,Detected
DC-0164,veraPDF::PDF/UA-1 ua1::PDFUA-Ref-2-04_Presentation-M04,PDFUA-Ref-2-04_Presentation-M04,PDFUA-Ref-2-04_Presentation,M04,veraPDF,PDF/UA-1 ua1,evidence/verapdf/PDFUA-Ref-2-04_Presentation-M04__d54e7cdfa78b6be17e9234803de1e88ece27cba0282e244b0f0abfdd992487cd.json,e8239c1d52406d1170fa2c2f2beb29c544986ba477aacc6afe15e4de37a65863,d54e7cdfa78b6be17e9234803de1e88ece27cba0282e244b0f0abfdd992487cd,veraPDF::PDF/UA-1 ua1::PDFUA-Ref-2-04_Presentation,evidence\verapdf\PDFUA-Ref-2-04_Presentation__90acb829ca8bfa037796592539d15010e9099d1cd2622aac1fce7d9fd3ae7575.json,b2dde1a9da8957051df06c42e0fdae04dd26d78abe62c49fb1b086092c534532,Missed
DC-0165,veraPDF::PDF/UA-1 ua1::PDFUA-Ref-2-04_Presentation-M05,PDFUA-Ref-2-04_Presentation-M05,PDFUA-Ref-2-04_Presentation,M05,veraPDF,PDF/UA-1 ua1,evidence/verapdf/PDFUA-Ref-2-04_Presentation-M05__5d72a6c172200b5c5bf50850d45e535a9ed8454edfec1b2714a6c72159995d5c.json,013f132ac11dfa0e4cd7c001bbfcfe20396850d699af696e52293227628d42ce,5d72a6c172200b5c5bf50850d45e535a9ed8454edfec1b2714a6c72159995d5c,veraPDF::PDF/UA-1 ua1::PDFUA-Ref-2-04_Presentation,evidence\verapdf\PDFUA-Ref-2-04_Presentation__90acb829ca8bfa037796592539d15010e9099d1cd2622aac1fce7d9fd3ae7575.json,b2dde1a9da8957051df06c42e0fdae04dd26d78abe62c49fb1b086092c534532,Missed
DC-0166,veraPDF::PDF/UA-1 ua1::PDFUA-Ref-2-04_Presentation-M06,PDFUA-Ref-2-04_Presentation-M06,PDFUA-Ref-2-04_Presentation,M06,veraPDF,PDF/UA-1 ua1,evidence/verapdf/PDFUA-Ref-2-04_Presentation-M06__56a2b7314c6bb652499bd6ed6a070925d4a76b840d9a06a4377b055a02d37da4.json,b924b10b903282153e973fda7d6b1146371c59ef73a01b72c99cdc52ad059f48,56a2b7314c6bb652499bd6ed6a070925d4a76b840d9a06a4377b055a02d37da4,veraPDF::PDF/UA-1 ua1::PDFUA-Ref-2-04_Presentation,evidence\verapdf\PDFUA-Ref-2-04_Presentation__90acb829ca8bfa037796592539d15010e9099d1cd2622aac1fce7d9fd3ae7575.json,b2dde1a9da8957051df06c42e0fdae04dd26d78abe62c49fb1b086092c534532,Missed
DC-0167,veraPDF::PDF/UA-1 ua1::PDFUA-Ref-2-04_Presentation-M07,PDFUA-Ref-2-04_Presentation-M07,PDFUA-Ref-2-04_Presentation,M07,veraPDF,PDF/UA-1 ua1,evidence/verapdf/PDFUA-Ref-2-04_Presentation-M07__09d414160bdb30b7d9aa23413647b6ba38f434340f1d3f0d3164a1d37d5d3088.json,3688d061cf383375576f74c33fb90f913c335b4d5ec86681b2f32d14923b25ce,09d414160bdb30b7d9aa23413647b6ba38f434340f1d3f0d3164a1d37d5d3088,veraPDF::PDF/UA-1 ua1::PDFUA-Ref-2-04_Presentation,evidence\verapdf\PDFUA-Ref-2-04_Presentation__90acb829ca8bfa037796592539d15010e9099d1cd2622aac1fce7d9fd3ae7575.json,b2dde1a9da8957051df06c42e0fdae04dd26d78abe62c49fb1b086092c534532,Detected
DC-0168,veraPDF::PDF/UA-1 ua1::PDFUA-Ref-2-04_Presentation-M08,PDFUA-Ref-2-04_Presentation-M08,PDFUA-Ref-2-04_Presentation,M08,veraPDF,PDF/UA-1 ua1,evidence/verapdf/PDFUA-Ref-2-04_Presentation-M08__72f5f8517793703f0eb2affec0285f5bfb13a062e91810ef96c17a766aa81539.json,996c2a8cfcc7ef5c5f9be5f32620ce53d5f6c2692c1b0fc0ce9072ca2b841dd3,72f5f8517793703f0eb2affec0285f5bfb13a062e91810ef96c17a766aa81539,veraPDF::PDF/UA-1 ua1::PDFUA-Ref-2-04_Presentation,evidence\verapdf\PDFUA-Ref-2-04_Presentation__90acb829ca8bfa037796592539d15010e9099d1cd2622aac1fce7d9fd3ae7575.json,b2dde1a9da8957051df06c42e0fdae04dd26d78abe62c49fb1b086092c534532,Detected
DC-0169,veraPDF::PDF/UA-1 ua1::PDFUA-Ref-2-04_Presentation-M09,PDFUA-Ref-2-04_Presentation-M09,PDFUA-Ref-2-04_Presentation,M09,veraPDF,PDF/UA-1 ua1,evidence/verapdf/PDFUA-Ref-2-04_Presentation-M09__d9603ca680cfdcaf22033828f12e55e1d26f825bcbdfaf7dd0a29798ea61de3a.json,c59d31a9bf02b1638e6c5ceead0dff540f65cd6e9cc22c538bbb0d8a5b759386,d9603ca680cfdcaf22033828f12e55e1d26f825bcbdfaf7dd0a29798ea61de3a,veraPDF::PDF/UA-1 ua1::PDFUA-Ref-2-04_Presentation,evidence\verapdf\PDFUA-Ref-2-04_Presentation__90acb829ca8bfa037796592539d15010e9099d1cd2622aac1fce7d9fd3ae7575.json,b2dde1a9da8957051df06c42e0fdae04dd26d78abe62c49fb1b086092c534532,Detected
DC-0170,veraPDF::PDF/UA-1 ua1::PDFUA-Ref-2-05_BookChapter-german-M01,PDFUA-Ref-2-05_BookChapter-german-M01,PDFUA-Ref-2-05_BookChapter-german,M01,veraPDF,PDF/UA-1 ua1,evidence/verapdf/PDFUA-Ref-2-05_BookChapter-german-M01__f3455e42a1e7610054506c9ece9cfbef949f888e93294fce9eae762222be6078.json,d2a896906327d1c66acb8cf44ebf88fb0f268951d7b13ac26a33431dcb0f9362,f3455e42a1e7610054506c9ece9cfbef949f888e93294fce9eae762222be6078,veraPDF::PDF/UA-1 ua1::PDFUA-Ref-2-05_BookChapter-german,evidence\verapdf\PDFUA-Ref-2-05_BookChapter-german__fc525b8899da31779b6143c16053779cd560d4417018a901472de33c71252352.json,03c487722b29098eb33588af2f988eefe5bf4fc18e5230238453466e82d013db,Missed
DC-0171,veraPDF::PDF/UA-1 ua1::PDFUA-Ref-2-05_BookChapter-german-M02,PDFUA-Ref-2-05_BookChapter-german-M02,PDFUA-Ref-2-05_BookChapter-german,M02,veraPDF,PDF/UA-1 ua1,evidence/verapdf/PDFUA-Ref-2-05_BookChapter-german-M02__5b806fd39c6559c0416737eb3cc131c05f5071f0b1d758af0fecca9b315070af.json,93c6a4b08285a562aa16fbd6674d35538f129082ac50851f05344024ee8c89a0,5b806fd39c6559c0416737eb3cc131c05f5071f0b1d758af0fecca9b315070af,veraPDF::PDF/UA-1 ua1::PDFUA-Ref-2-05_BookChapter-german,evidence\verapdf\PDFUA-Ref-2-05_BookChapter-german__fc525b8899da31779b6143c16053779cd560d4417018a901472de33c71252352.json,03c487722b29098eb33588af2f988eefe5bf4fc18e5230238453466e82d013db,Missed
DC-0172,veraPDF::PDF/UA-1 ua1::PDFUA-Ref-2-05_BookChapter-german-M03,PDFUA-Ref-2-05_BookChapter-german-M03,PDFUA-Ref-2-05_BookChapter-german,M03,veraPDF,PDF/UA-1 ua1,evidence/verapdf/PDFUA-Ref-2-05_BookChapter-german-M03__08a17db95cf262351a8e2a6464edaec73836e71fd34b0db112bdec9676930e75.json,afa1646105365d7b23b2d9c90126d9b984c09206aa62a924e70afd28f9a1c207,08a17db95cf262351a8e2a6464edaec73836e71fd34b0db112bdec9676930e75,veraPDF::PDF/UA-1 ua1::PDFUA-Ref-2-05_BookChapter-german,evidence\verapdf\PDFUA-Ref-2-05_BookChapter-german__fc525b8899da31779b6143c16053779cd560d4417018a901472de33c71252352.json,03c487722b29098eb33588af2f988eefe5bf4fc18e5230238453466e82d013db,Detected
DC-0173,veraPDF::PDF/UA-1 ua1::PDFUA-Ref-2-05_BookChapter-german-M04,PDFUA-Ref-2-05_BookChapter-german-M04,PDFUA-Ref-2-05_BookChapter-german,M04,veraPDF,PDF/UA-1 ua1,evidence/verapdf/PDFUA-Ref-2-05_BookChapter-german-M04__668b5c55c85237169484722c15354e8d353179f8b9fc9e96a2a6f83a13c71250.json,31ce29f9e2382c56bdcbe08e709d398dd4b5fcbd05d1951d47d09e138309b4ba,668b5c55c85237169484722c15354e8d353179f8b9fc9e96a2a6f83a13c71250,veraPDF::PDF/UA-1 ua1::PDFUA-Ref-2-05_BookChapter-german,evidence\verapdf\PDFUA-Ref-2-05_BookChapter-german__fc525b8899da31779b6143c16053779cd560d4417018a901472de33c71252352.json,03c487722b29098eb33588af2f988eefe5bf4fc18e5230238453466e82d013db,Missed
DC-0174,veraPDF::PDF/UA-1 ua1::PDFUA-Ref-2-05_BookChapter-german-M05,PDFUA-Ref-2-05_BookChapter-german-M05,PDFUA-Ref-2-05_BookChapter-german,M05,veraPDF,PDF/UA-1 ua1,evidence/verapdf/PDFUA-Ref-2-05_BookChapter-german-M05__b7a688694201ed24e8dda1fcf6290c752e42d1ab1d074fc0c8f9d29c0dcad216.json,0208b414951783ed21b2e37e354a201dfb204256f4b0c46e0765f259d236bcef,b7a688694201ed24e8dda1fcf6290c752e42d1ab1d074fc0c8f9d29c0dcad216,veraPDF::PDF/UA-1 ua1::PDFUA-Ref-2-05_BookChapter-german,evidence\verapdf\PDFUA-Ref-2-05_BookChapter-german__fc525b8899da31779b6143c16053779cd560d4417018a901472de33c71252352.json,03c487722b29098eb33588af2f988eefe5bf4fc18e5230238453466e82d013db,Missed
DC-0175,veraPDF::PDF/UA-1 ua1::PDFUA-Ref-2-05_BookChapter-german-M06,PDFUA-Ref-2-05_BookChapter-german-M06,PDFUA-Ref-2-05_BookChapter-german,M06,veraPDF,PDF/UA-1 ua1,evidence/verapdf/PDFUA-Ref-2-05_BookChapter-german-M06__823c2b5ddc120128c9e6eb07963de30f15be94f72a40d781b698af48fb5833a6.json,7c837fdba05bd38136f4eb732214bc42c8033cd647908f319d7fc9e9ee95d6be,823c2b5ddc120128c9e6eb07963de30f15be94f72a40d781b698af48fb5833a6,veraPDF::PDF/UA-1 ua1::PDFUA-Ref-2-05_BookChapter-german,evidence\verapdf\PDFUA-Ref-2-05_BookChapter-german__fc525b8899da31779b6143c16053779cd560d4417018a901472de33c71252352.json,03c487722b29098eb33588af2f988eefe5bf4fc18e5230238453466e82d013db,Missed
DC-0176,veraPDF::PDF/UA-1 ua1::PDFUA-Ref-2-05_BookChapter-german-M07,PDFUA-Ref-2-05_BookChapter-german-M07,PDFUA-Ref-2-05_BookChapter-german,M07,veraPDF,PDF/UA-1 ua1,evidence/verapdf/PDFUA-Ref-2-05_BookChapter-german-M07__be8cb7f6aca4a81ecb01654b816f6ae0f5cf8f5daa45ebf5468925fcf7ab9742.json,05878c733b4ab48d7540fc2e056dd6f8b3d002122fbeda483e4583c53b4bc6c9,be8cb7f6aca4a81ecb01654b816f6ae0f5cf8f5daa45ebf5468925fcf7ab9742,veraPDF::PDF/UA-1 ua1::PDFUA-Ref-2-05_BookChapter-german,evidence\verapdf\PDFUA-Ref-2-05_BookChapter-german__fc525b8899da31779b6143c16053779cd560d4417018a901472de33c71252352.json,03c487722b29098eb33588af2f988eefe5bf4fc18e5230238453466e82d013db,Detected
DC-0177,veraPDF::PDF/UA-1 ua1::PDFUA-Ref-2-05_BookChapter-german-M08,PDFUA-Ref-2-05_BookChapter-german-M08,PDFUA-Ref-2-05_BookChapter-german,M08,veraPDF,PDF/UA-1 ua1,evidence/verapdf/PDFUA-Ref-2-05_BookChapter-german-M08__01ada38b1d9dc17882581a3ae080fa771f7a3ed2d3affbff49473ff510719fdd.json,03db3bfc2f524096cb77172ecbc471711855031d840f8b41ba884877217e8743,01ada38b1d9dc17882581a3ae080fa771f7a3ed2d3affbff49473ff510719fdd,veraPDF::PDF/UA-1 ua1::PDFUA-Ref-2-05_BookChapter-german,evidence\verapdf\PDFUA-Ref-2-05_BookChapter-german__fc525b8899da31779b6143c16053779cd560d4417018a901472de33c71252352.json,03c487722b29098eb33588af2f988eefe5bf4fc18e5230238453466e82d013db,Detected
DC-0178,veraPDF::PDF/UA-1 ua1::PDFUA-Ref-2-05_BookChapter-german-M09,PDFUA-Ref-2-05_BookChapter-german-M09,PDFUA-Ref-2-05_BookChapter-german,M09,veraPDF,PDF/UA-1 ua1,evidence/verapdf/PDFUA-Ref-2-05_BookChapter-german-M09__0ceaf48c6cf200ecab12a36c5bc30bb019911102fe2f2c7bc94508c87f43333f.json,951ab55695d1d514fedaff4307d8a46177e5c60044b46436fa561ba2e7030dd0,0ceaf48c6cf200ecab12a36c5bc30bb019911102fe2f2c7bc94508c87f43333f,veraPDF::PDF/UA-1 ua1::PDFUA-Ref-2-05_BookChapter-german,evidence\verapdf\PDFUA-Ref-2-05_BookChapter-german__fc525b8899da31779b6143c16053779cd560d4417018a901472de33c71252352.json,03c487722b29098eb33588af2f988eefe5bf4fc18e5230238453466e82d013db,Detected
DC-0179,veraPDF::PDF/UA-1 ua1::PDFUA-Ref-2-05_BookChapter-german-M10,PDFUA-Ref-2-05_BookChapter-german-M10,PDFUA-Ref-2-05_BookChapter-german,M10,veraPDF,PDF/UA-1 ua1,evidence/verapdf/PDFUA-Ref-2-05_BookChapter-german-M10__4dcdbc2dd191cbca8b848640ec29c68cd21d74dedbbcacdb21e76112bb1d3f9c.json,82dcd2962d509ab4b367ab013210057abecd734ce3eedec66d84023c8fdccf64,4dcdbc2dd191cbca8b848640ec29c68cd21d74dedbbcacdb21e76112bb1d3f9c,veraPDF::PDF/UA-1 ua1::PDFUA-Ref-2-05_BookChapter-german,evidence\verapdf\PDFUA-Ref-2-05_BookChapter-german__fc525b8899da31779b6143c16053779cd560d4417018a901472de33c71252352.json,03c487722b29098eb33588af2f988eefe5bf4fc18e5230238453466e82d013db,Detected
DC-0180,veraPDF::PDF/UA-1 ua1::PDFUA-Ref-2-06_Brochure-M01,PDFUA-Ref-2-06_Brochure-M01,PDFUA-Ref-2-06_Brochure,M01,veraPDF,PDF/UA-1 ua1,evidence/verapdf/PDFUA-Ref-2-06_Brochure-M01__a1a94935bccdbaad7b39c045e9c627fb5deacc3f7fd7fa80c8c77cd6c02acf0a.json,224453b792ae45c12cc447461b7e5d1f7f0f535728ede5eafdedbf8b6a4138f2,a1a94935bccdbaad7b39c045e9c627fb5deacc3f7fd7fa80c8c77cd6c02acf0a,veraPDF::PDF/UA-1 ua1::PDFUA-Ref-2-06_Brochure,evidence\verapdf\PDFUA-Ref-2-06_Brochure__aefd5ab48a908b9996ffadcb14d8ff31a2c653657cbe011a46f4cf61396a589e.json,1c4118d037e94b829722f435a1d43fa6cc1f81159108e1327ffb4887f98d5684,Missed
DC-0181,veraPDF::PDF/UA-1 ua1::PDFUA-Ref-2-06_Brochure-M02,PDFUA-Ref-2-06_Brochure-M02,PDFUA-Ref-2-06_Brochure,M02,veraPDF,PDF/UA-1 ua1,evidence/verapdf/PDFUA-Ref-2-06_Brochure-M02__6a7c6c4b28369d6bc3ab0f091ff69a08665fe3b8d8398a7fa59ac5bab1cef360.json,067b37f9e7f810a446dc96cbd138c023bbbd4cf04ea8e3d284529f3880dbfd82,6a7c6c4b28369d6bc3ab0f091ff69a08665fe3b8d8398a7fa59ac5bab1cef360,veraPDF::PDF/UA-1 ua1::PDFUA-Ref-2-06_Brochure,evidence\verapdf\PDFUA-Ref-2-06_Brochure__aefd5ab48a908b9996ffadcb14d8ff31a2c653657cbe011a46f4cf61396a589e.json,1c4118d037e94b829722f435a1d43fa6cc1f81159108e1327ffb4887f98d5684,Missed
DC-0182,veraPDF::PDF/UA-1 ua1::PDFUA-Ref-2-06_Brochure-M03,PDFUA-Ref-2-06_Brochure-M03,PDFUA-Ref-2-06_Brochure,M03,veraPDF,PDF/UA-1 ua1,evidence/verapdf/PDFUA-Ref-2-06_Brochure-M03__ed0e82b1eecd666930ccb41d3c75cc0a8703cc39d76b6ab87e15b1f70fd5935f.json,96ebcf7e36d0766703cec4fda16da87d3d21d3c74a1c8dc72459169d19c1c287,ed0e82b1eecd666930ccb41d3c75cc0a8703cc39d76b6ab87e15b1f70fd5935f,veraPDF::PDF/UA-1 ua1::PDFUA-Ref-2-06_Brochure,evidence\verapdf\PDFUA-Ref-2-06_Brochure__aefd5ab48a908b9996ffadcb14d8ff31a2c653657cbe011a46f4cf61396a589e.json,1c4118d037e94b829722f435a1d43fa6cc1f81159108e1327ffb4887f98d5684,Detected
DC-0183,veraPDF::PDF/UA-1 ua1::PDFUA-Ref-2-06_Brochure-M04,PDFUA-Ref-2-06_Brochure-M04,PDFUA-Ref-2-06_Brochure,M04,veraPDF,PDF/UA-1 ua1,evidence/verapdf/PDFUA-Ref-2-06_Brochure-M04__12c8c27582c8ca949f0f95dc11371ef2a8c3a3a6a72bed7e8b82ff9aa74a049d.json,5b7ea6a5d29b8c87e9b5ec2034861f415e38beac3844f632589a1edc779659aa,12c8c27582c8ca949f0f95dc11371ef2a8c3a3a6a72bed7e8b82ff9aa74a049d,veraPDF::PDF/UA-1 ua1::PDFUA-Ref-2-06_Brochure,evidence\verapdf\PDFUA-Ref-2-06_Brochure__aefd5ab48a908b9996ffadcb14d8ff31a2c653657cbe011a46f4cf61396a589e.json,1c4118d037e94b829722f435a1d43fa6cc1f81159108e1327ffb4887f98d5684,Missed
DC-0184,veraPDF::PDF/UA-1 ua1::PDFUA-Ref-2-06_Brochure-M05,PDFUA-Ref-2-06_Brochure-M05,PDFUA-Ref-2-06_Brochure,M05,veraPDF,PDF/UA-1 ua1,evidence/verapdf/PDFUA-Ref-2-06_Brochure-M05__692c7fddc91d6d6899dc1f9e820e2851a6cbeaa9694f0841b53445b15b8e3012.json,0f4d9a61fc2b27fbbd8d94cec211bd95321d8e49cc4d538060f6755e771fa4df,692c7fddc91d6d6899dc1f9e820e2851a6cbeaa9694f0841b53445b15b8e3012,veraPDF::PDF/UA-1 ua1::PDFUA-Ref-2-06_Brochure,evidence\verapdf\PDFUA-Ref-2-06_Brochure__aefd5ab48a908b9996ffadcb14d8ff31a2c653657cbe011a46f4cf61396a589e.json,1c4118d037e94b829722f435a1d43fa6cc1f81159108e1327ffb4887f98d5684,Missed
DC-0185,veraPDF::PDF/UA-1 ua1::PDFUA-Ref-2-06_Brochure-M06,PDFUA-Ref-2-06_Brochure-M06,PDFUA-Ref-2-06_Brochure,M06,veraPDF,PDF/UA-1 ua1,evidence/verapdf/PDFUA-Ref-2-06_Brochure-M06__a8629a74e71648776b2bb71606a7de30f1cbea3ffa60417d0bc936fabdb3c382.json,dd50f51ddbf778e2212108397450ab5dafbc928353fd33258583796777cea697,a8629a74e71648776b2bb71606a7de30f1cbea3ffa60417d0bc936fabdb3c382,veraPDF::PDF/UA-1 ua1::PDFUA-Ref-2-06_Brochure,evidence\verapdf\PDFUA-Ref-2-06_Brochure__aefd5ab48a908b9996ffadcb14d8ff31a2c653657cbe011a46f4cf61396a589e.json,1c4118d037e94b829722f435a1d43fa6cc1f81159108e1327ffb4887f98d5684,Missed
DC-0186,veraPDF::PDF/UA-1 ua1::PDFUA-Ref-2-06_Brochure-M07,PDFUA-Ref-2-06_Brochure-M07,PDFUA-Ref-2-06_Brochure,M07,veraPDF,PDF/UA-1 ua1,evidence/verapdf/PDFUA-Ref-2-06_Brochure-M07__7aed010a1cad015f6b9de4498a855cccc6599be37fe85e0ecdbddaef1d9af3dd.json,804fa1a6e4409c97edc4c27a68b7ef6d1a23c97c22ce19211a066144d5d6ca56,7aed010a1cad015f6b9de4498a855cccc6599be37fe85e0ecdbddaef1d9af3dd,veraPDF::PDF/UA-1 ua1::PDFUA-Ref-2-06_Brochure,evidence\verapdf\PDFUA-Ref-2-06_Brochure__aefd5ab48a908b9996ffadcb14d8ff31a2c653657cbe011a46f4cf61396a589e.json,1c4118d037e94b829722f435a1d43fa6cc1f81159108e1327ffb4887f98d5684,Detected
DC-0187,veraPDF::PDF/UA-1 ua1::PDFUA-Ref-2-06_Brochure-M08,PDFUA-Ref-2-06_Brochure-M08,PDFUA-Ref-2-06_Brochure,M08,veraPDF,PDF/UA-1 ua1,evidence/verapdf/PDFUA-Ref-2-06_Brochure-M08__fa090d7a7a195eca6b885da4e9b0884b162b73a3b015be189fc41173738c2996.json,58ac7e6ae63cb5b0e41f28d50a0806eafd5ec796e6b66d7087c6c6aa7f0cc5cf,fa090d7a7a195eca6b885da4e9b0884b162b73a3b015be189fc41173738c2996,veraPDF::PDF/UA-1 ua1::PDFUA-Ref-2-06_Brochure,evidence\verapdf\PDFUA-Ref-2-06_Brochure__aefd5ab48a908b9996ffadcb14d8ff31a2c653657cbe011a46f4cf61396a589e.json,1c4118d037e94b829722f435a1d43fa6cc1f81159108e1327ffb4887f98d5684,Detected
DC-0188,veraPDF::PDF/UA-1 ua1::PDFUA-Ref-2-08_BookChapter-M01,PDFUA-Ref-2-08_BookChapter-M01,PDFUA-Ref-2-08_BookChapter,M01,veraPDF,PDF/UA-1 ua1,evidence/verapdf/PDFUA-Ref-2-08_BookChapter-M01__f5fdd674ca53247a75d32f520d656f24f8e97e864466f9a72ca8e62487f63178.json,787e5f03f12cc48006691f4d2881ef5b745d9c784141c35ef7bd916d1bb64b11,f5fdd674ca53247a75d32f520d656f24f8e97e864466f9a72ca8e62487f63178,veraPDF::PDF/UA-1 ua1::PDFUA-Ref-2-08_BookChapter,evidence\verapdf\PDFUA-Ref-2-08_BookChapter__2b958600daec79373736f413f2712fcd9c604de2c352cbc1ec9d67cc5d7932f1.json,c3dbb54aeefe2a25e683c66ae21518cf4f8916fe98ac334c7d33395850bfeabf,Missed
DC-0189,veraPDF::PDF/UA-1 ua1::PDFUA-Ref-2-08_BookChapter-M02,PDFUA-Ref-2-08_BookChapter-M02,PDFUA-Ref-2-08_BookChapter,M02,veraPDF,PDF/UA-1 ua1,evidence/verapdf/PDFUA-Ref-2-08_BookChapter-M02__820bea08c3a5eed724bb8d1e65d9e9733c1ca47a0e003ae477aea7cce81725e4.json,c1fd34e6d81130479e80670ab78ae5404b7eaaeeac9a0a58b72c1a981604c794,820bea08c3a5eed724bb8d1e65d9e9733c1ca47a0e003ae477aea7cce81725e4,veraPDF::PDF/UA-1 ua1::PDFUA-Ref-2-08_BookChapter,evidence\verapdf\PDFUA-Ref-2-08_BookChapter__2b958600daec79373736f413f2712fcd9c604de2c352cbc1ec9d67cc5d7932f1.json,c3dbb54aeefe2a25e683c66ae21518cf4f8916fe98ac334c7d33395850bfeabf,Missed
DC-0190,veraPDF::PDF/UA-1 ua1::PDFUA-Ref-2-08_BookChapter-M03,PDFUA-Ref-2-08_BookChapter-M03,PDFUA-Ref-2-08_BookChapter,M03,veraPDF,PDF/UA-1 ua1,evidence/verapdf/PDFUA-Ref-2-08_BookChapter-M03__2907d533740ae0bea18da032ef36cea8ec48e3bf026dcf8b61439b86b931ed27.json,6460503139b35e611e7b8aed9567b70b796cfdb2a07222c4c62ab96f54023b73,2907d533740ae0bea18da032ef36cea8ec48e3bf026dcf8b61439b86b931ed27,veraPDF::PDF/UA-1 ua1::PDFUA-Ref-2-08_BookChapter,evidence\verapdf\PDFUA-Ref-2-08_BookChapter__2b958600daec79373736f413f2712fcd9c604de2c352cbc1ec9d67cc5d7932f1.json,c3dbb54aeefe2a25e683c66ae21518cf4f8916fe98ac334c7d33395850bfeabf,Detected
DC-0191,veraPDF::PDF/UA-1 ua1::PDFUA-Ref-2-08_BookChapter-M04,PDFUA-Ref-2-08_BookChapter-M04,PDFUA-Ref-2-08_BookChapter,M04,veraPDF,PDF/UA-1 ua1,evidence/verapdf/PDFUA-Ref-2-08_BookChapter-M04__20ac005e0fb4cf3812fefd64b496cf14488a56d493e7c7ee5f5045ce9540c1f5.json,f3cd2c74fabe96020e677f61908a6a7c407c08ce283e870b023e69749504d75c,20ac005e0fb4cf3812fefd64b496cf14488a56d493e7c7ee5f5045ce9540c1f5,veraPDF::PDF/UA-1 ua1::PDFUA-Ref-2-08_BookChapter,evidence\verapdf\PDFUA-Ref-2-08_BookChapter__2b958600daec79373736f413f2712fcd9c604de2c352cbc1ec9d67cc5d7932f1.json,c3dbb54aeefe2a25e683c66ae21518cf4f8916fe98ac334c7d33395850bfeabf,Missed
DC-0192,veraPDF::PDF/UA-1 ua1::PDFUA-Ref-2-08_BookChapter-M05,PDFUA-Ref-2-08_BookChapter-M05,PDFUA-Ref-2-08_BookChapter,M05,veraPDF,PDF/UA-1 ua1,evidence/verapdf/PDFUA-Ref-2-08_BookChapter-M05__db8fd0be417f0b011ca55e313d0bc1bbe4421aec1d8bb27584fa99a9c5d1f7d3.json,200d08daf15e08917983e612f1ba2daec9dd50c3729673020559fb786f06daf4,db8fd0be417f0b011ca55e313d0bc1bbe4421aec1d8bb27584fa99a9c5d1f7d3,veraPDF::PDF/UA-1 ua1::PDFUA-Ref-2-08_BookChapter,evidence\verapdf\PDFUA-Ref-2-08_BookChapter__2b958600daec79373736f413f2712fcd9c604de2c352cbc1ec9d67cc5d7932f1.json,c3dbb54aeefe2a25e683c66ae21518cf4f8916fe98ac334c7d33395850bfeabf,Missed
DC-0193,veraPDF::PDF/UA-1 ua1::PDFUA-Ref-2-08_BookChapter-M06,PDFUA-Ref-2-08_BookChapter-M06,PDFUA-Ref-2-08_BookChapter,M06,veraPDF,PDF/UA-1 ua1,evidence/verapdf/PDFUA-Ref-2-08_BookChapter-M06__86091f5caa50e48f16a3a67354122d88c286f8ad8e5a892f22202d5dfe0be414.json,58d39b3ab90b2367662875e4b4198660a8e742b1932c8b7dd4f56102a1685a5d,86091f5caa50e48f16a3a67354122d88c286f8ad8e5a892f22202d5dfe0be414,veraPDF::PDF/UA-1 ua1::PDFUA-Ref-2-08_BookChapter,evidence\verapdf\PDFUA-Ref-2-08_BookChapter__2b958600daec79373736f413f2712fcd9c604de2c352cbc1ec9d67cc5d7932f1.json,c3dbb54aeefe2a25e683c66ae21518cf4f8916fe98ac334c7d33395850bfeabf,Missed
DC-0194,veraPDF::PDF/UA-1 ua1::PDFUA-Ref-2-08_BookChapter-M07,PDFUA-Ref-2-08_BookChapter-M07,PDFUA-Ref-2-08_BookChapter,M07,veraPDF,PDF/UA-1 ua1,evidence/verapdf/PDFUA-Ref-2-08_BookChapter-M07__8df764ab15f21435fc2283a261e0fa073baef1005f3d740e3991a952285746e8.json,c1d7f843ab89e0d8477402de63b5f766ad80359370146df8ba782f7fc9a025e4,8df764ab15f21435fc2283a261e0fa073baef1005f3d740e3991a952285746e8,veraPDF::PDF/UA-1 ua1::PDFUA-Ref-2-08_BookChapter,evidence\verapdf\PDFUA-Ref-2-08_BookChapter__2b958600daec79373736f413f2712fcd9c604de2c352cbc1ec9d67cc5d7932f1.json,c3dbb54aeefe2a25e683c66ae21518cf4f8916fe98ac334c7d33395850bfeabf,Detected
DC-0195,veraPDF::PDF/UA-1 ua1::PDFUA-Ref-2-08_BookChapter-M08,PDFUA-Ref-2-08_BookChapter-M08,PDFUA-Ref-2-08_BookChapter,M08,veraPDF,PDF/UA-1 ua1,evidence/verapdf/PDFUA-Ref-2-08_BookChapter-M08__2c631cd85add3b7883781fb114651993280bb8c9f360361eaf20cb1f3c1ef0c1.json,be5347eb42f2cb79e403201f437b86592ae8d16455fae2ae421bb9a061e9228c,2c631cd85add3b7883781fb114651993280bb8c9f360361eaf20cb1f3c1ef0c1,veraPDF::PDF/UA-1 ua1::PDFUA-Ref-2-08_BookChapter,evidence\verapdf\PDFUA-Ref-2-08_BookChapter__2b958600daec79373736f413f2712fcd9c604de2c352cbc1ec9d67cc5d7932f1.json,c3dbb54aeefe2a25e683c66ae21518cf4f8916fe98ac334c7d33395850bfeabf,Detected
DC-0196,veraPDF::PDF/UA-1 ua1::PDFUA-Ref-2-08_BookChapter-M10,PDFUA-Ref-2-08_BookChapter-M10,PDFUA-Ref-2-08_BookChapter,M10,veraPDF,PDF/UA-1 ua1,evidence/verapdf/PDFUA-Ref-2-08_BookChapter-M10__135ebc92b095127190c98164be07186359b69f0908bda83266abdbb34adab269.json,3217df96cc22c44cd7e137308ca66a2f55b16dad9d58e44c2235a0c4efa50bde,135ebc92b095127190c98164be07186359b69f0908bda83266abdbb34adab269,veraPDF::PDF/UA-1 ua1::PDFUA-Ref-2-08_BookChapter,evidence\verapdf\PDFUA-Ref-2-08_BookChapter__2b958600daec79373736f413f2712fcd9c604de2c352cbc1ec9d67cc5d7932f1.json,c3dbb54aeefe2a25e683c66ae21518cf4f8916fe98ac334c7d33395850bfeabf,Detected
DC-0197,veraPDF::PDF/UA-1 ua1::PDFUA-Ref-2-09_Scanned-M01,PDFUA-Ref-2-09_Scanned-M01,PDFUA-Ref-2-09_Scanned,M01,veraPDF,PDF/UA-1 ua1,evidence/verapdf/PDFUA-Ref-2-09_Scanned-M01__04ce7bde54a9e481e0da7d5bf8a4e7fc98467f2bdbc3803291d166e219df9dc0.json,a3a789eeb6b12428cb2c051213fb283a8f57887b47fa92b20883cd18d44e929a,04ce7bde54a9e481e0da7d5bf8a4e7fc98467f2bdbc3803291d166e219df9dc0,veraPDF::PDF/UA-1 ua1::PDFUA-Ref-2-09_Scanned,evidence\verapdf\PDFUA-Ref-2-09_Scanned__bb46d5c723fe1427dd1bf92ccd8653f9a5cef4054f7d878168b99477fa3792ae.json,6bc3cdccf5c28ae0896d7388e779ca7d1fba717824d69fa5f2cb6dc2ac3695cf,Missed
DC-0198,veraPDF::PDF/UA-1 ua1::PDFUA-Ref-2-09_Scanned-M02,PDFUA-Ref-2-09_Scanned-M02,PDFUA-Ref-2-09_Scanned,M02,veraPDF,PDF/UA-1 ua1,evidence/verapdf/PDFUA-Ref-2-09_Scanned-M02__f45a0b6356c4f2435d8bd75482c8ff0c17fc8f072b81169e342bff4376b04946.json,468bfdd8f241283d9972ecef72b2ad637cefb99c6b102af154d56114816895ad,f45a0b6356c4f2435d8bd75482c8ff0c17fc8f072b81169e342bff4376b04946,veraPDF::PDF/UA-1 ua1::PDFUA-Ref-2-09_Scanned,evidence\verapdf\PDFUA-Ref-2-09_Scanned__bb46d5c723fe1427dd1bf92ccd8653f9a5cef4054f7d878168b99477fa3792ae.json,6bc3cdccf5c28ae0896d7388e779ca7d1fba717824d69fa5f2cb6dc2ac3695cf,Missed
DC-0199,veraPDF::PDF/UA-1 ua1::PDFUA-Ref-2-09_Scanned-M03,PDFUA-Ref-2-09_Scanned-M03,PDFUA-Ref-2-09_Scanned,M03,veraPDF,PDF/UA-1 ua1,evidence/verapdf/PDFUA-Ref-2-09_Scanned-M03__b86a34d9c3d9be9e5022027a4856df45a5ab30b42b4cc04791130c0229119f7b.json,82df3763e65a77047d02451c95514bedc0ab97a58cef3092d0841850f4c2c678,b86a34d9c3d9be9e5022027a4856df45a5ab30b42b4cc04791130c0229119f7b,veraPDF::PDF/UA-1 ua1::PDFUA-Ref-2-09_Scanned,evidence\verapdf\PDFUA-Ref-2-09_Scanned__bb46d5c723fe1427dd1bf92ccd8653f9a5cef4054f7d878168b99477fa3792ae.json,6bc3cdccf5c28ae0896d7388e779ca7d1fba717824d69fa5f2cb6dc2ac3695cf,Detected
DC-0200,veraPDF::PDF/UA-1 ua1::PDFUA-Ref-2-09_Scanned-M04,PDFUA-Ref-2-09_Scanned-M04,PDFUA-Ref-2-09_Scanned,M04,veraPDF,PDF/UA-1 ua1,evidence/verapdf/PDFUA-Ref-2-09_Scanned-M04__494532eaa86c5136f8de492a0bf4f227d91b90aabc6d7eed62506f2e1838ef28.json,6ff497e9ce1105d7aecbde1e1f0c8fa89d092ba20d1397f6926fb777f26e22dc,494532eaa86c5136f8de492a0bf4f227d91b90aabc6d7eed62506f2e1838ef28,veraPDF::PDF/UA-1 ua1::PDFUA-Ref-2-09_Scanned,evidence\verapdf\PDFUA-Ref-2-09_Scanned__bb46d5c723fe1427dd1bf92ccd8653f9a5cef4054f7d878168b99477fa3792ae.json,6bc3cdccf5c28ae0896d7388e779ca7d1fba717824d69fa5f2cb6dc2ac3695cf,Missed
DC-0201,veraPDF::PDF/UA-1 ua1::PDFUA-Ref-2-09_Scanned-M05,PDFUA-Ref-2-09_Scanned-M05,PDFUA-Ref-2-09_Scanned,M05,veraPDF,PDF/UA-1 ua1,evidence/verapdf/PDFUA-Ref-2-09_Scanned-M05__6bbc4a32f5cfa0ae69e6f77ec68a66988bc5644b1e60e34278181c151d71b932.json,4ede64d83c260696fcc89cc2aa7a30739dbc6a035c3aa290d5f30d45cbc82e73,6bbc4a32f5cfa0ae69e6f77ec68a66988bc5644b1e60e34278181c151d71b932,veraPDF::PDF/UA-1 ua1::PDFUA-Ref-2-09_Scanned,evidence\verapdf\PDFUA-Ref-2-09_Scanned__bb46d5c723fe1427dd1bf92ccd8653f9a5cef4054f7d878168b99477fa3792ae.json,6bc3cdccf5c28ae0896d7388e779ca7d1fba717824d69fa5f2cb6dc2ac3695cf,Missed
DC-0202,veraPDF::PDF/UA-1 ua1::PDFUA-Ref-2-09_Scanned-M06,PDFUA-Ref-2-09_Scanned-M06,PDFUA-Ref-2-09_Scanned,M06,veraPDF,PDF/UA-1 ua1,evidence/verapdf/PDFUA-Ref-2-09_Scanned-M06__637c71a7db4ce2fccd3d34ad662d600b62ef46c275c3ca370c2d17a97980c9fa.json,d08001e075d332611751f37f2c13b9d534f68b2db12b7ad89eddbea60575f94b,637c71a7db4ce2fccd3d34ad662d600b62ef46c275c3ca370c2d17a97980c9fa,veraPDF::PDF/UA-1 ua1::PDFUA-Ref-2-09_Scanned,evidence\verapdf\PDFUA-Ref-2-09_Scanned__bb46d5c723fe1427dd1bf92ccd8653f9a5cef4054f7d878168b99477fa3792ae.json,6bc3cdccf5c28ae0896d7388e779ca7d1fba717824d69fa5f2cb6dc2ac3695cf,Missed
DC-0203,veraPDF::PDF/UA-1 ua1::PDFUA-Ref-2-09_Scanned-M07,PDFUA-Ref-2-09_Scanned-M07,PDFUA-Ref-2-09_Scanned,M07,veraPDF,PDF/UA-1 ua1,evidence/verapdf/PDFUA-Ref-2-09_Scanned-M07__c16652da4ab2f15701bf4b12fb0790c269bea5fadbfd0443c1e5db51c51d2c3a.json,4a63e5fd6c254c69302d6736a6297b7afdad07c017104f6bf5c0ca60f1978556,c16652da4ab2f15701bf4b12fb0790c269bea5fadbfd0443c1e5db51c51d2c3a,veraPDF::PDF/UA-1 ua1::PDFUA-Ref-2-09_Scanned,evidence\verapdf\PDFUA-Ref-2-09_Scanned__bb46d5c723fe1427dd1bf92ccd8653f9a5cef4054f7d878168b99477fa3792ae.json,6bc3cdccf5c28ae0896d7388e779ca7d1fba717824d69fa5f2cb6dc2ac3695cf,Detected
DC-0204,veraPDF::PDF/UA-1 ua1::PDFUA-Ref-2-09_Scanned-M10,PDFUA-Ref-2-09_Scanned-M10,PDFUA-Ref-2-09_Scanned,M10,veraPDF,PDF/UA-1 ua1,evidence/verapdf/PDFUA-Ref-2-09_Scanned-M10__c5f2c1706faf55b963f7ae539710aa419a530967f41fcbc495d5fbc6708927e8.json,967e68080ed65f51fa0f6b1838fffd0c880b15b69b4da93dcfedb22b8845480c,c5f2c1706faf55b963f7ae539710aa419a530967f41fcbc495d5fbc6708927e8,veraPDF::PDF/UA-1 ua1::PDFUA-Ref-2-09_Scanned,evidence\verapdf\PDFUA-Ref-2-09_Scanned__bb46d5c723fe1427dd1bf92ccd8653f9a5cef4054f7d878168b99477fa3792ae.json,6bc3cdccf5c28ae0896d7388e779ca7d1fba717824d69fa5f2cb6dc2ac3695cf,Detected
DC-0205,veraPDF::PDF/UA-1 ua1::PDFUA-Ref-2-10_Form-M01,PDFUA-Ref-2-10_Form-M01,PDFUA-Ref-2-10_Form,M01,veraPDF,PDF/UA-1 ua1,evidence/verapdf/PDFUA-Ref-2-10_Form-M01__3f4549f2b3c4a7e8ec2859096f3bc42513bf0df4cad6c5ee1f324835425bfece.json,0c3d8a45fcec51a357f1a91c98e0d14f50000ce1888fea7bcec664f39031122c,3f4549f2b3c4a7e8ec2859096f3bc42513bf0df4cad6c5ee1f324835425bfece,veraPDF::PDF/UA-1 ua1::PDFUA-Ref-2-10_Form,evidence\verapdf\PDFUA-Ref-2-10_Form__06d5cacd7c5ba9573a57c6d99d3f357ee14a24cff0c138036840fc44c6311806.json,4c975bd962da3ba28c952c5d73f035335967b133b1e9db6e4baf8f800b1aab08,Missed
DC-0206,veraPDF::PDF/UA-1 ua1::PDFUA-Ref-2-10_Form-M02,PDFUA-Ref-2-10_Form-M02,PDFUA-Ref-2-10_Form,M02,veraPDF,PDF/UA-1 ua1,evidence/verapdf/PDFUA-Ref-2-10_Form-M02__85550ea9d4a77f73600cbc328ea4c1edf6916e032e2f5c79bf30e97f3db2d478.json,41084f1682a10f420a5d8e7af435f6b1037567e0b325ace3c38c80ab1bc2e767,85550ea9d4a77f73600cbc328ea4c1edf6916e032e2f5c79bf30e97f3db2d478,veraPDF::PDF/UA-1 ua1::PDFUA-Ref-2-10_Form,evidence\verapdf\PDFUA-Ref-2-10_Form__06d5cacd7c5ba9573a57c6d99d3f357ee14a24cff0c138036840fc44c6311806.json,4c975bd962da3ba28c952c5d73f035335967b133b1e9db6e4baf8f800b1aab08,Missed
DC-0207,veraPDF::PDF/UA-1 ua1::PDFUA-Ref-2-10_Form-M08,PDFUA-Ref-2-10_Form-M08,PDFUA-Ref-2-10_Form,M08,veraPDF,PDF/UA-1 ua1,evidence/verapdf/PDFUA-Ref-2-10_Form-M08__53befb723e3cca79d246644678be0a3a09dae65ff4e514fc56d3fa404cd4ff8a.json,485679c8f53465f54e82f534aa27f3f4e3c819a031631b27639898c07fc3f239,53befb723e3cca79d246644678be0a3a09dae65ff4e514fc56d3fa404cd4ff8a,veraPDF::PDF/UA-1 ua1::PDFUA-Ref-2-10_Form,evidence\verapdf\PDFUA-Ref-2-10_Form__06d5cacd7c5ba9573a57c6d99d3f357ee14a24cff0c138036840fc44c6311806.json,4c975bd962da3ba28c952c5d73f035335967b133b1e9db6e4baf8f800b1aab08,Detected
