case_id,record_id,artifact_id,source_golden,operator,validator,configuration,evidence_path,evidence_sha256,coder_1_id,coder_1_decision,coder_1_rationale,coder_1_relevant_rule_ids,coder_1_manual_check_status,coder_1_baseline_conflict,coder_1_outside_scope,coder_1_collateral_or_unrelated,coder_2_id,coder_2_decision,coder_2_rationale,coder_2_relevant_rule_ids,coder_2_manual_check_status,coder_2_baseline_conflict,coder_2_outside_scope,coder_2_collateral_or_unrelated,agreement,adjudicator_id,adjudication_decision,adjudication_rationale
DC-0001,Acrobat::Full Check::PDFUA-Ref-2-01_Magazine-danish-M01,PDFUA-Ref-2-01_Magazine-danish-M01,PDFUA-Ref-2-01_Magazine-danish,M01,Acrobat,Full Check,evidence/double_coding/DC-0001.html,e7c3dc0aace814af5007f256a55319f7fd25ab3c4956a3920dfffdc657178c98,coder_1,Needs Manual Check,"Mutant and matched baseline have the same automated outcomes. Acrobat only gives the same generic Logical Reading Order manual prompt in both reports, so it cannot be counted as automated detection of this specific swap.",Acrobat LogicalRO / Logical Reading Order (Needs manual check in both baseline and mutant),Required and not performed; no live Acrobat tag-panel or assistive-technology check was conducted.,No - the matched baseline has no relevant failure.,Partial - the intended logical-order judgment is not resolved by the automated report.,No,coder_2,Needs Manual Check,"No mutant-only automated failure appears. Acrobat's Logical Reading Order item is an unchanged generic manual prompt, so the M01 effect cannot be resolved from this report alone.",Acrobat #LogicalRO (generic manual prompt); M01 logical reading order,Semantic/AT review is required for the intended Class B effect and was not performed. Acrobat #LogicalRO is a generic prompt present in both baseline and mutant.,No - the matched baseline has no operator-relevant automated failure.,Yes - the intended property is Class B and not specifically automated in this packet.,None observed.,agree,adjudicator_1,Needs Manual Check,Independent coders agreed on Needs Manual Check based on the paired mutant and baseline evidence.
DC-0002,Acrobat::Full Check::PDFUA-Ref-2-01_Magazine-danish-M02,PDFUA-Ref-2-01_Magazine-danish-M02,PDFUA-Ref-2-01_Magazine-danish,M02,Acrobat,Full Check,evidence/double_coding/DC-0002.html,c6c973ada952bb098291103d58038fffcecd181209f22805ba8e7f05c8fa4d19,coder_1,Outside Scope,No new automated failure identifies visible content omitted from the tagged structure. This content-to-structure completeness property requires semantic/manual evidence under the operator protocol.,M02 content-to-structure completeness checkpoint; no association/completeness failure emitted,Required for the user-facing omission claim and not performed; no live tag-panel or assistive-technology check was conducted.,No - the matched baseline has no relevant failure.,Yes - the packet does not demonstrate an automated content-completeness check.,No,coder_2,Outside Scope,No new failure corresponds to omitted tagged content; Acrobat exposes no mutation-specific completeness result in the paired reports.,M02 tagged-content completeness; no stable Acrobat automated rule,Semantic/AT review is required for the intended Class B effect and was not performed. Acrobat #LogicalRO is a generic prompt present in both baseline and mutant.,No - the matched baseline has no operator-relevant automated failure.,Yes - the intended property is Class B and not specifically automated in this packet.,None observed.,agree,adjudicator_1,Outside Scope,Independent coders agreed on Outside Scope based on the paired mutant and baseline evidence.
DC-0003,Acrobat::Full Check::PDFUA-Ref-2-01_Magazine-danish-M03,PDFUA-Ref-2-01_Magazine-danish-M03,PDFUA-Ref-2-01_Magazine-danish,M03,Acrobat,Full Check,evidence/double_coding/DC-0003.html,fd9908553dde3de67b99b569e0b88f2b8102aea8e5155029f55b4b19383e5fb0,coder_1,Detected,"The matched baseline passes Appropriate nesting and the mutant newly fails it, directly matching the injected skipped heading level.",Acrobat Headings / Appropriate nesting,"Not required for this automated comparison; no live Acrobat, PAC detail view, tag-panel, or assistive-technology check was performed.",No - the matched baseline has no relevant failure.,No,No,coder_2,Detected,"The matched baseline passed Appropriate nesting; the mutant newly fails it, directly matching the injected skipped heading level.",Acrobat #Headings (Appropriate nesting); M03 / ISO 14289-1:2014 7.4.2,"No live manual, Acrobat tag-panel, PAC, or AT check was performed; unchanged generic #LogicalRO and #ColorContrast prompts are not counted.",No - the matched baseline has no operator-relevant automated failure.,No - the operator is machine-checkable under the tested profile.,None observed.,agree,adjudicator_1,Detected,Independent coders agreed on Detected based on the paired mutant and baseline evidence.
DC-0004,Acrobat::Full Check::PDFUA-Ref-2-01_Magazine-danish-M04,PDFUA-Ref-2-01_Magazine-danish-M04,PDFUA-Ref-2-01_Magazine-danish,M04,Acrobat,Full Check,evidence/double_coding/DC-0004.html,60cda1ca4f602450a82b817172dab0106056e460a4019d5aa089204aaba24c64,coder_1,Outside Scope,The mutant and matched baseline have identical automated results; no association-specific failure identifies the exchanged marked-content references.,M04 marked-content association checkpoint; no association-specific Acrobat failure emitted,Required for the semantic association claim and not performed; no live tag-panel or assistive-technology check was conducted.,No - the matched baseline has no relevant failure.,Yes - association correctness is not demonstrated by this automated report.,No,coder_2,Outside Scope,"The paired Acrobat reports have no association-specific delta, and no automated failure identifies the exchanged marked-content associations.",M04 association-specific semantic review; no applicable Acrobat failure emitted,Semantic/AT review is required for the intended Class B effect and was not performed. Acrobat #LogicalRO is a generic prompt present in both baseline and mutant.,No - the matched baseline has no operator-relevant automated failure.,Yes - the intended property is Class B and not specifically automated in this packet.,None observed.,agree,adjudicator_1,Outside Scope,Independent coders agreed on Outside Scope based on the paired mutant and baseline evidence.
DC-0005,Acrobat::Full Check::PDFUA-Ref-2-01_Magazine-danish-M05,PDFUA-Ref-2-01_Magazine-danish-M05,PDFUA-Ref-2-01_Magazine-danish,M05,Acrobat,Full Check,evidence/double_coding/DC-0005.html,8d0700057884ce0113df2c2be217f915f9825ab373bd2b514508531bdf541c9a,coder_1,Needs Manual Check,"The mutant and matched baseline have identical automated outcomes. The only potentially relevant item is the same generic Logical Reading Order manual prompt in both reports, which cannot be counted as automated detection of the specific internal MCID reversal.",Acrobat LogicalRO / Logical Reading Order (Needs manual check in both baseline and mutant),Required and not performed; no live Acrobat tag-panel or assistive-technology check was conducted.,No - the matched baseline has no relevant failure.,Partial - the intra-element order effect remains a manual/semantic judgment.,No,coder_2,Needs Manual Check,No mutant-only automated failure appears. The unchanged generic Logical Reading Order prompt cannot establish the intra-element MCID sequence effect.,Acrobat #LogicalRO (generic manual prompt); M05 intra-element order,Semantic/AT review is required for the intended Class B effect and was not performed. Acrobat #LogicalRO is a generic prompt present in both baseline and mutant.,No - the matched baseline has no operator-relevant automated failure.,Yes - the intended property is Class B and not specifically automated in this packet.,None observed.,agree,adjudicator_1,Needs Manual Check,Independent coders agreed on Needs Manual Check based on the paired mutant and baseline evidence.
DC-0006,Acrobat::Full Check::PDFUA-Ref-2-01_Magazine-danish-M06,PDFUA-Ref-2-01_Magazine-danish-M06,PDFUA-Ref-2-01_Magazine-danish,M06,Acrobat,Full Check,evidence/double_coding/DC-0006.html,a6e1a166e8aa38ba7ef720befd36c96c2e4b3af2682082511ed7e4a6762528c8,coder_1,Missed,"No new list-containment or duplicate-child failure appears relative to the matched baseline, so the machine-checkable duplicate LI reference was not detected.",Acrobat ListItems / List items and LblLBody / Lbl and LBody (no new relevant failure),"Not required for this automated comparison; no live Acrobat, PAC detail view, tag-panel, or assistive-technology check was performed.",No - the matched baseline has no relevant failure.,No,No,coder_2,Missed,No mutant-only failure appears; Acrobat did not flag the duplicated direct /LI reference.,M06 list containment/uniqueness; Acrobat #ListItems remained Passed,"No live manual, Acrobat tag-panel, PAC, or AT check was performed; unchanged generic #LogicalRO and #ColorContrast prompts are not counted.",No - the matched baseline has no operator-relevant automated failure.,No - the operator is machine-checkable under the tested profile.,None observed.,agree,adjudicator_1,Missed,Independent coders agreed on Missed based on the paired mutant and baseline evidence.
DC-0007,Acrobat::Full Check::PDFUA-Ref-2-01_Magazine-danish-M07,PDFUA-Ref-2-01_Magazine-danish-M07,PDFUA-Ref-2-01_Magazine-danish,M07,Acrobat,Full Check,evidence/double_coding/DC-0007.html,382bde08b2f57d1dae512d287353f33ae5bf4b43b6a4afa7f89c2522ae7db2bb,coder_1,Detected,"The matched baseline passes Figures alternate text and the mutant newly fails it, directly matching removal of the Figure /Alt entry.",Acrobat FigAltText / Figures alternate text,"Not required for this automated comparison; no live Acrobat, PAC detail view, tag-panel, or assistive-technology check was performed.",No - the matched baseline has no relevant failure.,No,No,coder_2,Detected,The matched baseline passed Figures alternate text; the mutant newly fails it after the figure description was removed.,Acrobat #FigAltText (Figures alternate text); M07 / ISO 14289-1:2014 7.3,"No live manual, Acrobat tag-panel, PAC, or AT check was performed; unchanged generic #LogicalRO and #ColorContrast prompts are not counted.",No - the matched baseline has no operator-relevant automated failure.,No - the operator is machine-checkable under the tested profile.,None observed.,agree,adjudicator_1,Detected,Independent coders agreed on Detected based on the paired mutant and baseline evidence.
DC-0008,Acrobat::Full Check::PDFUA-Ref-2-01_Magazine-danish-M08,PDFUA-Ref-2-01_Magazine-danish-M08,PDFUA-Ref-2-01_Magazine-danish,M08,Acrobat,Full Check,evidence/double_coding/DC-0008.html,ab1f812da276c337b6fbcbaf79f768fce88ddfa71127a41339766f1ad4d6d533,coder_1,Detected,"The matched baseline passes Primary language and the mutant newly fails it, directly matching removal of catalog /Lang.",Acrobat PrimeLang / Primary language,"Not required for this automated comparison; no live Acrobat, PAC detail view, tag-panel, or assistive-technology check was performed.",No - the matched baseline has no relevant failure.,No,No,coder_2,Detected,The matched baseline passed Primary language; the mutant newly fails it after catalog /Lang was removed.,Acrobat #PrimeLang (Primary language); M08 / ISO 14289-1:2014 7.2,"No live manual, Acrobat tag-panel, PAC, or AT check was performed; unchanged generic #LogicalRO and #ColorContrast prompts are not counted.",No - the matched baseline has no operator-relevant automated failure.,No - the operator is machine-checkable under the tested profile.,None observed.,agree,adjudicator_1,Detected,Independent coders agreed on Detected based on the paired mutant and baseline evidence.
DC-0009,Acrobat::Full Check::PDFUA-Ref-2-01_Magazine-danish-M09,PDFUA-Ref-2-01_Magazine-danish-M09,PDFUA-Ref-2-01_Magazine-danish,M09,Acrobat,Full Check,evidence/double_coding/DC-0009.html,58c8f79671d377fc7b707b0f02b40145827ea8b92a3101b5c00f96024230146b,coder_1,Missed,"No new role-mapping failure appears relative to the matched baseline, so the invalid RoleMap target was not detected by this report.",M09 role-mapping requirement; no relevant Acrobat failure emitted,"Not required for this automated comparison; no live Acrobat, PAC detail view, tag-panel, or assistive-technology check was performed.",No - the matched baseline has no relevant failure.,No,No,coder_2,Missed,No mutant-only role-mapping failure appears; Acrobat did not flag the invalid RoleMap target.,M09 / ISO 14289-1:2014 7.1 role mapping; no Acrobat failure emitted,"No live manual, Acrobat tag-panel, PAC, or AT check was performed; unchanged generic #LogicalRO and #ColorContrast prompts are not counted.",No - the matched baseline has no operator-relevant automated failure.,No - the operator is machine-checkable under the tested profile.,None observed.,agree,adjudicator_1,Missed,Independent coders agreed on Missed based on the paired mutant and baseline evidence.
DC-0010,Acrobat::Full Check::PDFUA-Ref-2-02_Invoice-M02,PDFUA-Ref-2-02_Invoice-M02,PDFUA-Ref-2-02_Invoice,M02,Acrobat,Full Check,evidence/double_coding/DC-0010.html,067281ab7cc98e6f5409f1c120fe58953f74d34f25f7f4a7f45b34c43831e036,coder_1,Outside Scope,No new automated failure identifies visible content omitted from the tagged structure. This content-to-structure completeness property requires semantic/manual evidence under the operator protocol.,M02 content-to-structure completeness checkpoint; no association/completeness failure emitted,Required for the user-facing omission claim and not performed; no live tag-panel or assistive-technology check was conducted.,No - the matched baseline has no relevant failure.,Yes - the packet does not demonstrate an automated content-completeness check.,No,coder_2,Outside Scope,No new failure corresponds to omitted tagged content; Acrobat exposes no mutation-specific completeness result in the paired reports.,M02 tagged-content completeness; no stable Acrobat automated rule,Semantic/AT review is required for the intended Class B effect and was not performed. Acrobat #LogicalRO is a generic prompt present in both baseline and mutant.,No - the matched baseline has no operator-relevant automated failure.,Yes - the intended property is Class B and not specifically automated in this packet.,None observed.,agree,adjudicator_1,Outside Scope,Independent coders agreed on Outside Scope based on the paired mutant and baseline evidence.
DC-0011,Acrobat::Full Check::PDFUA-Ref-2-02_Invoice-M03,PDFUA-Ref-2-02_Invoice-M03,PDFUA-Ref-2-02_Invoice,M03,Acrobat,Full Check,evidence/double_coding/DC-0011.html,8eac8bac0c89e446b574ccd06a740088503fb3e643e0a168e968ff7dee3c65b5,coder_1,Detected,"The matched baseline passes Appropriate nesting and the mutant newly fails it, directly matching the injected skipped heading level.",Acrobat Headings / Appropriate nesting,"Not required for this automated comparison; no live Acrobat, PAC detail view, tag-panel, or assistive-technology check was performed.",No - the matched baseline has no relevant failure.,No,No,coder_2,Detected,"The matched baseline passed Appropriate nesting; the mutant newly fails it, directly matching the injected skipped heading level.",Acrobat #Headings (Appropriate nesting); M03 / ISO 14289-1:2014 7.4.2,"No live manual, Acrobat tag-panel, PAC, or AT check was performed; unchanged generic #LogicalRO and #ColorContrast prompts are not counted.",No - the matched baseline has no operator-relevant automated failure.,No - the operator is machine-checkable under the tested profile.,None observed.,agree,adjudicator_1,Detected,Independent coders agreed on Detected based on the paired mutant and baseline evidence.
DC-0012,Acrobat::Full Check::PDFUA-Ref-2-02_Invoice-M04,PDFUA-Ref-2-02_Invoice-M04,PDFUA-Ref-2-02_Invoice,M04,Acrobat,Full Check,evidence/double_coding/DC-0012.html,2cf5f6f7a95e8242d5fab65a4bf23480d86cfb573b7a07ecb049a274bcf80ef7,coder_1,Outside Scope,The mutant and matched baseline have identical automated results; no association-specific failure identifies the exchanged marked-content references.,M04 marked-content association checkpoint; no association-specific Acrobat failure emitted,Required for the semantic association claim and not performed; no live tag-panel or assistive-technology check was conducted.,No - the matched baseline has no relevant failure.,Yes - association correctness is not demonstrated by this automated report.,No,coder_2,Outside Scope,"The paired Acrobat reports have no association-specific delta, and no automated failure identifies the exchanged marked-content associations.",M04 association-specific semantic review; no applicable Acrobat failure emitted,Semantic/AT review is required for the intended Class B effect and was not performed. Acrobat #LogicalRO is a generic prompt present in both baseline and mutant.,No - the matched baseline has no operator-relevant automated failure.,Yes - the intended property is Class B and not specifically automated in this packet.,None observed.,agree,adjudicator_1,Outside Scope,Independent coders agreed on Outside Scope based on the paired mutant and baseline evidence.
DC-0013,Acrobat::Full Check::PDFUA-Ref-2-02_Invoice-M07,PDFUA-Ref-2-02_Invoice-M07,PDFUA-Ref-2-02_Invoice,M07,Acrobat,Full Check,evidence/double_coding/DC-0013.html,527a4a3e736bad369b2b0ba0d9348a746492b5c61e2826ad8cbf21162fd30432,coder_1,Detected,"The matched baseline passes Figures alternate text and the mutant newly fails it, directly matching removal of the Figure /Alt entry.",Acrobat FigAltText / Figures alternate text,"Not required for this automated comparison; no live Acrobat, PAC detail view, tag-panel, or assistive-technology check was performed.",No - the matched baseline has no relevant failure.,No,No,coder_2,Detected,The matched baseline passed Figures alternate text; the mutant newly fails it after the figure description was removed.,Acrobat #FigAltText (Figures alternate text); M07 / ISO 14289-1:2014 7.3,"No live manual, Acrobat tag-panel, PAC, or AT check was performed; unchanged generic #LogicalRO and #ColorContrast prompts are not counted.",No - the matched baseline has no operator-relevant automated failure.,No - the operator is machine-checkable under the tested profile.,None observed.,agree,adjudicator_1,Detected,Independent coders agreed on Detected based on the paired mutant and baseline evidence.
DC-0014,Acrobat::Full Check::PDFUA-Ref-2-02_Invoice-M08,PDFUA-Ref-2-02_Invoice-M08,PDFUA-Ref-2-02_Invoice,M08,Acrobat,Full Check,evidence/double_coding/DC-0014.html,68455bc3f7db33e2ff86de4501d7fc6ebd98cf94effc11c601f426cf677f8e00,coder_1,Detected,"The matched baseline passes Primary language and the mutant newly fails it, directly matching removal of catalog /Lang.",Acrobat PrimeLang / Primary language,"Not required for this automated comparison; no live Acrobat, PAC detail view, tag-panel, or assistive-technology check was performed.",No - the matched baseline has no relevant failure.,No,No,coder_2,Detected,The matched baseline passed Primary language; the mutant newly fails it after catalog /Lang was removed.,Acrobat #PrimeLang (Primary language); M08 / ISO 14289-1:2014 7.2,"No live manual, Acrobat tag-panel, PAC, or AT check was performed; unchanged generic #LogicalRO and #ColorContrast prompts are not counted.",No - the matched baseline has no operator-relevant automated failure.,No - the operator is machine-checkable under the tested profile.,None observed.,agree,adjudicator_1,Detected,Independent coders agreed on Detected based on the paired mutant and baseline evidence.
DC-0015,Acrobat::Full Check::PDFUA-Ref-2-02_Invoice-M10,PDFUA-Ref-2-02_Invoice-M10,PDFUA-Ref-2-02_Invoice,M10,Acrobat,Full Check,evidence/double_coding/DC-0015.html,51093561d1b3ea6cdc7965555228f9f7b2c39d6f4a4f125acbcc196e4af1abf4,coder_1,Missed,"No new table-containment failure appears; Acrobat continues to pass TH and TD, so the prohibited P child under TR was not detected.",Acrobat THTD / TH and TD (Passed),"Not required for this automated comparison; no live Acrobat, PAC detail view, tag-panel, or assistive-technology check was performed.",No - the matched baseline has no relevant failure.,No,No,coder_2,Missed,No mutant-only table failure appears; Acrobat did not flag the illegal P child under TR.,M10 table-child role; Acrobat #TableRows/#THTD/#TableHeaders remained Passed,"No live manual, Acrobat tag-panel, PAC, or AT check was performed; unchanged generic #LogicalRO and #ColorContrast prompts are not counted.",No - the matched baseline has no operator-relevant automated failure.,No - the operator is machine-checkable under the tested profile.,None observed.,agree,adjudicator_1,Missed,Independent coders agreed on Missed based on the paired mutant and baseline evidence.
DC-0016,Acrobat::Full Check::PDFUA-Ref-2-03_AcademicAbstract-M01,PDFUA-Ref-2-03_AcademicAbstract-M01,PDFUA-Ref-2-03_AcademicAbstract,M01,Acrobat,Full Check,evidence/double_coding/DC-0016.html,e611849fdbc62bcb25ad91faf3412f5c03b4210aa33338364086a0cb2c40a3e6,coder_1,Needs Manual Check,"Mutant and matched baseline have the same automated outcomes. Acrobat only gives the same generic Logical Reading Order manual prompt in both reports, so it cannot be counted as automated detection of this specific swap.",Acrobat LogicalRO / Logical Reading Order (Needs manual check in both baseline and mutant),Required and not performed; no live Acrobat tag-panel or assistive-technology check was conducted.,No - the matched baseline has no relevant failure.,Partial - the intended logical-order judgment is not resolved by the automated report.,No,coder_2,Needs Manual Check,"No mutant-only automated failure appears. Acrobat's Logical Reading Order item is an unchanged generic manual prompt, so the M01 effect cannot be resolved from this report alone.",Acrobat #LogicalRO (generic manual prompt); M01 logical reading order,Semantic/AT review is required for the intended Class B effect and was not performed. Acrobat #LogicalRO is a generic prompt present in both baseline and mutant.,No - the matched baseline has no operator-relevant automated failure.,Yes - the intended property is Class B and not specifically automated in this packet.,None observed.,agree,adjudicator_1,Needs Manual Check,Independent coders agreed on Needs Manual Check based on the paired mutant and baseline evidence.
DC-0017,Acrobat::Full Check::PDFUA-Ref-2-03_AcademicAbstract-M02,PDFUA-Ref-2-03_AcademicAbstract-M02,PDFUA-Ref-2-03_AcademicAbstract,M02,Acrobat,Full Check,evidence/double_coding/DC-0017.html,b9e2e87d5fae663119bb05fe691cc7d3dfa50a825c5d7d8b8656e5beffd937fd,coder_1,Outside Scope,No new automated failure identifies visible content omitted from the tagged structure. This content-to-structure completeness property requires semantic/manual evidence under the operator protocol.,M02 content-to-structure completeness checkpoint; no association/completeness failure emitted,Required for the user-facing omission claim and not performed; no live tag-panel or assistive-technology check was conducted.,No - the matched baseline has no relevant failure.,Yes - the packet does not demonstrate an automated content-completeness check.,No,coder_2,Outside Scope,No new failure corresponds to omitted tagged content; Acrobat exposes no mutation-specific completeness result in the paired reports.,M02 tagged-content completeness; no stable Acrobat automated rule,Semantic/AT review is required for the intended Class B effect and was not performed. Acrobat #LogicalRO is a generic prompt present in both baseline and mutant.,No - the matched baseline has no operator-relevant automated failure.,Yes - the intended property is Class B and not specifically automated in this packet.,None observed.,agree,adjudicator_1,Outside Scope,Independent coders agreed on Outside Scope based on the paired mutant and baseline evidence.
DC-0018,Acrobat::Full Check::PDFUA-Ref-2-03_AcademicAbstract-M03,PDFUA-Ref-2-03_AcademicAbstract-M03,PDFUA-Ref-2-03_AcademicAbstract,M03,Acrobat,Full Check,evidence/double_coding/DC-0018.html,76cde60edb735e0d739254baaa62f636216672ce04a83aa5be0ac2984c07339a,coder_1,Detected,"The matched baseline passes Appropriate nesting and the mutant newly fails it, directly matching the injected skipped heading level.",Acrobat Headings / Appropriate nesting,"Not required for this automated comparison; no live Acrobat, PAC detail view, tag-panel, or assistive-technology check was performed.",No - the matched baseline has no relevant failure.,No,No,coder_2,Detected,"The matched baseline passed Appropriate nesting; the mutant newly fails it, directly matching the injected skipped heading level.",Acrobat #Headings (Appropriate nesting); M03 / ISO 14289-1:2014 7.4.2,"No live manual, Acrobat tag-panel, PAC, or AT check was performed; unchanged generic #LogicalRO and #ColorContrast prompts are not counted.",No - the matched baseline has no operator-relevant automated failure.,No - the operator is machine-checkable under the tested profile.,None observed.,agree,adjudicator_1,Detected,Independent coders agreed on Detected based on the paired mutant and baseline evidence.
DC-0019,Acrobat::Full Check::PDFUA-Ref-2-03_AcademicAbstract-M04,PDFUA-Ref-2-03_AcademicAbstract-M04,PDFUA-Ref-2-03_AcademicAbstract,M04,Acrobat,Full Check,evidence/double_coding/DC-0019.html,357d9124c8df7e49bcc6f0e240679ce8f813260317f33d126c43fda33e0cc80e,coder_1,Outside Scope,The mutant and matched baseline have identical automated results; no association-specific failure identifies the exchanged marked-content references.,M04 marked-content association checkpoint; no association-specific Acrobat failure emitted,Required for the semantic association claim and not performed; no live tag-panel or assistive-technology check was conducted.,No - the matched baseline has no relevant failure.,Yes - association correctness is not demonstrated by this automated report.,No,coder_2,Outside Scope,"The paired Acrobat reports have no association-specific delta, and no automated failure identifies the exchanged marked-content associations.",M04 association-specific semantic review; no applicable Acrobat failure emitted,Semantic/AT review is required for the intended Class B effect and was not performed. Acrobat #LogicalRO is a generic prompt present in both baseline and mutant.,No - the matched baseline has no operator-relevant automated failure.,Yes - the intended property is Class B and not specifically automated in this packet.,None observed.,agree,adjudicator_1,Outside Scope,Independent coders agreed on Outside Scope based on the paired mutant and baseline evidence.
DC-0020,Acrobat::Full Check::PDFUA-Ref-2-03_AcademicAbstract-M05,PDFUA-Ref-2-03_AcademicAbstract-M05,PDFUA-Ref-2-03_AcademicAbstract,M05,Acrobat,Full Check,evidence/double_coding/DC-0020.html,5c340990a65aedf1ebb8d8506452e7c22098f819c2e0b8dcb5439fe632cd7f6b,coder_1,Needs Manual Check,"The mutant and matched baseline have identical automated outcomes. The only potentially relevant item is the same generic Logical Reading Order manual prompt in both reports, which cannot be counted as automated detection of the specific internal MCID reversal.",Acrobat LogicalRO / Logical Reading Order (Needs manual check in both baseline and mutant),Required and not performed; no live Acrobat tag-panel or assistive-technology check was conducted.,No - the matched baseline has no relevant failure.,Partial - the intra-element order effect remains a manual/semantic judgment.,No,coder_2,Needs Manual Check,No mutant-only automated failure appears. The unchanged generic Logical Reading Order prompt cannot establish the intra-element MCID sequence effect.,Acrobat #LogicalRO (generic manual prompt); M05 intra-element order,Semantic/AT review is required for the intended Class B effect and was not performed. Acrobat #LogicalRO is a generic prompt present in both baseline and mutant.,No - the matched baseline has no operator-relevant automated failure.,Yes - the intended property is Class B and not specifically automated in this packet.,None observed.,agree,adjudicator_1,Needs Manual Check,Independent coders agreed on Needs Manual Check based on the paired mutant and baseline evidence.
DC-0021,Acrobat::Full Check::PDFUA-Ref-2-03_AcademicAbstract-M06,PDFUA-Ref-2-03_AcademicAbstract-M06,PDFUA-Ref-2-03_AcademicAbstract,M06,Acrobat,Full Check,evidence/double_coding/DC-0021.html,436b61ce413c216dd95c8ce28a307b03a62338c89fa2922d125b27d09ba99268,coder_1,Missed,"No new list-containment or duplicate-child failure appears relative to the matched baseline, so the machine-checkable duplicate LI reference was not detected.",Acrobat ListItems / List items and LblLBody / Lbl and LBody (no new relevant failure),"Not required for this automated comparison; no live Acrobat, PAC detail view, tag-panel, or assistive-technology check was performed.",No - the matched baseline has no relevant failure.,No,No,coder_2,Missed,No mutant-only failure appears; Acrobat did not flag the duplicated direct /LI reference.,M06 list containment/uniqueness; Acrobat #ListItems remained Passed,"No live manual, Acrobat tag-panel, PAC, or AT check was performed; unchanged generic #LogicalRO and #ColorContrast prompts are not counted.",No - the matched baseline has no operator-relevant automated failure.,No - the operator is machine-checkable under the tested profile.,None observed.,agree,adjudicator_1,Missed,Independent coders agreed on Missed based on the paired mutant and baseline evidence.
DC-0022,Acrobat::Full Check::PDFUA-Ref-2-03_AcademicAbstract-M08,PDFUA-Ref-2-03_AcademicAbstract-M08,PDFUA-Ref-2-03_AcademicAbstract,M08,Acrobat,Full Check,evidence/double_coding/DC-0022.html,2601a42121c961bcfe2ef246f54a5ad08123b6170d11962f84fdee64470f909d,coder_1,Detected,"The matched baseline passes Primary language and the mutant newly fails it, directly matching removal of catalog /Lang.",Acrobat PrimeLang / Primary language,"Not required for this automated comparison; no live Acrobat, PAC detail view, tag-panel, or assistive-technology check was performed.",No - the matched baseline has no relevant failure.,No,No,coder_2,Detected,The matched baseline passed Primary language; the mutant newly fails it after catalog /Lang was removed.,Acrobat #PrimeLang (Primary language); M08 / ISO 14289-1:2014 7.2,"No live manual, Acrobat tag-panel, PAC, or AT check was performed; unchanged generic #LogicalRO and #ColorContrast prompts are not counted.",No - the matched baseline has no operator-relevant automated failure.,No - the operator is machine-checkable under the tested profile.,None observed.,agree,adjudicator_1,Detected,Independent coders agreed on Detected based on the paired mutant and baseline evidence.
DC-0023,Acrobat::Full Check::PDFUA-Ref-2-04_Presentation-M01,PDFUA-Ref-2-04_Presentation-M01,PDFUA-Ref-2-04_Presentation,M01,Acrobat,Full Check,evidence/double_coding/DC-0023.html,23c6b7fb31cbe9b5ba67a259d085459cca18aa5fcd3b9dcdf47933bcff5942b0,coder_1,Needs Manual Check,"Mutant and matched baseline have the same automated outcomes. Acrobat only gives the same generic Logical Reading Order manual prompt in both reports, so it cannot be counted as automated detection of this specific swap.",Acrobat LogicalRO / Logical Reading Order (Needs manual check in both baseline and mutant),Required and not performed; no live Acrobat tag-panel or assistive-technology check was conducted.,No - the matched baseline has no relevant failure.,Partial - the intended logical-order judgment is not resolved by the automated report.,No,coder_2,Needs Manual Check,"No mutant-only automated failure appears. Acrobat's Logical Reading Order item is an unchanged generic manual prompt, so the M01 effect cannot be resolved from this report alone.",Acrobat #LogicalRO (generic manual prompt); M01 logical reading order,Semantic/AT review is required for the intended Class B effect and was not performed. Acrobat #LogicalRO is a generic prompt present in both baseline and mutant.,No - the matched baseline has no operator-relevant automated failure.,Yes - the intended property is Class B and not specifically automated in this packet.,None observed.,agree,adjudicator_1,Needs Manual Check,Independent coders agreed on Needs Manual Check based on the paired mutant and baseline evidence.
DC-0024,Acrobat::Full Check::PDFUA-Ref-2-04_Presentation-M02,PDFUA-Ref-2-04_Presentation-M02,PDFUA-Ref-2-04_Presentation,M02,Acrobat,Full Check,evidence/double_coding/DC-0024.html,d6c0f759378a8da9e7c0e35feca3e055923507c623beef52d77b8fddcbc0be97,coder_1,Outside Scope,No new automated failure identifies visible content omitted from the tagged structure. This content-to-structure completeness property requires semantic/manual evidence under the operator protocol.,M02 content-to-structure completeness checkpoint; no association/completeness failure emitted,Required for the user-facing omission claim and not performed; no live tag-panel or assistive-technology check was conducted.,No - the matched baseline has no relevant failure.,Yes - the packet does not demonstrate an automated content-completeness check.,No,coder_2,Outside Scope,No new failure corresponds to omitted tagged content; Acrobat exposes no mutation-specific completeness result in the paired reports.,M02 tagged-content completeness; no stable Acrobat automated rule,Semantic/AT review is required for the intended Class B effect and was not performed. Acrobat #LogicalRO is a generic prompt present in both baseline and mutant.,No - the matched baseline has no operator-relevant automated failure.,Yes - the intended property is Class B and not specifically automated in this packet.,None observed.,agree,adjudicator_1,Outside Scope,Independent coders agreed on Outside Scope based on the paired mutant and baseline evidence.
DC-0025,Acrobat::Full Check::PDFUA-Ref-2-04_Presentation-M03,PDFUA-Ref-2-04_Presentation-M03,PDFUA-Ref-2-04_Presentation,M03,Acrobat,Full Check,evidence/double_coding/DC-0025.html,841a6aa835a88ead8544891d5899c859b7c609dc233b3a10fb3209ea916ec7de,coder_1,Detected,"The matched baseline passes Appropriate nesting and the mutant newly fails it, directly matching the injected skipped heading level.",Acrobat Headings / Appropriate nesting,"Not required for this automated comparison; no live Acrobat, PAC detail view, tag-panel, or assistive-technology check was performed.",No - the matched baseline has no relevant failure.,No,No,coder_2,Detected,"The matched baseline passed Appropriate nesting; the mutant newly fails it, directly matching the injected skipped heading level.",Acrobat #Headings (Appropriate nesting); M03 / ISO 14289-1:2014 7.4.2,"No live manual, Acrobat tag-panel, PAC, or AT check was performed; unchanged generic #LogicalRO and #ColorContrast prompts are not counted.",No - the matched baseline has no operator-relevant automated failure.,No - the operator is machine-checkable under the tested profile.,None observed.,agree,adjudicator_1,Detected,Independent coders agreed on Detected based on the paired mutant and baseline evidence.
DC-0026,Acrobat::Full Check::PDFUA-Ref-2-04_Presentation-M04,PDFUA-Ref-2-04_Presentation-M04,PDFUA-Ref-2-04_Presentation,M04,Acrobat,Full Check,evidence/double_coding/DC-0026.html,a3a26734c62e3f8eb12791ac64b65271e38344db668c8e827dbaa31570631ebb,coder_1,Outside Scope,The mutant and matched baseline have identical automated results; no association-specific failure identifies the exchanged marked-content references.,M04 marked-content association checkpoint; no association-specific Acrobat failure emitted,Required for the semantic association claim and not performed; no live tag-panel or assistive-technology check was conducted.,No - the matched baseline has no relevant failure.,Yes - association correctness is not demonstrated by this automated report.,No,coder_2,Outside Scope,"The paired Acrobat reports have no association-specific delta, and no automated failure identifies the exchanged marked-content associations.",M04 association-specific semantic review; no applicable Acrobat failure emitted,Semantic/AT review is required for the intended Class B effect and was not performed. Acrobat #LogicalRO is a generic prompt present in both baseline and mutant.,No - the matched baseline has no operator-relevant automated failure.,Yes - the intended property is Class B and not specifically automated in this packet.,None observed.,agree,adjudicator_1,Outside Scope,Independent coders agreed on Outside Scope based on the paired mutant and baseline evidence.
DC-0027,Acrobat::Full Check::PDFUA-Ref-2-04_Presentation-M05,PDFUA-Ref-2-04_Presentation-M05,PDFUA-Ref-2-04_Presentation,M05,Acrobat,Full Check,evidence/double_coding/DC-0027.html,f9145fbcb0197c90fec70373d5fdefcf92c3a2b86474bf65d99b156a8d7c7f52,coder_1,Needs Manual Check,"The mutant and matched baseline have identical automated outcomes. The only potentially relevant item is the same generic Logical Reading Order manual prompt in both reports, which cannot be counted as automated detection of the specific internal MCID reversal.",Acrobat LogicalRO / Logical Reading Order (Needs manual check in both baseline and mutant),Required and not performed; no live Acrobat tag-panel or assistive-technology check was conducted.,No - the matched baseline has no relevant failure.,Partial - the intra-element order effect remains a manual/semantic judgment.,No,coder_2,Needs Manual Check,No mutant-only automated failure appears. The unchanged generic Logical Reading Order prompt cannot establish the intra-element MCID sequence effect.,Acrobat #LogicalRO (generic manual prompt); M05 intra-element order,Semantic/AT review is required for the intended Class B effect and was not performed. Acrobat #LogicalRO is a generic prompt present in both baseline and mutant.,No - the matched baseline has no operator-relevant automated failure.,Yes - the intended property is Class B and not specifically automated in this packet.,None observed.,agree,adjudicator_1,Needs Manual Check,Independent coders agreed on Needs Manual Check based on the paired mutant and baseline evidence.
DC-0028,Acrobat::Full Check::PDFUA-Ref-2-04_Presentation-M06,PDFUA-Ref-2-04_Presentation-M06,PDFUA-Ref-2-04_Presentation,M06,Acrobat,Full Check,evidence/double_coding/DC-0028.html,5d676f78c8220b16996caf9a30bed72b8d9bc29035b273a73beb3e56312f1429,coder_1,Missed,"No new list-containment or duplicate-child failure appears relative to the matched baseline, so the machine-checkable duplicate LI reference was not detected.",Acrobat ListItems / List items and LblLBody / Lbl and LBody (no new relevant failure),"Not required for this automated comparison; no live Acrobat, PAC detail view, tag-panel, or assistive-technology check was performed.",No - the matched baseline has no relevant failure.,No,No,coder_2,Missed,No mutant-only failure appears; Acrobat did not flag the duplicated direct /LI reference.,M06 list containment/uniqueness; Acrobat #ListItems remained Passed,"No live manual, Acrobat tag-panel, PAC, or AT check was performed; unchanged generic #LogicalRO and #ColorContrast prompts are not counted.",No - the matched baseline has no operator-relevant automated failure.,No - the operator is machine-checkable under the tested profile.,None observed.,agree,adjudicator_1,Missed,Independent coders agreed on Missed based on the paired mutant and baseline evidence.
DC-0029,Acrobat::Full Check::PDFUA-Ref-2-04_Presentation-M07,PDFUA-Ref-2-04_Presentation-M07,PDFUA-Ref-2-04_Presentation,M07,Acrobat,Full Check,evidence/double_coding/DC-0029.html,3109627f78887c7419aa34e0f5ed3667b06b103491ce288914e56d691e0c6e31,coder_1,Detected,"The matched baseline passes Figures alternate text and the mutant newly fails it, directly matching removal of the Figure /Alt entry.",Acrobat FigAltText / Figures alternate text,"Not required for this automated comparison; no live Acrobat, PAC detail view, tag-panel, or assistive-technology check was performed.",No - the matched baseline has no relevant failure.,No,No,coder_2,Detected,The matched baseline passed Figures alternate text; the mutant newly fails it after the figure description was removed.,Acrobat #FigAltText (Figures alternate text); M07 / ISO 14289-1:2014 7.3,"No live manual, Acrobat tag-panel, PAC, or AT check was performed; unchanged generic #LogicalRO and #ColorContrast prompts are not counted.",No - the matched baseline has no operator-relevant automated failure.,No - the operator is machine-checkable under the tested profile.,None observed.,agree,adjudicator_1,Detected,Independent coders agreed on Detected based on the paired mutant and baseline evidence.
DC-0030,Acrobat::Full Check::PDFUA-Ref-2-04_Presentation-M08,PDFUA-Ref-2-04_Presentation-M08,PDFUA-Ref-2-04_Presentation,M08,Acrobat,Full Check,evidence/double_coding/DC-0030.html,314f7635442d7027e6dd13ace5a3dc562c59861d3b9cfa81ae29117cab7bd160,coder_1,Detected,"The matched baseline passes Primary language and the mutant newly fails it, directly matching removal of catalog /Lang.",Acrobat PrimeLang / Primary language,"Not required for this automated comparison; no live Acrobat, PAC detail view, tag-panel, or assistive-technology check was performed.",No - the matched baseline has no relevant failure.,No,No,coder_2,Detected,The matched baseline passed Primary language; the mutant newly fails it after catalog /Lang was removed.,Acrobat #PrimeLang (Primary language); M08 / ISO 14289-1:2014 7.2,"No live manual, Acrobat tag-panel, PAC, or AT check was performed; unchanged generic #LogicalRO and #ColorContrast prompts are not counted.",No - the matched baseline has no operator-relevant automated failure.,No - the operator is machine-checkable under the tested profile.,None observed.,agree,adjudicator_1,Detected,Independent coders agreed on Detected based on the paired mutant and baseline evidence.
DC-0031,Acrobat::Full Check::PDFUA-Ref-2-04_Presentation-M09,PDFUA-Ref-2-04_Presentation-M09,PDFUA-Ref-2-04_Presentation,M09,Acrobat,Full Check,evidence/double_coding/DC-0031.html,7ef1772ce15cc497f3574d43e19f0bf63b844ce7bb437ec659211b60efc006c5,coder_1,Missed,"No new role-mapping failure appears relative to the matched baseline, so the invalid RoleMap target was not detected by this report.",M09 role-mapping requirement; no relevant Acrobat failure emitted,"Not required for this automated comparison; no live Acrobat, PAC detail view, tag-panel, or assistive-technology check was performed.",No - the matched baseline has no relevant failure.,No,No,coder_2,Missed,No mutant-only role-mapping failure appears; Acrobat did not flag the invalid RoleMap target.,M09 / ISO 14289-1:2014 7.1 role mapping; no Acrobat failure emitted,"No live manual, Acrobat tag-panel, PAC, or AT check was performed; unchanged generic #LogicalRO and #ColorContrast prompts are not counted.",No - the matched baseline has no operator-relevant automated failure.,No - the operator is machine-checkable under the tested profile.,None observed.,agree,adjudicator_1,Missed,Independent coders agreed on Missed based on the paired mutant and baseline evidence.
DC-0032,Acrobat::Full Check::PDFUA-Ref-2-05_BookChapter-german-M01,PDFUA-Ref-2-05_BookChapter-german-M01,PDFUA-Ref-2-05_BookChapter-german,M01,Acrobat,Full Check,evidence/double_coding/DC-0032.html,0df2467b4e610be023235ab1202862c8f8a7094e68a12d735a3d80f964147e21,coder_1,Needs Manual Check,"Mutant and matched baseline have the same automated outcomes. Acrobat only gives the same generic Logical Reading Order manual prompt in both reports, so it cannot be counted as automated detection of this specific swap.",Acrobat LogicalRO / Logical Reading Order (Needs manual check in both baseline and mutant),Required and not performed; no live Acrobat tag-panel or assistive-technology check was conducted.,No - the matched baseline has no relevant failure.,Partial - the intended logical-order judgment is not resolved by the automated report.,No,coder_2,Needs Manual Check,"No mutant-only automated failure appears. Acrobat's Logical Reading Order item is an unchanged generic manual prompt, so the M01 effect cannot be resolved from this report alone.",Acrobat #LogicalRO (generic manual prompt); M01 logical reading order,Semantic/AT review is required for the intended Class B effect and was not performed. Acrobat #LogicalRO is a generic prompt present in both baseline and mutant.,No - the baseline #LblLBody failure is unrelated to the injected operator.,Yes - the intended property is Class B and not specifically automated in this packet.,An unchanged baseline #LblLBody failure is unrelated.,agree,adjudicator_1,Needs Manual Check,Independent coders agreed on Needs Manual Check based on the paired mutant and baseline evidence.
DC-0033,Acrobat::Full Check::PDFUA-Ref-2-05_BookChapter-german-M02,PDFUA-Ref-2-05_BookChapter-german-M02,PDFUA-Ref-2-05_BookChapter-german,M02,Acrobat,Full Check,evidence/double_coding/DC-0033.html,014918af225d1187d0e338b9ec91fa237ea380b69874ebdd05b905461928d91d,coder_1,Outside Scope,"No new automated failure identifies visible content omitted from the tagged structure. This content-to-structure completeness property requires semantic/manual evidence under the operator protocol. A pre-existing Lbl/LBody baseline failure disappears in the mutant, but that does not detect the intended omission.",M02 content-to-structure completeness checkpoint; no association/completeness failure emitted,Required for the user-facing omission claim and not performed; no live tag-panel or assistive-technology check was conducted.,No - the matched baseline has no relevant failure.,Yes - the packet does not demonstrate an automated content-completeness check.,Yes - an unrelated baseline Lbl/LBody failure disappears in the mutant.,coder_2,Outside Scope,No new failure corresponds to omitted tagged content; Acrobat exposes no mutation-specific completeness result in the paired reports. The baseline #LblLBody failure changes to Passed and is not counted as detection.,M02 tagged-content completeness; no stable Acrobat automated rule,Semantic/AT review is required for the intended Class B effect and was not performed. Acrobat #LogicalRO is a generic prompt present in both baseline and mutant.,No - the baseline #LblLBody failure is unrelated to the injected operator.,Yes - the intended property is Class B and not specifically automated in this packet.,The baseline #LblLBody failure changes Failed=>Passed after subtree removal; this is not a mutant detection.,agree,adjudicator_1,Outside Scope,Independent coders agreed on Outside Scope based on the paired mutant and baseline evidence.
DC-0034,Acrobat::Full Check::PDFUA-Ref-2-05_BookChapter-german-M03,PDFUA-Ref-2-05_BookChapter-german-M03,PDFUA-Ref-2-05_BookChapter-german,M03,Acrobat,Full Check,evidence/double_coding/DC-0034.html,dc80d8ad1fd52f26be4053007b35d02edff37691e44689a4d8934356e787a907,coder_1,Detected,"The matched baseline passes Appropriate nesting and the mutant newly fails it, directly matching the injected skipped heading level.",Acrobat Headings / Appropriate nesting,"Not required for this automated comparison; no live Acrobat, PAC detail view, tag-panel, or assistive-technology check was performed.",No - the matched baseline has no relevant failure.,No,No,coder_2,Detected,"The matched baseline passed Appropriate nesting; the mutant newly fails it, directly matching the injected skipped heading level.",Acrobat #Headings (Appropriate nesting); M03 / ISO 14289-1:2014 7.4.2,"No live manual, Acrobat tag-panel, PAC, or AT check was performed; unchanged generic #LogicalRO and #ColorContrast prompts are not counted.",No - the baseline #LblLBody failure is unrelated to the injected operator.,No - the operator is machine-checkable under the tested profile.,An unchanged baseline #LblLBody failure is unrelated.,agree,adjudicator_1,Detected,Independent coders agreed on Detected based on the paired mutant and baseline evidence.
DC-0035,Acrobat::Full Check::PDFUA-Ref-2-05_BookChapter-german-M04,PDFUA-Ref-2-05_BookChapter-german-M04,PDFUA-Ref-2-05_BookChapter-german,M04,Acrobat,Full Check,evidence/double_coding/DC-0035.html,4050b7372bb71c66fa5d89801e1d64c9f8d99c1b4a0512b6a44e1058b9d308d0,coder_1,Outside Scope,The mutant and matched baseline have identical automated results; no association-specific failure identifies the exchanged marked-content references.,M04 marked-content association checkpoint; no association-specific Acrobat failure emitted,Required for the semantic association claim and not performed; no live tag-panel or assistive-technology check was conducted.,No - the matched baseline has no relevant failure.,Yes - association correctness is not demonstrated by this automated report.,No,coder_2,Outside Scope,"The paired Acrobat reports have no association-specific delta, and no automated failure identifies the exchanged marked-content associations.",M04 association-specific semantic review; no applicable Acrobat failure emitted,Semantic/AT review is required for the intended Class B effect and was not performed. Acrobat #LogicalRO is a generic prompt present in both baseline and mutant.,No - the baseline #LblLBody failure is unrelated to the injected operator.,Yes - the intended property is Class B and not specifically automated in this packet.,An unchanged baseline #LblLBody failure is unrelated.,agree,adjudicator_1,Outside Scope,Independent coders agreed on Outside Scope based on the paired mutant and baseline evidence.
DC-0036,Acrobat::Full Check::PDFUA-Ref-2-05_BookChapter-german-M05,PDFUA-Ref-2-05_BookChapter-german-M05,PDFUA-Ref-2-05_BookChapter-german,M05,Acrobat,Full Check,evidence/double_coding/DC-0036.html,68909bb993caf9b41c2fd6a293c5f2494231834e98b0b07b27df246867eb97d9,coder_1,Needs Manual Check,"The mutant and matched baseline have identical automated outcomes. The only potentially relevant item is the same generic Logical Reading Order manual prompt in both reports, which cannot be counted as automated detection of the specific internal MCID reversal.",Acrobat LogicalRO / Logical Reading Order (Needs manual check in both baseline and mutant),Required and not performed; no live Acrobat tag-panel or assistive-technology check was conducted.,No - the matched baseline has no relevant failure.,Partial - the intra-element order effect remains a manual/semantic judgment.,No,coder_2,Needs Manual Check,No mutant-only automated failure appears. The unchanged generic Logical Reading Order prompt cannot establish the intra-element MCID sequence effect.,Acrobat #LogicalRO (generic manual prompt); M05 intra-element order,Semantic/AT review is required for the intended Class B effect and was not performed. Acrobat #LogicalRO is a generic prompt present in both baseline and mutant.,No - the baseline #LblLBody failure is unrelated to the injected operator.,Yes - the intended property is Class B and not specifically automated in this packet.,An unchanged baseline #LblLBody failure is unrelated.,agree,adjudicator_1,Needs Manual Check,Independent coders agreed on Needs Manual Check based on the paired mutant and baseline evidence.
DC-0037,Acrobat::Full Check::PDFUA-Ref-2-05_BookChapter-german-M06,PDFUA-Ref-2-05_BookChapter-german-M06,PDFUA-Ref-2-05_BookChapter-german,M06,Acrobat,Full Check,evidence/double_coding/DC-0037.html,e1ac24b57edd43410cbf7b9776d0441c3cd5ca258fa39b1cfbc0cf05326c2d4b,coder_1,Missed,"No new list-containment or duplicate-child failure appears relative to the matched baseline, so the machine-checkable duplicate LI reference was not detected.",Acrobat ListItems / List items and LblLBody / Lbl and LBody (no new relevant failure),"Not required for this automated comparison; no live Acrobat, PAC detail view, tag-panel, or assistive-technology check was performed.",No - the matched baseline has no relevant failure.,No,No,coder_2,Missed,No mutant-only failure appears; Acrobat did not flag the duplicated direct /LI reference.,M06 list containment/uniqueness; Acrobat #ListItems remained Passed,"No live manual, Acrobat tag-panel, PAC, or AT check was performed; unchanged generic #LogicalRO and #ColorContrast prompts are not counted.",No - the baseline #LblLBody failure is unrelated to the injected operator.,No - the operator is machine-checkable under the tested profile.,An unchanged baseline #LblLBody failure is unrelated.,agree,adjudicator_1,Missed,Independent coders agreed on Missed based on the paired mutant and baseline evidence.
DC-0038,Acrobat::Full Check::PDFUA-Ref-2-05_BookChapter-german-M07,PDFUA-Ref-2-05_BookChapter-german-M07,PDFUA-Ref-2-05_BookChapter-german,M07,Acrobat,Full Check,evidence/double_coding/DC-0038.html,e886f879cfc0081faefc10f76719900546194dc7a921703f4e325e9e49436163,coder_1,Detected,"The matched baseline passes Figures alternate text and the mutant newly fails it, directly matching removal of the Figure /Alt entry.",Acrobat FigAltText / Figures alternate text,"Not required for this automated comparison; no live Acrobat, PAC detail view, tag-panel, or assistive-technology check was performed.",No - the matched baseline has no relevant failure.,No,No,coder_2,Detected,The matched baseline passed Figures alternate text; the mutant newly fails it after the figure description was removed.,Acrobat #FigAltText (Figures alternate text); M07 / ISO 14289-1:2014 7.3,"No live manual, Acrobat tag-panel, PAC, or AT check was performed; unchanged generic #LogicalRO and #ColorContrast prompts are not counted.",No - the baseline #LblLBody failure is unrelated to the injected operator.,No - the operator is machine-checkable under the tested profile.,An unchanged baseline #LblLBody failure is unrelated.,agree,adjudicator_1,Detected,Independent coders agreed on Detected based on the paired mutant and baseline evidence.
DC-0039,Acrobat::Full Check::PDFUA-Ref-2-05_BookChapter-german-M08,PDFUA-Ref-2-05_BookChapter-german-M08,PDFUA-Ref-2-05_BookChapter-german,M08,Acrobat,Full Check,evidence/double_coding/DC-0039.html,11e0a8e9840d0b1f7f333adfb2e8653d44a6eeb15efecbb19c50c245f2fbde30,coder_1,Detected,"The matched baseline passes Primary language and the mutant newly fails it, directly matching removal of catalog /Lang.",Acrobat PrimeLang / Primary language,"Not required for this automated comparison; no live Acrobat, PAC detail view, tag-panel, or assistive-technology check was performed.",No - the matched baseline has no relevant failure.,No,No,coder_2,Detected,The matched baseline passed Primary language; the mutant newly fails it after catalog /Lang was removed.,Acrobat #PrimeLang (Primary language); M08 / ISO 14289-1:2014 7.2,"No live manual, Acrobat tag-panel, PAC, or AT check was performed; unchanged generic #LogicalRO and #ColorContrast prompts are not counted.",No - the baseline #LblLBody failure is unrelated to the injected operator.,No - the operator is machine-checkable under the tested profile.,An unchanged baseline #LblLBody failure is unrelated.,agree,adjudicator_1,Detected,Independent coders agreed on Detected based on the paired mutant and baseline evidence.
DC-0040,Acrobat::Full Check::PDFUA-Ref-2-05_BookChapter-german-M09,PDFUA-Ref-2-05_BookChapter-german-M09,PDFUA-Ref-2-05_BookChapter-german,M09,Acrobat,Full Check,evidence/double_coding/DC-0040.html,e67562804d5f803790bad39688eb731b3589bf355f318e3720f51a43c55ef852,coder_1,Missed,"No new role-mapping failure appears relative to the matched baseline, so the invalid RoleMap target was not detected by this report.",M09 role-mapping requirement; no relevant Acrobat failure emitted,"Not required for this automated comparison; no live Acrobat, PAC detail view, tag-panel, or assistive-technology check was performed.",No - the matched baseline has no relevant failure.,No,No,coder_2,Missed,No mutant-only role-mapping failure appears; Acrobat did not flag the invalid RoleMap target.,M09 / ISO 14289-1:2014 7.1 role mapping; no Acrobat failure emitted,"No live manual, Acrobat tag-panel, PAC, or AT check was performed; unchanged generic #LogicalRO and #ColorContrast prompts are not counted.",No - the baseline #LblLBody failure is unrelated to the injected operator.,No - the operator is machine-checkable under the tested profile.,An unchanged baseline #LblLBody failure is unrelated.,agree,adjudicator_1,Missed,Independent coders agreed on Missed based on the paired mutant and baseline evidence.
DC-0041,Acrobat::Full Check::PDFUA-Ref-2-05_BookChapter-german-M10,PDFUA-Ref-2-05_BookChapter-german-M10,PDFUA-Ref-2-05_BookChapter-german,M10,Acrobat,Full Check,evidence/double_coding/DC-0041.html,797b1801911fce44bd4ff03111d67e94ec3537f0624f6813dd5e5a8b8c4b205c,coder_1,Unrelated,"The mutant newly fails the generic table Headers check, but Acrobat does not emit a table-containment failure and continues to pass TH and TD. Per the operator protocol, the generic header failure is not counted as detection of the illegal TR child role.",Acrobat THTD / TH and TD (Passed); TableHeaders / Headers (new collateral failure),"Not required for this automated comparison; no live Acrobat, PAC detail view, tag-panel, or assistive-technology check was performed.",No - the matched baseline has no relevant failure.,No,Yes - new generic Headers failure is a consequence of losing a header role but does not identify illegal table-child containment.,coder_2,Detected,"The matched baseline passed Headers; the mutant newly fails it, a direct consequence of changing a TH/TD cell role to P.",Acrobat #TableHeaders (Headers); M10 table-child role,"No live manual, Acrobat tag-panel, PAC, or AT check was performed; unchanged generic #LogicalRO and #ColorContrast prompts are not counted.",No - the baseline #LblLBody failure is unrelated to the injected operator.,No - the operator is machine-checkable under the tested profile.,An unchanged baseline #LblLBody failure is unrelated.,disagree,adjudicator_1,Detected,"The matched baseline passes Acrobat Headers and the mutant newly fails it. The M10 proxy fixed before final adjudication applies because hash-linked 150-DPI verification confirms the exact direct-child /TH to /P change under the same /TR, unchanged target content and non-target structure, equal page-content hashes, and pixel-identical rendering."
DC-0042,Acrobat::Full Check::PDFUA-Ref-2-06_Brochure-M01,PDFUA-Ref-2-06_Brochure-M01,PDFUA-Ref-2-06_Brochure,M01,Acrobat,Full Check,evidence/double_coding/DC-0042.html,5d30f7ad04658bccb84c72107ad28a572c93ca43b82610d8c3692903bac13b7a,coder_1,Needs Manual Check,"Mutant and matched baseline have the same automated outcomes. Acrobat only gives the same generic Logical Reading Order manual prompt in both reports, so it cannot be counted as automated detection of this specific swap.",Acrobat LogicalRO / Logical Reading Order (Needs manual check in both baseline and mutant),Required and not performed; no live Acrobat tag-panel or assistive-technology check was conducted.,No - the matched baseline has no relevant failure.,Partial - the intended logical-order judgment is not resolved by the automated report.,No,coder_2,Needs Manual Check,"No mutant-only automated failure appears. Acrobat's Logical Reading Order item is an unchanged generic manual prompt, so the M01 effect cannot be resolved from this report alone.",Acrobat #LogicalRO (generic manual prompt); M01 logical reading order,Semantic/AT review is required for the intended Class B effect and was not performed. Acrobat #LogicalRO is a generic prompt present in both baseline and mutant.,No - the matched baseline has no operator-relevant automated failure.,Yes - the intended property is Class B and not specifically automated in this packet.,None observed.,agree,adjudicator_1,Needs Manual Check,Independent coders agreed on Needs Manual Check based on the paired mutant and baseline evidence.
DC-0043,Acrobat::Full Check::PDFUA-Ref-2-06_Brochure-M02,PDFUA-Ref-2-06_Brochure-M02,PDFUA-Ref-2-06_Brochure,M02,Acrobat,Full Check,evidence/double_coding/DC-0043.html,1a409c799f864a948acd61b43b1305553d64ee81c822879f192bcb873f16873f,coder_1,Outside Scope,No new automated failure identifies visible content omitted from the tagged structure. This content-to-structure completeness property requires semantic/manual evidence under the operator protocol.,M02 content-to-structure completeness checkpoint; no association/completeness failure emitted,Required for the user-facing omission claim and not performed; no live tag-panel or assistive-technology check was conducted.,No - the matched baseline has no relevant failure.,Yes - the packet does not demonstrate an automated content-completeness check.,No,coder_2,Outside Scope,No new failure corresponds to omitted tagged content; Acrobat exposes no mutation-specific completeness result in the paired reports.,M02 tagged-content completeness; no stable Acrobat automated rule,Semantic/AT review is required for the intended Class B effect and was not performed. Acrobat #LogicalRO is a generic prompt present in both baseline and mutant.,No - the matched baseline has no operator-relevant automated failure.,Yes - the intended property is Class B and not specifically automated in this packet.,None observed.,agree,adjudicator_1,Outside Scope,Independent coders agreed on Outside Scope based on the paired mutant and baseline evidence.
DC-0044,Acrobat::Full Check::PDFUA-Ref-2-06_Brochure-M03,PDFUA-Ref-2-06_Brochure-M03,PDFUA-Ref-2-06_Brochure,M03,Acrobat,Full Check,evidence/double_coding/DC-0044.html,f48318d6f407c97260645deb5ae894131fbe4ec44ee51ade7d9eee3ab85e21ff,coder_1,Detected,"The matched baseline passes Appropriate nesting and the mutant newly fails it, directly matching the injected skipped heading level.",Acrobat Headings / Appropriate nesting,"Not required for this automated comparison; no live Acrobat, PAC detail view, tag-panel, or assistive-technology check was performed.",No - the matched baseline has no relevant failure.,No,No,coder_2,Detected,"The matched baseline passed Appropriate nesting; the mutant newly fails it, directly matching the injected skipped heading level.",Acrobat #Headings (Appropriate nesting); M03 / ISO 14289-1:2014 7.4.2,"No live manual, Acrobat tag-panel, PAC, or AT check was performed; unchanged generic #LogicalRO and #ColorContrast prompts are not counted.",No - the matched baseline has no operator-relevant automated failure.,No - the operator is machine-checkable under the tested profile.,None observed.,agree,adjudicator_1,Detected,Independent coders agreed on Detected based on the paired mutant and baseline evidence.
DC-0045,Acrobat::Full Check::PDFUA-Ref-2-06_Brochure-M04,PDFUA-Ref-2-06_Brochure-M04,PDFUA-Ref-2-06_Brochure,M04,Acrobat,Full Check,evidence/double_coding/DC-0045.html,4d04c320ce148a2f7d24995ca80164dba1a15d528014ba8f91f4961f5b06bc4e,coder_1,Outside Scope,The mutant and matched baseline have identical automated results; no association-specific failure identifies the exchanged marked-content references.,M04 marked-content association checkpoint; no association-specific Acrobat failure emitted,Required for the semantic association claim and not performed; no live tag-panel or assistive-technology check was conducted.,No - the matched baseline has no relevant failure.,Yes - association correctness is not demonstrated by this automated report.,No,coder_2,Outside Scope,"The paired Acrobat reports have no association-specific delta, and no automated failure identifies the exchanged marked-content associations.",M04 association-specific semantic review; no applicable Acrobat failure emitted,Semantic/AT review is required for the intended Class B effect and was not performed. Acrobat #LogicalRO is a generic prompt present in both baseline and mutant.,No - the matched baseline has no operator-relevant automated failure.,Yes - the intended property is Class B and not specifically automated in this packet.,None observed.,agree,adjudicator_1,Outside Scope,Independent coders agreed on Outside Scope based on the paired mutant and baseline evidence.
DC-0046,Acrobat::Full Check::PDFUA-Ref-2-06_Brochure-M05,PDFUA-Ref-2-06_Brochure-M05,PDFUA-Ref-2-06_Brochure,M05,Acrobat,Full Check,evidence/double_coding/DC-0046.html,c6233aa0e86057846348837ee222b38454f15eccf693d6a0373d6bd88e20e4bc,coder_1,Needs Manual Check,"The mutant and matched baseline have identical automated outcomes. The only potentially relevant item is the same generic Logical Reading Order manual prompt in both reports, which cannot be counted as automated detection of the specific internal MCID reversal.",Acrobat LogicalRO / Logical Reading Order (Needs manual check in both baseline and mutant),Required and not performed; no live Acrobat tag-panel or assistive-technology check was conducted.,No - the matched baseline has no relevant failure.,Partial - the intra-element order effect remains a manual/semantic judgment.,No,coder_2,Needs Manual Check,No mutant-only automated failure appears. The unchanged generic Logical Reading Order prompt cannot establish the intra-element MCID sequence effect.,Acrobat #LogicalRO (generic manual prompt); M05 intra-element order,Semantic/AT review is required for the intended Class B effect and was not performed. Acrobat #LogicalRO is a generic prompt present in both baseline and mutant.,No - the matched baseline has no operator-relevant automated failure.,Yes - the intended property is Class B and not specifically automated in this packet.,None observed.,agree,adjudicator_1,Needs Manual Check,Independent coders agreed on Needs Manual Check based on the paired mutant and baseline evidence.
DC-0047,Acrobat::Full Check::PDFUA-Ref-2-06_Brochure-M06,PDFUA-Ref-2-06_Brochure-M06,PDFUA-Ref-2-06_Brochure,M06,Acrobat,Full Check,evidence/double_coding/DC-0047.html,737ad02c23210115e5b08adbbc061739eef3e0cd5ebab82cfa9f1fc415ae87eb,coder_1,Missed,"No new list-containment or duplicate-child failure appears relative to the matched baseline, so the machine-checkable duplicate LI reference was not detected.",Acrobat ListItems / List items and LblLBody / Lbl and LBody (no new relevant failure),"Not required for this automated comparison; no live Acrobat, PAC detail view, tag-panel, or assistive-technology check was performed.",No - the matched baseline has no relevant failure.,No,No,coder_2,Missed,No mutant-only failure appears; Acrobat did not flag the duplicated direct /LI reference.,M06 list containment/uniqueness; Acrobat #ListItems remained Passed,"No live manual, Acrobat tag-panel, PAC, or AT check was performed; unchanged generic #LogicalRO and #ColorContrast prompts are not counted.",No - the matched baseline has no operator-relevant automated failure.,No - the operator is machine-checkable under the tested profile.,None observed.,agree,adjudicator_1,Missed,Independent coders agreed on Missed based on the paired mutant and baseline evidence.
DC-0048,Acrobat::Full Check::PDFUA-Ref-2-06_Brochure-M07,PDFUA-Ref-2-06_Brochure-M07,PDFUA-Ref-2-06_Brochure,M07,Acrobat,Full Check,evidence/double_coding/DC-0048.html,39769e710238b84c978c2426101ca5adeb23929075663837659c5682be244826,coder_1,Detected,"The matched baseline passes Figures alternate text and the mutant newly fails it, directly matching removal of the Figure /Alt entry.",Acrobat FigAltText / Figures alternate text,"Not required for this automated comparison; no live Acrobat, PAC detail view, tag-panel, or assistive-technology check was performed.",No - the matched baseline has no relevant failure.,No,No,coder_2,Detected,The matched baseline passed Figures alternate text; the mutant newly fails it after the figure description was removed.,Acrobat #FigAltText (Figures alternate text); M07 / ISO 14289-1:2014 7.3,"No live manual, Acrobat tag-panel, PAC, or AT check was performed; unchanged generic #LogicalRO and #ColorContrast prompts are not counted.",No - the matched baseline has no operator-relevant automated failure.,No - the operator is machine-checkable under the tested profile.,None observed.,agree,adjudicator_1,Detected,Independent coders agreed on Detected based on the paired mutant and baseline evidence.
DC-0049,Acrobat::Full Check::PDFUA-Ref-2-06_Brochure-M08,PDFUA-Ref-2-06_Brochure-M08,PDFUA-Ref-2-06_Brochure,M08,Acrobat,Full Check,evidence/double_coding/DC-0049.html,8b68f751cddebc6ff2a8e3156328f7eb73cc9014528ae4f36cd98c1cd695fbae,coder_1,Detected,"The matched baseline passes Primary language and the mutant newly fails it, directly matching removal of catalog /Lang.",Acrobat PrimeLang / Primary language,"Not required for this automated comparison; no live Acrobat, PAC detail view, tag-panel, or assistive-technology check was performed.",No - the matched baseline has no relevant failure.,No,No,coder_2,Detected,The matched baseline passed Primary language; the mutant newly fails it after catalog /Lang was removed.,Acrobat #PrimeLang (Primary language); M08 / ISO 14289-1:2014 7.2,"No live manual, Acrobat tag-panel, PAC, or AT check was performed; unchanged generic #LogicalRO and #ColorContrast prompts are not counted.",No - the matched baseline has no operator-relevant automated failure.,No - the operator is machine-checkable under the tested profile.,None observed.,agree,adjudicator_1,Detected,Independent coders agreed on Detected based on the paired mutant and baseline evidence.
DC-0050,Acrobat::Full Check::PDFUA-Ref-2-08_BookChapter-M01,PDFUA-Ref-2-08_BookChapter-M01,PDFUA-Ref-2-08_BookChapter,M01,Acrobat,Full Check,evidence/double_coding/DC-0050.html,d3e8ae4fdea6b335d529ba7093269c409cb8f253620da9c1aaeebcb31825c33f,coder_1,Detected,"The matched baseline passes Appropriate nesting, while the mutant newly fails it. Because the /K-order swap makes a later heading the first traversed heading, the skipped-heading failure is a direct structural consequence of the intended order mutation. The unchanged generic Logical Reading Order manual prompt was not counted.",Acrobat Headings / Appropriate nesting,"Not performed; the unchanged Logical Reading Order manual prompt was not counted, and the automated heading delta supports this validator classification.",No - the matched baseline has no relevant failure.,No,No,coder_2,Detected,Appropriate nesting newly fails against a clean baseline; the heading-order failure is a direct structural consequence of the M01 child-order swap.,Acrobat #Headings (Appropriate nesting); M01 direct structural consequence,Semantic/AT review is required for the intended Class B effect and was not performed. Acrobat #LogicalRO is a generic prompt present in both baseline and mutant.,No - the matched baseline has no operator-relevant automated failure.,"Partial - the semantic effect remains outside formal automation, but a direct structural consequence was detected.",None observed.,agree,adjudicator_1,Detected,Independent coders agreed on Detected based on the paired mutant and baseline evidence.
DC-0051,Acrobat::Full Check::PDFUA-Ref-2-08_BookChapter-M02,PDFUA-Ref-2-08_BookChapter-M02,PDFUA-Ref-2-08_BookChapter,M02,Acrobat,Full Check,evidence/double_coding/DC-0051.html,ceb736e799c1047e6ee0e8a8aaf8cab3a0ba6694842492b1b3c59f4c9d01ef84,coder_1,Detected,"The matched baseline passes Appropriate nesting, while the mutant newly fails it. Removing the earlier tagged subtree leaves a skipped heading as the first traversed heading, so the emitted heading failure is a direct structural consequence of the omission. Generic manual prompts were not counted.",Acrobat Headings / Appropriate nesting,"No live semantic, tag-panel, or assistive-technology check was performed; the automated direct-consequence finding alone supports this validator classification.",No - the matched baseline has no relevant failure.,No,No,coder_2,Detected,Appropriate nesting newly fails against a clean baseline; the skipped heading is a direct structural consequence of removing the selected subtree.,Acrobat #Headings (Appropriate nesting); M02 direct structural consequence,Semantic/AT review is required for the intended Class B effect and was not performed. Acrobat #LogicalRO is a generic prompt present in both baseline and mutant.,No - the matched baseline has no operator-relevant automated failure.,"Partial - the semantic effect remains outside formal automation, but a direct structural consequence was detected.",None observed.,agree,adjudicator_1,Detected,Independent coders agreed on Detected based on the paired mutant and baseline evidence.
DC-0052,Acrobat::Full Check::PDFUA-Ref-2-08_BookChapter-M03,PDFUA-Ref-2-08_BookChapter-M03,PDFUA-Ref-2-08_BookChapter,M03,Acrobat,Full Check,evidence/double_coding/DC-0052.html,d4b325d67d327e9c707935c94d7bf81427ab822ca312494a6a02d905be4a9b8d,coder_1,Detected,"The matched baseline passes Appropriate nesting and the mutant newly fails it, directly matching the injected skipped heading level. The mutant also adds a Tagged annotations failure, which is not needed for this decision.",Acrobat Headings / Appropriate nesting,"Not required for this automated comparison; no live Acrobat, PAC detail view, tag-panel, or assistive-technology check was performed.",No - the matched baseline has no relevant failure.,No,Yes - additional Tagged annotations failure is unrelated to heading nesting.,coder_2,Detected,"The matched baseline passed Appropriate nesting; the mutant newly fails it, directly matching the injected skipped heading level.",Acrobat #Headings (Appropriate nesting); M03 / ISO 14289-1:2014 7.4.2,"No live manual, Acrobat tag-panel, PAC, or AT check was performed; unchanged generic #LogicalRO and #ColorContrast prompts are not counted.",No - the matched baseline has no operator-relevant automated failure.,No - the operator is machine-checkable under the tested profile.,A new #TaggedAnnots failure is collateral; the #Headings failure independently supports Detected.,agree,adjudicator_1,Detected,Independent coders agreed on Detected based on the paired mutant and baseline evidence.
DC-0053,Acrobat::Full Check::PDFUA-Ref-2-08_BookChapter-M04,PDFUA-Ref-2-08_BookChapter-M04,PDFUA-Ref-2-08_BookChapter,M04,Acrobat,Full Check,evidence/double_coding/DC-0053.html,6c7012c28f79471271e9fcab9befce2b2e9ba1d7d2c1fcbd4fb6af6f82ffdb24,coder_1,Outside Scope,The mutant and matched baseline have identical automated results; no association-specific failure identifies the exchanged marked-content references.,M04 marked-content association checkpoint; no association-specific Acrobat failure emitted,Required for the semantic association claim and not performed; no live tag-panel or assistive-technology check was conducted.,No - the matched baseline has no relevant failure.,Yes - association correctness is not demonstrated by this automated report.,No,coder_2,Outside Scope,"The paired Acrobat reports have no association-specific delta, and no automated failure identifies the exchanged marked-content associations.",M04 association-specific semantic review; no applicable Acrobat failure emitted,Semantic/AT review is required for the intended Class B effect and was not performed. Acrobat #LogicalRO is a generic prompt present in both baseline and mutant.,No - the matched baseline has no operator-relevant automated failure.,Yes - the intended property is Class B and not specifically automated in this packet.,None observed.,agree,adjudicator_1,Outside Scope,Independent coders agreed on Outside Scope based on the paired mutant and baseline evidence.
DC-0054,Acrobat::Full Check::PDFUA-Ref-2-08_BookChapter-M05,PDFUA-Ref-2-08_BookChapter-M05,PDFUA-Ref-2-08_BookChapter,M05,Acrobat,Full Check,evidence/double_coding/DC-0054.html,ea17801bbfee1cc40c137478f6ddd0fabecc29e055ecb6bc1f01013c5a9853a7,coder_1,Needs Manual Check,"The mutant and matched baseline have identical automated outcomes. The only potentially relevant item is the same generic Logical Reading Order manual prompt in both reports, which cannot be counted as automated detection of the specific internal MCID reversal.",Acrobat LogicalRO / Logical Reading Order (Needs manual check in both baseline and mutant),Required and not performed; no live Acrobat tag-panel or assistive-technology check was conducted.,No - the matched baseline has no relevant failure.,Partial - the intra-element order effect remains a manual/semantic judgment.,No,coder_2,Needs Manual Check,No mutant-only automated failure appears. The unchanged generic Logical Reading Order prompt cannot establish the intra-element MCID sequence effect.,Acrobat #LogicalRO (generic manual prompt); M05 intra-element order,Semantic/AT review is required for the intended Class B effect and was not performed. Acrobat #LogicalRO is a generic prompt present in both baseline and mutant.,No - the matched baseline has no operator-relevant automated failure.,Yes - the intended property is Class B and not specifically automated in this packet.,None observed.,agree,adjudicator_1,Needs Manual Check,Independent coders agreed on Needs Manual Check based on the paired mutant and baseline evidence.
DC-0055,Acrobat::Full Check::PDFUA-Ref-2-08_BookChapter-M06,PDFUA-Ref-2-08_BookChapter-M06,PDFUA-Ref-2-08_BookChapter,M06,Acrobat,Full Check,evidence/double_coding/DC-0055.html,bb17d891989d1f74d368c5d601d79f7995ca4eecfc54bc31660f1c17788f4620,coder_1,Missed,"No new list-containment or duplicate-child failure appears relative to the matched baseline, so the machine-checkable duplicate LI reference was not detected.",Acrobat ListItems / List items and LblLBody / Lbl and LBody (no new relevant failure),"Not required for this automated comparison; no live Acrobat, PAC detail view, tag-panel, or assistive-technology check was performed.",No - the matched baseline has no relevant failure.,No,No,coder_2,Missed,No mutant-only failure appears; Acrobat did not flag the duplicated direct /LI reference.,M06 list containment/uniqueness; Acrobat #ListItems remained Passed,"No live manual, Acrobat tag-panel, PAC, or AT check was performed; unchanged generic #LogicalRO and #ColorContrast prompts are not counted.",No - the matched baseline has no operator-relevant automated failure.,No - the operator is machine-checkable under the tested profile.,None observed.,agree,adjudicator_1,Missed,Independent coders agreed on Missed based on the paired mutant and baseline evidence.
DC-0056,Acrobat::Full Check::PDFUA-Ref-2-08_BookChapter-M07,PDFUA-Ref-2-08_BookChapter-M07,PDFUA-Ref-2-08_BookChapter,M07,Acrobat,Full Check,evidence/double_coding/DC-0056.html,3f5f6c4f15d55688984fea72f289f5665f517f7d54cffbdbf3e499b5dc2b112e,coder_1,Detected,"The matched baseline passes Figures alternate text and the mutant newly fails it, directly matching removal of the Figure /Alt entry.",Acrobat FigAltText / Figures alternate text,"Not required for this automated comparison; no live Acrobat, PAC detail view, tag-panel, or assistive-technology check was performed.",No - the matched baseline has no relevant failure.,No,No,coder_2,Detected,The matched baseline passed Figures alternate text; the mutant newly fails it after the figure description was removed.,Acrobat #FigAltText (Figures alternate text); M07 / ISO 14289-1:2014 7.3,"No live manual, Acrobat tag-panel, PAC, or AT check was performed; unchanged generic #LogicalRO and #ColorContrast prompts are not counted.",No - the matched baseline has no operator-relevant automated failure.,No - the operator is machine-checkable under the tested profile.,None observed.,agree,adjudicator_1,Detected,Independent coders agreed on Detected based on the paired mutant and baseline evidence.
DC-0057,Acrobat::Full Check::PDFUA-Ref-2-08_BookChapter-M08,PDFUA-Ref-2-08_BookChapter-M08,PDFUA-Ref-2-08_BookChapter,M08,Acrobat,Full Check,evidence/double_coding/DC-0057.html,981095c973b9070d9276a4a4db137b61575fbea5a89c780ebf93364f3a31a553,coder_1,Detected,"The matched baseline passes Primary language and the mutant newly fails it, directly matching removal of catalog /Lang.",Acrobat PrimeLang / Primary language,"Not required for this automated comparison; no live Acrobat, PAC detail view, tag-panel, or assistive-technology check was performed.",No - the matched baseline has no relevant failure.,No,No,coder_2,Detected,The matched baseline passed Primary language; the mutant newly fails it after catalog /Lang was removed.,Acrobat #PrimeLang (Primary language); M08 / ISO 14289-1:2014 7.2,"No live manual, Acrobat tag-panel, PAC, or AT check was performed; unchanged generic #LogicalRO and #ColorContrast prompts are not counted.",No - the matched baseline has no operator-relevant automated failure.,No - the operator is machine-checkable under the tested profile.,None observed.,agree,adjudicator_1,Detected,Independent coders agreed on Detected based on the paired mutant and baseline evidence.
DC-0058,Acrobat::Full Check::PDFUA-Ref-2-08_BookChapter-M10,PDFUA-Ref-2-08_BookChapter-M10,PDFUA-Ref-2-08_BookChapter,M10,Acrobat,Full Check,evidence/double_coding/DC-0058.html,13242f1cced5476c09e2c59ad6701a2b51440e20af1efc1b14cf80fecc16fba9,coder_1,Unrelated,"The mutant newly fails the generic table Headers check, but Acrobat does not emit a table-containment failure and continues to pass TH and TD. Per the operator protocol, the generic header failure is not counted as detection of the illegal TR child role.",Acrobat THTD / TH and TD (Passed); TableHeaders / Headers (new collateral failure),"Not required for this automated comparison; no live Acrobat, PAC detail view, tag-panel, or assistive-technology check was performed.",No - the matched baseline has no relevant failure.,No,Yes - new generic Headers failure is a consequence of losing a header role but does not identify illegal table-child containment.,coder_2,Detected,"The matched baseline passed Headers; the mutant newly fails it, a direct consequence of changing a TH/TD cell role to P.",Acrobat #TableHeaders (Headers); M10 table-child role,"No live manual, Acrobat tag-panel, PAC, or AT check was performed; unchanged generic #LogicalRO and #ColorContrast prompts are not counted.",No - the matched baseline has no operator-relevant automated failure.,No - the operator is machine-checkable under the tested profile.,None observed.,disagree,adjudicator_1,Detected,"The matched baseline passes Acrobat Headers and the mutant newly fails it. The M10 proxy fixed before final adjudication applies because hash-linked 150-DPI verification confirms the exact direct-child /TH to /P change under the same /TR, unchanged target content and non-target structure, equal page-content hashes, and pixel-identical rendering."
DC-0059,Acrobat::Full Check::PDFUA-Ref-2-09_Scanned-M01,PDFUA-Ref-2-09_Scanned-M01,PDFUA-Ref-2-09_Scanned,M01,Acrobat,Full Check,evidence/double_coding/DC-0059.html,821cd0556060e658e991f802f0b766b13a8b896199b2b6c70c686096ae82b06a,coder_1,Detected,"The matched baseline passes Appropriate nesting, while the mutant newly fails it. Because the /K-order swap makes a later heading the first traversed heading, the skipped-heading failure is a direct structural consequence of the intended order mutation. The unchanged generic Logical Reading Order manual prompt was not counted.",Acrobat Headings / Appropriate nesting,"Not performed; the unchanged Logical Reading Order manual prompt was not counted, and the automated heading delta supports this validator classification.",No - the matched baseline has no relevant failure.,No,No,coder_2,Detected,Appropriate nesting newly fails against a clean baseline; the heading-order failure is a direct structural consequence of the M01 child-order swap.,Acrobat #Headings (Appropriate nesting); M01 direct structural consequence,Semantic/AT review is required for the intended Class B effect and was not performed. Acrobat #LogicalRO is a generic prompt present in both baseline and mutant.,No - the matched baseline has no operator-relevant automated failure.,"Partial - the semantic effect remains outside formal automation, but a direct structural consequence was detected.",None observed.,agree,adjudicator_1,Detected,Independent coders agreed on Detected based on the paired mutant and baseline evidence.
DC-0060,Acrobat::Full Check::PDFUA-Ref-2-09_Scanned-M02,PDFUA-Ref-2-09_Scanned-M02,PDFUA-Ref-2-09_Scanned,M02,Acrobat,Full Check,evidence/double_coding/DC-0060.html,7336bd2238f0602a5d6b67a1fe86872b46c8b7f59ed9e928d76f282033bc3d6d,coder_1,Detected,"The matched baseline passes Appropriate nesting, while the mutant newly fails it. Removing the earlier tagged subtree leaves a skipped heading as the first traversed heading, so the emitted heading failure is a direct structural consequence of the omission. Generic manual prompts were not counted.",Acrobat Headings / Appropriate nesting,"No live semantic, tag-panel, or assistive-technology check was performed; the automated direct-consequence finding alone supports this validator classification.",No - the matched baseline has no relevant failure.,No,No,coder_2,Detected,Appropriate nesting newly fails against a clean baseline; the skipped heading is a direct structural consequence of removing the selected subtree.,Acrobat #Headings (Appropriate nesting); M02 direct structural consequence,Semantic/AT review is required for the intended Class B effect and was not performed. Acrobat #LogicalRO is a generic prompt present in both baseline and mutant.,No - the matched baseline has no operator-relevant automated failure.,"Partial - the semantic effect remains outside formal automation, but a direct structural consequence was detected.",None observed.,agree,adjudicator_1,Detected,Independent coders agreed on Detected based on the paired mutant and baseline evidence.
DC-0061,Acrobat::Full Check::PDFUA-Ref-2-09_Scanned-M03,PDFUA-Ref-2-09_Scanned-M03,PDFUA-Ref-2-09_Scanned,M03,Acrobat,Full Check,evidence/double_coding/DC-0061.html,0ad947afe15e1ab06e64f5aecf0b62aabe3145ff1f5c9a5763e1967969919bc4,coder_1,Detected,"The matched baseline passes Appropriate nesting and the mutant newly fails it, directly matching the injected skipped heading level.",Acrobat Headings / Appropriate nesting,"Not required for this automated comparison; no live Acrobat, PAC detail view, tag-panel, or assistive-technology check was performed.",No - the matched baseline has no relevant failure.,No,No,coder_2,Detected,"The matched baseline passed Appropriate nesting; the mutant newly fails it, directly matching the injected skipped heading level.",Acrobat #Headings (Appropriate nesting); M03 / ISO 14289-1:2014 7.4.2,"No live manual, Acrobat tag-panel, PAC, or AT check was performed; unchanged generic #LogicalRO and #ColorContrast prompts are not counted.",No - the matched baseline has no operator-relevant automated failure.,No - the operator is machine-checkable under the tested profile.,None observed.,agree,adjudicator_1,Detected,Independent coders agreed on Detected based on the paired mutant and baseline evidence.
DC-0062,Acrobat::Full Check::PDFUA-Ref-2-09_Scanned-M04,PDFUA-Ref-2-09_Scanned-M04,PDFUA-Ref-2-09_Scanned,M04,Acrobat,Full Check,evidence/double_coding/DC-0062.html,5335c26ba1346fd8594fbc88e84d6a8dda3dcc4cf45605a18fcf0e7f55ed0fa5,coder_1,Outside Scope,The mutant and matched baseline have identical automated results; no association-specific failure identifies the exchanged marked-content references.,M04 marked-content association checkpoint; no association-specific Acrobat failure emitted,Required for the semantic association claim and not performed; no live tag-panel or assistive-technology check was conducted.,No - the matched baseline has no relevant failure.,Yes - association correctness is not demonstrated by this automated report.,No,coder_2,Outside Scope,"The paired Acrobat reports have no association-specific delta, and no automated failure identifies the exchanged marked-content associations.",M04 association-specific semantic review; no applicable Acrobat failure emitted,Semantic/AT review is required for the intended Class B effect and was not performed. Acrobat #LogicalRO is a generic prompt present in both baseline and mutant.,No - the matched baseline has no operator-relevant automated failure.,Yes - the intended property is Class B and not specifically automated in this packet.,None observed.,agree,adjudicator_1,Outside Scope,Independent coders agreed on Outside Scope based on the paired mutant and baseline evidence.
DC-0063,Acrobat::Full Check::PDFUA-Ref-2-09_Scanned-M05,PDFUA-Ref-2-09_Scanned-M05,PDFUA-Ref-2-09_Scanned,M05,Acrobat,Full Check,evidence/double_coding/DC-0063.html,cda18530ded485d3d55aac00366d859e3f16c91b04b0d277b59fe1eb1f33fc0b,coder_1,Needs Manual Check,"The mutant and matched baseline have identical automated outcomes. The only potentially relevant item is the same generic Logical Reading Order manual prompt in both reports, which cannot be counted as automated detection of the specific internal MCID reversal.",Acrobat LogicalRO / Logical Reading Order (Needs manual check in both baseline and mutant),Required and not performed; no live Acrobat tag-panel or assistive-technology check was conducted.,No - the matched baseline has no relevant failure.,Partial - the intra-element order effect remains a manual/semantic judgment.,No,coder_2,Needs Manual Check,No mutant-only automated failure appears. The unchanged generic Logical Reading Order prompt cannot establish the intra-element MCID sequence effect.,Acrobat #LogicalRO (generic manual prompt); M05 intra-element order,Semantic/AT review is required for the intended Class B effect and was not performed. Acrobat #LogicalRO is a generic prompt present in both baseline and mutant.,No - the matched baseline has no operator-relevant automated failure.,Yes - the intended property is Class B and not specifically automated in this packet.,None observed.,agree,adjudicator_1,Needs Manual Check,Independent coders agreed on Needs Manual Check based on the paired mutant and baseline evidence.
DC-0064,Acrobat::Full Check::PDFUA-Ref-2-09_Scanned-M06,PDFUA-Ref-2-09_Scanned-M06,PDFUA-Ref-2-09_Scanned,M06,Acrobat,Full Check,evidence/double_coding/DC-0064.html,94291ce8824a2933234df50cdaeedba1c96e420a2668f242611edd390055b266,coder_1,Missed,"No new list-containment or duplicate-child failure appears relative to the matched baseline, so the machine-checkable duplicate LI reference was not detected.",Acrobat ListItems / List items and LblLBody / Lbl and LBody (no new relevant failure),"Not required for this automated comparison; no live Acrobat, PAC detail view, tag-panel, or assistive-technology check was performed.",No - the matched baseline has no relevant failure.,No,No,coder_2,Missed,No mutant-only failure appears; Acrobat did not flag the duplicated direct /LI reference.,M06 list containment/uniqueness; Acrobat #ListItems remained Passed,"No live manual, Acrobat tag-panel, PAC, or AT check was performed; unchanged generic #LogicalRO and #ColorContrast prompts are not counted.",No - the matched baseline has no operator-relevant automated failure.,No - the operator is machine-checkable under the tested profile.,None observed.,agree,adjudicator_1,Missed,Independent coders agreed on Missed based on the paired mutant and baseline evidence.
DC-0065,Acrobat::Full Check::PDFUA-Ref-2-09_Scanned-M07,PDFUA-Ref-2-09_Scanned-M07,PDFUA-Ref-2-09_Scanned,M07,Acrobat,Full Check,evidence/double_coding/DC-0065.html,6e103026e1c8ba736283197c461c9ca4cfd7ccb9dcd01dbe6945746980f55694,coder_1,Detected,"The matched baseline passes Figures alternate text and the mutant newly fails it, directly matching removal of the Figure /Alt entry.",Acrobat FigAltText / Figures alternate text,"Not required for this automated comparison; no live Acrobat, PAC detail view, tag-panel, or assistive-technology check was performed.",No - the matched baseline has no relevant failure.,No,No,coder_2,Detected,The matched baseline passed Figures alternate text; the mutant newly fails it after the figure description was removed.,Acrobat #FigAltText (Figures alternate text); M07 / ISO 14289-1:2014 7.3,"No live manual, Acrobat tag-panel, PAC, or AT check was performed; unchanged generic #LogicalRO and #ColorContrast prompts are not counted.",No - the matched baseline has no operator-relevant automated failure.,No - the operator is machine-checkable under the tested profile.,None observed.,agree,adjudicator_1,Detected,Independent coders agreed on Detected based on the paired mutant and baseline evidence.
DC-0066,Acrobat::Full Check::PDFUA-Ref-2-09_Scanned-M10,PDFUA-Ref-2-09_Scanned-M10,PDFUA-Ref-2-09_Scanned,M10,Acrobat,Full Check,evidence/double_coding/DC-0066.html,4e74642f783536d2244aa742138cf45d6922cb64102067217e5020448540208f,coder_1,Unrelated,"The mutant newly fails the generic table Headers check, but Acrobat does not emit a table-containment failure and continues to pass TH and TD. Per the operator protocol, the generic header failure is not counted as detection of the illegal TR child role.",Acrobat THTD / TH and TD (Passed); TableHeaders / Headers (new collateral failure),"Not required for this automated comparison; no live Acrobat, PAC detail view, tag-panel, or assistive-technology check was performed.",No - the matched baseline has no relevant failure.,No,Yes - new generic Headers failure is a consequence of losing a header role but does not identify illegal table-child containment.,coder_2,Detected,"The matched baseline passed Headers; the mutant newly fails it, a direct consequence of changing a TH/TD cell role to P.",Acrobat #TableHeaders (Headers); M10 table-child role,"No live manual, Acrobat tag-panel, PAC, or AT check was performed; unchanged generic #LogicalRO and #ColorContrast prompts are not counted.",No - the matched baseline has no operator-relevant automated failure.,No - the operator is machine-checkable under the tested profile.,None observed.,disagree,adjudicator_1,Detected,"The matched baseline passes Acrobat Headers and the mutant newly fails it. The M10 proxy fixed before final adjudication applies because hash-linked 150-DPI verification confirms the exact direct-child /TH to /P change under the same /TR, unchanged target content and non-target structure, equal page-content hashes, and pixel-identical rendering."
DC-0067,Acrobat::Full Check::PDFUA-Ref-2-10_Form-M01,PDFUA-Ref-2-10_Form-M01,PDFUA-Ref-2-10_Form,M01,Acrobat,Full Check,evidence/double_coding/DC-0067.html,e9c5748c2e6da2a92d5861ba29d43282bde5379f57543c38047bf4497ff4526e,coder_1,Unrelated,"The only new automated failure is Tagged annotations, which does not identify the intended logical-reading-order swap. The generic Logical Reading Order manual prompt is unchanged from baseline and is not an automated detection.",Acrobat TaggedAnnots / Tagged annotations (unrelated); LogicalRO / Logical Reading Order (unchanged manual prompt),Required to assess intended reading order; not performed. No live Acrobat tag-panel or assistive-technology check was conducted.,No - the matched baseline has no relevant failure.,Partial - intended reading order remains a manual/semantic judgment.,Yes - new Tagged annotations failure is unrelated to the intended order property.,coder_2,Unrelated,"The only new automated failure is Tagged annotations, which does not correspond to the M01 reading-order swap; the Logical Reading Order prompt is unchanged and generic.",Acrobat #LogicalRO (generic manual prompt); M01 logical reading order,Semantic/AT review is required for the intended Class B effect and was not performed. Acrobat #LogicalRO is a generic prompt present in both baseline and mutant.,No - the matched baseline has no operator-relevant automated failure.,Yes - the intended property is Class B and not specifically automated in this packet.,The new #TaggedAnnots failure is unrelated to the M01 reading-order swap and is not counted.,agree,adjudicator_1,Unrelated,Independent coders agreed on Unrelated based on the paired mutant and baseline evidence.
DC-0068,Acrobat::Full Check::PDFUA-Ref-2-10_Form-M02,PDFUA-Ref-2-10_Form-M02,PDFUA-Ref-2-10_Form,M02,Acrobat,Full Check,evidence/double_coding/DC-0068.html,33547ced7b285018bd1028e72ab486322b6bec34adeccc4ff9adc94c4ebc8fed,coder_1,Outside Scope,No new automated failure identifies visible content omitted from the tagged structure. This content-to-structure completeness property requires semantic/manual evidence under the operator protocol.,M02 content-to-structure completeness checkpoint; no association/completeness failure emitted,Required for the user-facing omission claim and not performed; no live tag-panel or assistive-technology check was conducted.,No - the matched baseline has no relevant failure.,Yes - the packet does not demonstrate an automated content-completeness check.,No,coder_2,Outside Scope,No new failure corresponds to omitted tagged content; Acrobat exposes no mutation-specific completeness result in the paired reports.,M02 tagged-content completeness; no stable Acrobat automated rule,Semantic/AT review is required for the intended Class B effect and was not performed. Acrobat #LogicalRO is a generic prompt present in both baseline and mutant.,No - the matched baseline has no operator-relevant automated failure.,Yes - the intended property is Class B and not specifically automated in this packet.,None observed.,agree,adjudicator_1,Outside Scope,Independent coders agreed on Outside Scope based on the paired mutant and baseline evidence.
DC-0069,Acrobat::Full Check::PDFUA-Ref-2-10_Form-M08,PDFUA-Ref-2-10_Form-M08,PDFUA-Ref-2-10_Form,M08,Acrobat,Full Check,evidence/double_coding/DC-0069.html,490933893d5105d35f7d64904668171e580c9545d9b61a02b34f5317d1c2b455,coder_1,Detected,"The matched baseline passes Primary language and the mutant newly fails it, directly matching removal of catalog /Lang.",Acrobat PrimeLang / Primary language,"Not required for this automated comparison; no live Acrobat, PAC detail view, tag-panel, or assistive-technology check was performed.",No - the matched baseline has no relevant failure.,No,No,coder_2,Detected,The matched baseline passed Primary language; the mutant newly fails it after catalog /Lang was removed.,Acrobat #PrimeLang (Primary language); M08 / ISO 14289-1:2014 7.2,"No live manual, Acrobat tag-panel, PAC, or AT check was performed; unchanged generic #LogicalRO and #ColorContrast prompts are not counted.",No - the matched baseline has no operator-relevant automated failure.,No - the operator is machine-checkable under the tested profile.,None observed.,agree,adjudicator_1,Detected,Independent coders agreed on Detected based on the paired mutant and baseline evidence.
DC-0070,PAC::Formal::PDFUA-Ref-2-01_Magazine-danish-M01,PDFUA-Ref-2-01_Magazine-danish-M01,PDFUA-Ref-2-01_Magazine-danish,M01,PAC,Formal,evidence/double_coding/DC-0070.pdf,bb9a1feedc8808a53e7c3d36b234d8a7bc278be4cef232c5b5787e65daade29a,coder_1,Outside Scope,PAC emits no new failed checkpoint that identifies the intended logical-reading-order swap relative to the matched baseline.,M01 logical-reading-order checkpoint; no relevant PAC failure emitted,Required for the intended reading-order claim and not performed; no live PAC detail view or assistive-technology check was conducted.,No - the matched baseline has no relevant failure.,Yes - no explicit logical-order check is demonstrated.,No,coder_2,Outside Scope,No failed checkpoint is added for the reading-order swap; the intended M01 semantic property is not specifically automated here.,M01 logical reading order; no failed PAC checkpoint emitted,Semantic/AT review is required for the intended Class B effect and was not performed; this PAC packet is an automated summary only.,No - the matched baseline has no operator-relevant failed checkpoint.,Yes - the intended property is Class B; any generic PAC delta is not treated as a specific automated claim.,None observed.,agree,adjudicator_1,Outside Scope,Independent coders agreed on Outside Scope based on the paired mutant and baseline evidence.
DC-0071,PAC::Formal::PDFUA-Ref-2-01_Magazine-danish-M02,PDFUA-Ref-2-01_Magazine-danish-M02,PDFUA-Ref-2-01_Magazine-danish,M02,PAC,Formal,evidence/double_coding/DC-0071.pdf,8d601831c7252a43f2c55d0a27cbb5dc7f1bd76593570ecc55f8df137f88b7b0,coder_1,Outside Scope,No new failed PAC checkpoint identifies visible content omitted from tagged structure; changes in passed-check counts do not constitute an emitted failure.,M02 content-to-structure completeness checkpoint; no relevant PAC failure emitted,Required for the semantic completeness claim and not performed; no live tag-panel or assistive-technology check was conducted.,No - the matched baseline has no relevant failure.,Yes - the packet does not demonstrate an automated completeness check.,No,coder_2,Outside Scope,The removal reduces passed-check counts but adds no failed checkpoint tied to content completeness; this is not an automated detection.,M02 tagged-content completeness; no failed PAC checkpoint emitted,Semantic/AT review is required for the intended Class B effect and was not performed; this PAC packet is an automated summary only.,No - the matched baseline has no operator-relevant failed checkpoint.,Yes - the intended property is Class B; any generic PAC delta is not treated as a specific automated claim.,None observed.,agree,adjudicator_1,Outside Scope,Independent coders agreed on Outside Scope based on the paired mutant and baseline evidence.
DC-0072,PAC::Formal::PDFUA-Ref-2-01_Magazine-danish-M03,PDFUA-Ref-2-01_Magazine-danish-M03,PDFUA-Ref-2-01_Magazine-danish,M03,PAC,Formal,evidence/double_coding/DC-0072.pdf,8d1129919cb54190ccba6ab36c363ce3bfd28be7dfaaa5b9c0df0477303b57b0,coder_1,Detected,"The matched baseline has no Structure elements failures and the mutant adds one, directly matching the injected skipped heading level.",PAC summary checkpoint: Structure elements (1 new failure; detailed rule ID not present in one-page report),"Not required for this automated comparison; no live Acrobat, PAC detail view, tag-panel, or assistive-technology check was performed.",No - the matched baseline has no relevant failure.,No,No,coder_2,Detected,"The clean baseline gains one failed Structure elements check, matching the M03 skipped heading level.",PAC Structure elements; M03 / ISO 14289-1:2014 7.4.2,Not required for this classification; the PAC summary is automated and no live manual/AT check was performed.,No - the matched baseline has no operator-relevant failed checkpoint.,No - the operator is machine-checkable under the tested profile.,None observed.,agree,adjudicator_1,Detected,Independent coders agreed on Detected based on the paired mutant and baseline evidence.
DC-0073,PAC::Formal::PDFUA-Ref-2-01_Magazine-danish-M04,PDFUA-Ref-2-01_Magazine-danish-M04,PDFUA-Ref-2-01_Magazine-danish,M04,PAC,Formal,evidence/double_coding/DC-0073.pdf,8e3489df88fb21107f74ce57b60a3bfa8e73dd9cb6e75a7dafd32d3ab47afd4a,coder_1,Ambiguous,"The matched baseline has no PDF Syntax failures and the mutant adds exactly two, consistent with the two exchanged marked-content references; however, the one-page PAC report provides no association-specific rule identity or detail, so relevance cannot be established confidently.",PAC summary checkpoint: PDF Syntax (2 new failures; no detailed rule IDs in packet),Needed to resolve whether the syntax failures are association-specific and not performed; no live PAC detail view or tag-panel check was conducted.,No - the matched baseline has no relevant failure.,Unclear - checkpoint-level evidence is not association-specific.,No,coder_2,Ambiguous,"The clean baseline gains two PAC PDF Syntax failures, but this one-page summary exposes no rule identity or object, so association-specific correspondence cannot be established.",PAC PDF Syntax (2 new failures; rule identity/details absent); M04,Semantic/AT review is required for the intended Class B effect and was not performed; this PAC packet is an automated summary only.,No - the matched baseline has no operator-relevant failed checkpoint.,Yes - the intended property is Class B; any generic PAC delta is not treated as a specific automated claim.,None observed.,agree,adjudicator_1,Unrelated,"Post-coding protocol audit: relative to the matched baseline, the mutant adds only generic PAC PDF Syntax failures. The report does not identify the M04 content-association exchange, so the new finding is collateral/unrelated rather than ambiguous. Original coder decisions are preserved."
DC-0074,PAC::Formal::PDFUA-Ref-2-01_Magazine-danish-M05,PDFUA-Ref-2-01_Magazine-danish-M05,PDFUA-Ref-2-01_Magazine-danish,M05,PAC,Formal,evidence/double_coding/DC-0074.pdf,3c22aff305822cb7ba97753e1c3a25e64bb3b67e1e736ffb547b756dbd4c4f83,coder_1,Outside Scope,PAC emits no new failed checkpoint for the internal MCID sequence reversal relative to the matched baseline.,M05 intra-element content-order checkpoint; no relevant PAC failure emitted,Required for the semantic order claim and not performed; no live PAC detail view or assistive-technology check was conducted.,No - the matched baseline has no relevant failure.,Yes - no explicit intra-element order check is demonstrated.,No,coder_2,Outside Scope,No failed checkpoint is added for the intra-element content-order reversal; PAC provides no specific automated result for M05.,M05 intra-element order; no failed PAC checkpoint emitted,Semantic/AT review is required for the intended Class B effect and was not performed; this PAC packet is an automated summary only.,No - the matched baseline has no operator-relevant failed checkpoint.,Yes - the intended property is Class B; any generic PAC delta is not treated as a specific automated claim.,None observed.,agree,adjudicator_1,Outside Scope,Independent coders agreed on Outside Scope based on the paired mutant and baseline evidence.
DC-0075,PAC::Formal::PDFUA-Ref-2-01_Magazine-danish-M06,PDFUA-Ref-2-01_Magazine-danish-M06,PDFUA-Ref-2-01_Magazine-danish,M06,PAC,Formal,evidence/double_coding/DC-0075.pdf,8871e86c2239648c1281f2f1ea2076377bfafce5e715baa2a2a8d44c8d6bc0b9,coder_1,Missed,The duplicate LI reference only increases passed-check counts; no failed list-containment or duplicate-child checkpoint is emitted relative to baseline.,M06 duplicate-list-item structural checkpoint; no relevant PAC failure emitted,"Not required for this automated comparison; no live Acrobat, PAC detail view, tag-panel, or assistive-technology check was performed.",No - the matched baseline has no relevant failure.,No,No,coder_2,Missed,No failed checkpoint is added; PAC does not flag the duplicate direct /LI reference.,M06 list containment/uniqueness; no failed PAC checkpoint emitted,Not required for this classification; the PAC summary is automated and no live manual/AT check was performed.,No - the matched baseline has no operator-relevant failed checkpoint.,No - the operator is machine-checkable under the tested profile.,None observed.,agree,adjudicator_1,Missed,Independent coders agreed on Missed based on the paired mutant and baseline evidence.
DC-0076,PAC::Formal::PDFUA-Ref-2-01_Magazine-danish-M07,PDFUA-Ref-2-01_Magazine-danish-M07,PDFUA-Ref-2-01_Magazine-danish,M07,PAC,Formal,evidence/double_coding/DC-0076.pdf,014b93861a886584014a6a91d7ede6c0768cc9134ee562ebf388fe3e2eaa1449,coder_1,Detected,"The matched baseline has no Alternative Descriptions failures and the mutant adds one, directly matching removal of Figure alternate description.",PAC summary checkpoint: Alternative Descriptions (1 new failure),"Not required for this automated comparison; no live Acrobat, PAC detail view, tag-panel, or assistive-technology check was performed.",No - the matched baseline has no relevant failure.,No,No,coder_2,Detected,The clean baseline gains one failed Alternative Descriptions check after figure /Alt removal.,PAC Alternative Descriptions; M07 / ISO 14289-1:2014 7.3,Not required for this classification; the PAC summary is automated and no live manual/AT check was performed.,No - the matched baseline has no operator-relevant failed checkpoint.,No - the operator is machine-checkable under the tested profile.,None observed.,agree,adjudicator_1,Detected,Independent coders agreed on Detected based on the paired mutant and baseline evidence.
DC-0077,PAC::Formal::PDFUA-Ref-2-01_Magazine-danish-M08,PDFUA-Ref-2-01_Magazine-danish-M08,PDFUA-Ref-2-01_Magazine-danish,M08,PAC,Formal,evidence/double_coding/DC-0077.pdf,97db6561b2401e1c708587f79586103a54c819018ccc8f5c5c6ee0e57f8d6d42,coder_1,Detected,"The matched baseline has no Natural language failures and the mutant adds failures after catalog /Lang removal, directly matching the document-language mutation.",PAC summary checkpoint: Natural language (new failures),"Not required for this automated comparison; no live Acrobat, PAC detail view, tag-panel, or assistive-technology check was performed.",No - the matched baseline has no relevant failure.,No,No,coder_2,Detected,The baseline Natural language checks pass; the mutant adds failed Natural language checks after catalog /Lang removal.,PAC Natural language; M08 / ISO 14289-1:2014 7.2,Not required for this classification; the PAC summary is automated and no live manual/AT check was performed.,No - the matched baseline has no operator-relevant failed checkpoint.,No - the operator is machine-checkable under the tested profile.,None observed.,agree,adjudicator_1,Detected,Independent coders agreed on Detected based on the paired mutant and baseline evidence.
DC-0078,PAC::Formal::PDFUA-Ref-2-01_Magazine-danish-M09,PDFUA-Ref-2-01_Magazine-danish-M09,PDFUA-Ref-2-01_Magazine-danish,M09,PAC,Formal,evidence/double_coding/DC-0078.pdf,0af8da33fe8ff946439362b4b52411eea7bb4ade13a0c3297691bb188dd3648a,coder_1,Detected,"The matched baseline has no Role mapping failures and the mutant adds Role mapping failures, directly matching the invalid RoleMap target.",PAC summary checkpoint: Role mapping (new failures),"Not required for this automated comparison; no live Acrobat, PAC detail view, tag-panel, or assistive-technology check was performed.",No - the matched baseline has no relevant failure.,No,No,coder_2,Detected,The clean baseline gains failed Role mapping checks after the selected mapping target becomes undefined.,PAC Role mapping; M09 / ISO 14289-1:2014 7.1,Not required for this classification; the PAC summary is automated and no live manual/AT check was performed.,No - the matched baseline has no operator-relevant failed checkpoint.,No - the operator is machine-checkable under the tested profile.,None observed.,agree,adjudicator_1,Detected,Independent coders agreed on Detected based on the paired mutant and baseline evidence.
DC-0079,PAC::Formal::PDFUA-Ref-2-02_Invoice-M02,PDFUA-Ref-2-02_Invoice-M02,PDFUA-Ref-2-02_Invoice,M02,PAC,Formal,evidence/double_coding/DC-0079.pdf,c94ed44553b17885a9a7de14e3336c1ce04f5ed20236ace97a935a69bb43c052,coder_1,Outside Scope,No new failed PAC checkpoint identifies visible content omitted from tagged structure; changes in passed-check counts do not constitute an emitted failure.,M02 content-to-structure completeness checkpoint; no relevant PAC failure emitted,Required for the semantic completeness claim and not performed; no live tag-panel or assistive-technology check was conducted.,No - the matched baseline has no relevant failure.,Yes - the packet does not demonstrate an automated completeness check.,No,coder_2,Outside Scope,The removal reduces passed-check counts but adds no failed checkpoint tied to content completeness; this is not an automated detection.,M02 tagged-content completeness; no failed PAC checkpoint emitted,Semantic/AT review is required for the intended Class B effect and was not performed; this PAC packet is an automated summary only.,No - the matched baseline has no operator-relevant failed checkpoint.,Yes - the intended property is Class B; any generic PAC delta is not treated as a specific automated claim.,None observed.,agree,adjudicator_1,Outside Scope,Independent coders agreed on Outside Scope based on the paired mutant and baseline evidence.
DC-0080,PAC::Formal::PDFUA-Ref-2-02_Invoice-M03,PDFUA-Ref-2-02_Invoice-M03,PDFUA-Ref-2-02_Invoice,M03,PAC,Formal,evidence/double_coding/DC-0080.pdf,0f7742068a228379603b4953d5cdc1c327ed5b2edbc7f99cc2245d756b1c715a,coder_1,Detected,"The matched baseline has no Structure elements failures and the mutant adds one, directly matching the injected skipped heading level.",PAC summary checkpoint: Structure elements (1 new failure; detailed rule ID not present in one-page report),"Not required for this automated comparison; no live Acrobat, PAC detail view, tag-panel, or assistive-technology check was performed.",No - the matched baseline has no relevant failure.,No,No,coder_2,Detected,"The clean baseline gains one failed Structure elements check, matching the M03 skipped heading level.",PAC Structure elements; M03 / ISO 14289-1:2014 7.4.2,Not required for this classification; the PAC summary is automated and no live manual/AT check was performed.,No - the matched baseline has no operator-relevant failed checkpoint.,No - the operator is machine-checkable under the tested profile.,None observed.,agree,adjudicator_1,Detected,Independent coders agreed on Detected based on the paired mutant and baseline evidence.
DC-0081,PAC::Formal::PDFUA-Ref-2-02_Invoice-M04,PDFUA-Ref-2-02_Invoice-M04,PDFUA-Ref-2-02_Invoice,M04,PAC,Formal,evidence/double_coding/DC-0081.pdf,f89a29ca9f9869c3b5ef190482e6b1055ac1234dff9189f209a5d92805924e75,coder_1,Ambiguous,"The matched baseline has no PDF Syntax failures and the mutant adds exactly two, consistent with the two exchanged marked-content references; however, the one-page PAC report provides no association-specific rule identity or detail, so relevance cannot be established confidently.",PAC summary checkpoint: PDF Syntax (2 new failures; no detailed rule IDs in packet),Needed to resolve whether the syntax failures are association-specific and not performed; no live PAC detail view or tag-panel check was conducted.,No - the matched baseline has no relevant failure.,Unclear - checkpoint-level evidence is not association-specific.,No,coder_2,Ambiguous,"The clean baseline gains two PAC PDF Syntax failures, but this one-page summary exposes no rule identity or object, so association-specific correspondence cannot be established.",PAC PDF Syntax (2 new failures; rule identity/details absent); M04,Semantic/AT review is required for the intended Class B effect and was not performed; this PAC packet is an automated summary only.,No - the matched baseline has no operator-relevant failed checkpoint.,Yes - the intended property is Class B; any generic PAC delta is not treated as a specific automated claim.,None observed.,agree,adjudicator_1,Unrelated,"Post-coding protocol audit: relative to the matched baseline, the mutant adds only generic PAC PDF Syntax failures. The report does not identify the M04 content-association exchange, so the new finding is collateral/unrelated rather than ambiguous. Original coder decisions are preserved."
DC-0082,PAC::Formal::PDFUA-Ref-2-02_Invoice-M07,PDFUA-Ref-2-02_Invoice-M07,PDFUA-Ref-2-02_Invoice,M07,PAC,Formal,evidence/double_coding/DC-0082.pdf,8a4cde7b3378dec8d1ad60b7441389861026d26255b204330ace6e3d57041514,coder_1,Detected,"The matched baseline has no Alternative Descriptions failures and the mutant adds one, directly matching removal of Figure alternate description.",PAC summary checkpoint: Alternative Descriptions (1 new failure),"Not required for this automated comparison; no live Acrobat, PAC detail view, tag-panel, or assistive-technology check was performed.",No - the matched baseline has no relevant failure.,No,No,coder_2,Detected,The clean baseline gains one failed Alternative Descriptions check after figure /Alt removal.,PAC Alternative Descriptions; M07 / ISO 14289-1:2014 7.3,Not required for this classification; the PAC summary is automated and no live manual/AT check was performed.,No - the matched baseline has no operator-relevant failed checkpoint.,No - the operator is machine-checkable under the tested profile.,None observed.,agree,adjudicator_1,Detected,Independent coders agreed on Detected based on the paired mutant and baseline evidence.
DC-0083,PAC::Formal::PDFUA-Ref-2-02_Invoice-M08,PDFUA-Ref-2-02_Invoice-M08,PDFUA-Ref-2-02_Invoice,M08,PAC,Formal,evidence/double_coding/DC-0083.pdf,925fd0e19bf474e29843055b4d6f49941c09ba815572060a2f514becf9b8c562,coder_1,Detected,"The matched baseline has no Natural language failures and the mutant adds failures after catalog /Lang removal, directly matching the document-language mutation.",PAC summary checkpoint: Natural language (new failures),"Not required for this automated comparison; no live Acrobat, PAC detail view, tag-panel, or assistive-technology check was performed.",No - the matched baseline has no relevant failure.,No,No,coder_2,Detected,The baseline Natural language checks pass; the mutant adds failed Natural language checks after catalog /Lang removal.,PAC Natural language; M08 / ISO 14289-1:2014 7.2,Not required for this classification; the PAC summary is automated and no live manual/AT check was performed.,No - the matched baseline has no operator-relevant failed checkpoint.,No - the operator is machine-checkable under the tested profile.,None observed.,agree,adjudicator_1,Detected,Independent coders agreed on Detected based on the paired mutant and baseline evidence.
DC-0084,PAC::Formal::PDFUA-Ref-2-02_Invoice-M10,PDFUA-Ref-2-02_Invoice-M10,PDFUA-Ref-2-02_Invoice,M10,PAC,Formal,evidence/double_coding/DC-0084.pdf,f1baf5b007565b3025f807b71b3f6dadedfc3500f6b6d3dd5e9013e9245f24b1,coder_1,Detected,"The matched baseline has no Structure tree failure and the mutant adds one after a direct cell role is changed to P, matching the illegal table-child containment defect. Structure-element warnings were not counted as the detection.",PAC summary checkpoint: Structure tree (1 new failure),"Not required for this automated comparison; no live Acrobat, PAC detail view, tag-panel, or assistive-technology check was performed.",No - the matched baseline has no relevant failure.,No,No,coder_2,Detected,The clean baseline gains a failed Structure tree check after a direct TH/TD child of TR is changed to P.,PAC Structure tree; M10 / ISO 14289-1:2014 7.2 table containment,Not required for this classification; the PAC summary is automated and no live manual/AT check was performed.,No - the matched baseline has no operator-relevant failed checkpoint.,No - the operator is machine-checkable under the tested profile.,None observed.,agree,adjudicator_1,Detected,Independent coders agreed on Detected based on the paired mutant and baseline evidence.
DC-0085,PAC::Formal::PDFUA-Ref-2-03_AcademicAbstract-M01,PDFUA-Ref-2-03_AcademicAbstract-M01,PDFUA-Ref-2-03_AcademicAbstract,M01,PAC,Formal,evidence/double_coding/DC-0085.pdf,ba1e5361a58f1595c48d6e055735986e9285be1a64226ec9c7045c5474f274ef,coder_1,Outside Scope,PAC emits no new failed checkpoint that identifies the intended logical-reading-order swap relative to the matched baseline.,M01 logical-reading-order checkpoint; no relevant PAC failure emitted,Required for the intended reading-order claim and not performed; no live PAC detail view or assistive-technology check was conducted.,No - the matched baseline has no relevant failure.,Yes - no explicit logical-order check is demonstrated.,No,coder_2,Outside Scope,No failed checkpoint is added for the reading-order swap; the intended M01 semantic property is not specifically automated here.,M01 logical reading order; no failed PAC checkpoint emitted,Semantic/AT review is required for the intended Class B effect and was not performed; this PAC packet is an automated summary only.,No - the matched baseline has no operator-relevant failed checkpoint.,Yes - the intended property is Class B; any generic PAC delta is not treated as a specific automated claim.,None observed.,agree,adjudicator_1,Outside Scope,Independent coders agreed on Outside Scope based on the paired mutant and baseline evidence.
DC-0086,PAC::Formal::PDFUA-Ref-2-03_AcademicAbstract-M02,PDFUA-Ref-2-03_AcademicAbstract-M02,PDFUA-Ref-2-03_AcademicAbstract,M02,PAC,Formal,evidence/double_coding/DC-0086.pdf,4c7c3c466436c7b8a36fcc828b55950cf0171abebb6bd683d9f410c92f386eec,coder_1,Outside Scope,No new failed PAC checkpoint identifies visible content omitted from tagged structure; changes in passed-check counts do not constitute an emitted failure.,M02 content-to-structure completeness checkpoint; no relevant PAC failure emitted,Required for the semantic completeness claim and not performed; no live tag-panel or assistive-technology check was conducted.,No - the matched baseline has no relevant failure.,Yes - the packet does not demonstrate an automated completeness check.,No,coder_2,Outside Scope,The removal reduces passed-check counts but adds no failed checkpoint tied to content completeness; this is not an automated detection.,M02 tagged-content completeness; no failed PAC checkpoint emitted,Semantic/AT review is required for the intended Class B effect and was not performed; this PAC packet is an automated summary only.,No - the matched baseline has no operator-relevant failed checkpoint.,Yes - the intended property is Class B; any generic PAC delta is not treated as a specific automated claim.,None observed.,agree,adjudicator_1,Outside Scope,Independent coders agreed on Outside Scope based on the paired mutant and baseline evidence.
DC-0087,PAC::Formal::PDFUA-Ref-2-03_AcademicAbstract-M03,PDFUA-Ref-2-03_AcademicAbstract-M03,PDFUA-Ref-2-03_AcademicAbstract,M03,PAC,Formal,evidence/double_coding/DC-0087.pdf,0b1561c2efbb659f7a8da343a5a2aa592123bd11a1eec58ac7d62f9ec6d249c7,coder_1,Detected,"The matched baseline has no Structure elements failures and the mutant adds one, directly matching the injected skipped heading level.",PAC summary checkpoint: Structure elements (1 new failure; detailed rule ID not present in one-page report),"Not required for this automated comparison; no live Acrobat, PAC detail view, tag-panel, or assistive-technology check was performed.",No - the matched baseline has no relevant failure.,No,No,coder_2,Detected,"The clean baseline gains one failed Structure elements check, matching the M03 skipped heading level.",PAC Structure elements; M03 / ISO 14289-1:2014 7.4.2,Not required for this classification; the PAC summary is automated and no live manual/AT check was performed.,No - the matched baseline has no operator-relevant failed checkpoint.,No - the operator is machine-checkable under the tested profile.,None observed.,agree,adjudicator_1,Detected,Independent coders agreed on Detected based on the paired mutant and baseline evidence.
DC-0088,PAC::Formal::PDFUA-Ref-2-03_AcademicAbstract-M04,PDFUA-Ref-2-03_AcademicAbstract-M04,PDFUA-Ref-2-03_AcademicAbstract,M04,PAC,Formal,evidence/double_coding/DC-0088.pdf,a86795cb89d758d7254c40e1a20fb4f70cdcc5f5c931310f2c4df1c643746b5e,coder_1,Ambiguous,"The matched baseline has no PDF Syntax failures and the mutant adds exactly two, consistent with the two exchanged marked-content references; however, the one-page PAC report provides no association-specific rule identity or detail, so relevance cannot be established confidently.",PAC summary checkpoint: PDF Syntax (2 new failures; no detailed rule IDs in packet),Needed to resolve whether the syntax failures are association-specific and not performed; no live PAC detail view or tag-panel check was conducted.,No - the matched baseline has no relevant failure.,Unclear - checkpoint-level evidence is not association-specific.,No,coder_2,Ambiguous,"The clean baseline gains two PAC PDF Syntax failures, but this one-page summary exposes no rule identity or object, so association-specific correspondence cannot be established.",PAC PDF Syntax (2 new failures; rule identity/details absent); M04,Semantic/AT review is required for the intended Class B effect and was not performed; this PAC packet is an automated summary only.,No - the matched baseline has no operator-relevant failed checkpoint.,Yes - the intended property is Class B; any generic PAC delta is not treated as a specific automated claim.,None observed.,agree,adjudicator_1,Unrelated,"Post-coding protocol audit: relative to the matched baseline, the mutant adds only generic PAC PDF Syntax failures. The report does not identify the M04 content-association exchange, so the new finding is collateral/unrelated rather than ambiguous. Original coder decisions are preserved."
DC-0089,PAC::Formal::PDFUA-Ref-2-03_AcademicAbstract-M05,PDFUA-Ref-2-03_AcademicAbstract-M05,PDFUA-Ref-2-03_AcademicAbstract,M05,PAC,Formal,evidence/double_coding/DC-0089.pdf,16028883478f7f9e1525f5341b709dfd6ab0ed74c644c697965fec208e82bf71,coder_1,Outside Scope,PAC emits no new failed checkpoint for the internal MCID sequence reversal relative to the matched baseline.,M05 intra-element content-order checkpoint; no relevant PAC failure emitted,Required for the semantic order claim and not performed; no live PAC detail view or assistive-technology check was conducted.,No - the matched baseline has no relevant failure.,Yes - no explicit intra-element order check is demonstrated.,No,coder_2,Outside Scope,No failed checkpoint is added for the intra-element content-order reversal; PAC provides no specific automated result for M05.,M05 intra-element order; no failed PAC checkpoint emitted,Semantic/AT review is required for the intended Class B effect and was not performed; this PAC packet is an automated summary only.,No - the matched baseline has no operator-relevant failed checkpoint.,Yes - the intended property is Class B; any generic PAC delta is not treated as a specific automated claim.,None observed.,agree,adjudicator_1,Outside Scope,Independent coders agreed on Outside Scope based on the paired mutant and baseline evidence.
DC-0090,PAC::Formal::PDFUA-Ref-2-03_AcademicAbstract-M06,PDFUA-Ref-2-03_AcademicAbstract-M06,PDFUA-Ref-2-03_AcademicAbstract,M06,PAC,Formal,evidence/double_coding/DC-0090.pdf,9a572b52bde80b5bfb0b0e93700249387b00406c01c2bf3835c32a1ee6b8a121,coder_1,Missed,The duplicate LI reference only increases passed-check counts; no failed list-containment or duplicate-child checkpoint is emitted relative to baseline.,M06 duplicate-list-item structural checkpoint; no relevant PAC failure emitted,"Not required for this automated comparison; no live Acrobat, PAC detail view, tag-panel, or assistive-technology check was performed.",No - the matched baseline has no relevant failure.,No,No,coder_2,Missed,No failed checkpoint is added; PAC does not flag the duplicate direct /LI reference.,M06 list containment/uniqueness; no failed PAC checkpoint emitted,Not required for this classification; the PAC summary is automated and no live manual/AT check was performed.,No - the matched baseline has no operator-relevant failed checkpoint.,No - the operator is machine-checkable under the tested profile.,None observed.,agree,adjudicator_1,Missed,Independent coders agreed on Missed based on the paired mutant and baseline evidence.
DC-0091,PAC::Formal::PDFUA-Ref-2-03_AcademicAbstract-M08,PDFUA-Ref-2-03_AcademicAbstract-M08,PDFUA-Ref-2-03_AcademicAbstract,M08,PAC,Formal,evidence/double_coding/DC-0091.pdf,ca953e3482775113027796025780bff991edca8f84dbe184cbde458f659ed5ae,coder_1,Detected,"The matched baseline has no Natural language failures and the mutant adds failures after catalog /Lang removal, directly matching the document-language mutation.",PAC summary checkpoint: Natural language (new failures),"Not required for this automated comparison; no live Acrobat, PAC detail view, tag-panel, or assistive-technology check was performed.",No - the matched baseline has no relevant failure.,No,No,coder_2,Detected,The baseline Natural language checks pass; the mutant adds failed Natural language checks after catalog /Lang removal.,PAC Natural language; M08 / ISO 14289-1:2014 7.2,Not required for this classification; the PAC summary is automated and no live manual/AT check was performed.,No - the matched baseline has no operator-relevant failed checkpoint.,No - the operator is machine-checkable under the tested profile.,None observed.,agree,adjudicator_1,Detected,Independent coders agreed on Detected based on the paired mutant and baseline evidence.
DC-0092,PAC::Formal::PDFUA-Ref-2-04_Presentation-M01,PDFUA-Ref-2-04_Presentation-M01,PDFUA-Ref-2-04_Presentation,M01,PAC,Formal,evidence/double_coding/DC-0092.pdf,676fdb12f5b6367e4dcb3bdfc6abf6dbabbd83d9e97570f92c656b6aa4e52b17,coder_1,Outside Scope,PAC emits no new failed checkpoint that identifies the intended logical-reading-order swap relative to the matched baseline.,M01 logical-reading-order checkpoint; no relevant PAC failure emitted,Required for the intended reading-order claim and not performed; no live PAC detail view or assistive-technology check was conducted.,No - the matched baseline has no relevant failure.,Yes - no explicit logical-order check is demonstrated.,No,coder_2,Outside Scope,No failed checkpoint is added for the reading-order swap; the intended M01 semantic property is not specifically automated here.,M01 logical reading order; no failed PAC checkpoint emitted,Semantic/AT review is required for the intended Class B effect and was not performed; this PAC packet is an automated summary only.,No - the matched baseline has no operator-relevant failed checkpoint.,Yes - the intended property is Class B; any generic PAC delta is not treated as a specific automated claim.,None observed.,agree,adjudicator_1,Outside Scope,Independent coders agreed on Outside Scope based on the paired mutant and baseline evidence.
DC-0093,PAC::Formal::PDFUA-Ref-2-04_Presentation-M02,PDFUA-Ref-2-04_Presentation-M02,PDFUA-Ref-2-04_Presentation,M02,PAC,Formal,evidence/double_coding/DC-0093.pdf,5bfc5c0bbb1ee0b02a9a7fb8373551894e34fe5c92e4700028f4716dabbea6ec,coder_1,Outside Scope,No new failed PAC checkpoint identifies visible content omitted from tagged structure; changes in passed-check counts do not constitute an emitted failure.,M02 content-to-structure completeness checkpoint; no relevant PAC failure emitted,Required for the semantic completeness claim and not performed; no live tag-panel or assistive-technology check was conducted.,No - the matched baseline has no relevant failure.,Yes - the packet does not demonstrate an automated completeness check.,No,coder_2,Outside Scope,The removal reduces passed-check counts but adds no failed checkpoint tied to content completeness; this is not an automated detection.,M02 tagged-content completeness; no failed PAC checkpoint emitted,Semantic/AT review is required for the intended Class B effect and was not performed; this PAC packet is an automated summary only.,No - the matched baseline has no operator-relevant failed checkpoint.,Yes - the intended property is Class B; any generic PAC delta is not treated as a specific automated claim.,None observed.,agree,adjudicator_1,Outside Scope,Independent coders agreed on Outside Scope based on the paired mutant and baseline evidence.
DC-0094,PAC::Formal::PDFUA-Ref-2-04_Presentation-M03,PDFUA-Ref-2-04_Presentation-M03,PDFUA-Ref-2-04_Presentation,M03,PAC,Formal,evidence/double_coding/DC-0094.pdf,df2183784feb537cd6e88b2d1ddad9cb83f1d80c74d27d426eae0fc4eb5242ec,coder_1,Detected,"The matched baseline has no Structure elements failures and the mutant adds one, directly matching the injected skipped heading level.",PAC summary checkpoint: Structure elements (1 new failure; detailed rule ID not present in one-page report),"Not required for this automated comparison; no live Acrobat, PAC detail view, tag-panel, or assistive-technology check was performed.",No - the matched baseline has no relevant failure.,No,No,coder_2,Detected,"The clean baseline gains one failed Structure elements check, matching the M03 skipped heading level.",PAC Structure elements; M03 / ISO 14289-1:2014 7.4.2,Not required for this classification; the PAC summary is automated and no live manual/AT check was performed.,No - the matched baseline has no operator-relevant failed checkpoint.,No - the operator is machine-checkable under the tested profile.,None observed.,agree,adjudicator_1,Detected,Independent coders agreed on Detected based on the paired mutant and baseline evidence.
DC-0095,PAC::Formal::PDFUA-Ref-2-04_Presentation-M04,PDFUA-Ref-2-04_Presentation-M04,PDFUA-Ref-2-04_Presentation,M04,PAC,Formal,evidence/double_coding/DC-0095.pdf,cbe28585a4d6c6adba3dffcc0a957895888494b1a9489b2f77c11d4cdddc1f76,coder_1,Ambiguous,"The matched baseline has no PDF Syntax failures and the mutant adds exactly two, consistent with the two exchanged marked-content references; however, the one-page PAC report provides no association-specific rule identity or detail, so relevance cannot be established confidently.",PAC summary checkpoint: PDF Syntax (2 new failures; no detailed rule IDs in packet),Needed to resolve whether the syntax failures are association-specific and not performed; no live PAC detail view or tag-panel check was conducted.,No - the matched baseline has no relevant failure.,Unclear - checkpoint-level evidence is not association-specific.,No,coder_2,Ambiguous,"The clean baseline gains two PAC PDF Syntax failures, but this one-page summary exposes no rule identity or object, so association-specific correspondence cannot be established.",PAC PDF Syntax (2 new failures; rule identity/details absent); M04,Semantic/AT review is required for the intended Class B effect and was not performed; this PAC packet is an automated summary only.,No - the matched baseline has no operator-relevant failed checkpoint.,Yes - the intended property is Class B; any generic PAC delta is not treated as a specific automated claim.,None observed.,agree,adjudicator_1,Unrelated,"Post-coding protocol audit: relative to the matched baseline, the mutant adds only generic PAC PDF Syntax failures. The report does not identify the M04 content-association exchange, so the new finding is collateral/unrelated rather than ambiguous. Original coder decisions are preserved."
DC-0096,PAC::Formal::PDFUA-Ref-2-04_Presentation-M05,PDFUA-Ref-2-04_Presentation-M05,PDFUA-Ref-2-04_Presentation,M05,PAC,Formal,evidence/double_coding/DC-0096.pdf,1c354fc80cbbabfa50b483b742d9eb3ff834e8dd01187cc7aa550a6a180c40c7,coder_1,Ambiguous,"The mutant report filename identifies a different source document from the matched baseline companion, so this is not a valid paired comparison and no defensible detection decision can be forced.",Evidence source mismatch; no relevant PAC failure,Not performed; the source mismatch must be corrected before semantic review.,Yes - mutant and baseline reports identify different source documents.,Unclear because the evidence pair is mismatched.,Yes - packet/source mismatch.,coder_2,Ambiguous,"The mutant report names a different source document than the matched baseline, so the pair is not valid for judging M05.",M05 intra-element order; packet source mismatch prevents rule comparison,Semantic/AT review is required for the intended Class B effect and was not performed; this PAC packet is an automated summary only.,Indeterminate - mutant and baseline reports identify different source documents.,Yes - the intended property is Class B; any generic PAC delta is not treated as a specific automated claim.,Evidence-pair defect: the PAC mutant report is paired to a baseline from another source document.,agree,adjudicator_1,Outside Scope,"Post-coding custody correction: the original mismatched packet is preserved, and the corrected hash-linked PAC report identifies the expected mutant and passes. M05 intra-element content order is a Class B semantic property outside PAC Formal's automated claim, so the final label is Outside Scope. Original coder decisions are preserved."
DC-0097,PAC::Formal::PDFUA-Ref-2-04_Presentation-M06,PDFUA-Ref-2-04_Presentation-M06,PDFUA-Ref-2-04_Presentation,M06,PAC,Formal,evidence/double_coding/DC-0097.pdf,55f99e47dc27ba24066d4430800ed7f1ba34438f471a0b24d93520e4e924a4e8,coder_1,Missed,The duplicate LI reference only increases passed-check counts; no failed list-containment or duplicate-child checkpoint is emitted relative to baseline.,M06 duplicate-list-item structural checkpoint; no relevant PAC failure emitted,"Not required for this automated comparison; no live Acrobat, PAC detail view, tag-panel, or assistive-technology check was performed.",No - the matched baseline has no relevant failure.,No,No,coder_2,Missed,No failed checkpoint is added; PAC does not flag the duplicate direct /LI reference.,M06 list containment/uniqueness; no failed PAC checkpoint emitted,Not required for this classification; the PAC summary is automated and no live manual/AT check was performed.,No - the matched baseline has no operator-relevant failed checkpoint.,No - the operator is machine-checkable under the tested profile.,None observed.,agree,adjudicator_1,Missed,Independent coders agreed on Missed based on the paired mutant and baseline evidence.
DC-0098,PAC::Formal::PDFUA-Ref-2-04_Presentation-M07,PDFUA-Ref-2-04_Presentation-M07,PDFUA-Ref-2-04_Presentation,M07,PAC,Formal,evidence/double_coding/DC-0098.pdf,398184e6a816166f6b7e9ee8ef530147b9dc76b002708ca28467e14a0b28e837,coder_1,Detected,"The matched baseline has no Alternative Descriptions failures and the mutant adds one, directly matching removal of Figure alternate description.",PAC summary checkpoint: Alternative Descriptions (1 new failure),"Not required for this automated comparison; no live Acrobat, PAC detail view, tag-panel, or assistive-technology check was performed.",No - the matched baseline has no relevant failure.,No,No,coder_2,Detected,The clean baseline gains one failed Alternative Descriptions check after figure /Alt removal.,PAC Alternative Descriptions; M07 / ISO 14289-1:2014 7.3,Not required for this classification; the PAC summary is automated and no live manual/AT check was performed.,No - the matched baseline has no operator-relevant failed checkpoint.,No - the operator is machine-checkable under the tested profile.,None observed.,agree,adjudicator_1,Detected,Independent coders agreed on Detected based on the paired mutant and baseline evidence.
DC-0099,PAC::Formal::PDFUA-Ref-2-04_Presentation-M08,PDFUA-Ref-2-04_Presentation-M08,PDFUA-Ref-2-04_Presentation,M08,PAC,Formal,evidence/double_coding/DC-0099.pdf,fb3498dd88b620469bfaf273450a1edb3c78fe4c02a50f7559352ec8af5f6354,coder_1,Detected,"The matched baseline has no Natural language failures and the mutant adds failures after catalog /Lang removal, directly matching the document-language mutation.",PAC summary checkpoint: Natural language (new failures),"Not required for this automated comparison; no live Acrobat, PAC detail view, tag-panel, or assistive-technology check was performed.",No - the matched baseline has no relevant failure.,No,No,coder_2,Detected,The baseline Natural language checks pass; the mutant adds failed Natural language checks after catalog /Lang removal.,PAC Natural language; M08 / ISO 14289-1:2014 7.2,Not required for this classification; the PAC summary is automated and no live manual/AT check was performed.,No - the matched baseline has no operator-relevant failed checkpoint.,No - the operator is machine-checkable under the tested profile.,None observed.,agree,adjudicator_1,Detected,Independent coders agreed on Detected based on the paired mutant and baseline evidence.
DC-0100,PAC::Formal::PDFUA-Ref-2-04_Presentation-M09,PDFUA-Ref-2-04_Presentation-M09,PDFUA-Ref-2-04_Presentation,M09,PAC,Formal,evidence/double_coding/DC-0100.pdf,3db6795f573e02dfb0dbb2f1a4bfdcee45955a9348136a850083fb120ea8328e,coder_1,Detected,"The matched baseline has no Role mapping failures and the mutant adds Role mapping failures, directly matching the invalid RoleMap target.",PAC summary checkpoint: Role mapping (new failures),"Not required for this automated comparison; no live Acrobat, PAC detail view, tag-panel, or assistive-technology check was performed.",No - the matched baseline has no relevant failure.,No,No,coder_2,Detected,The clean baseline gains failed Role mapping checks after the selected mapping target becomes undefined.,PAC Role mapping; M09 / ISO 14289-1:2014 7.1,Not required for this classification; the PAC summary is automated and no live manual/AT check was performed.,No - the matched baseline has no operator-relevant failed checkpoint.,No - the operator is machine-checkable under the tested profile.,None observed.,agree,adjudicator_1,Detected,Independent coders agreed on Detected based on the paired mutant and baseline evidence.
DC-0101,PAC::Formal::PDFUA-Ref-2-05_BookChapter-german-M01,PDFUA-Ref-2-05_BookChapter-german-M01,PDFUA-Ref-2-05_BookChapter-german,M01,PAC,Formal,evidence/double_coding/DC-0101.pdf,13e63b69f3d68c9923e124b4e16b4cdd3c8d224647f77dac9af231a229f76514,coder_1,Outside Scope,PAC emits no new failed checkpoint that identifies the intended logical-reading-order swap relative to the matched baseline.,M01 logical-reading-order checkpoint; no relevant PAC failure emitted,Required for the intended reading-order claim and not performed; no live PAC detail view or assistive-technology check was conducted.,No - the matched baseline has no relevant failure.,Yes - no explicit logical-order check is demonstrated.,No,coder_2,Outside Scope,No failed checkpoint is added for the reading-order swap; the intended M01 semantic property is not specifically automated here.,M01 logical reading order; no failed PAC checkpoint emitted,Semantic/AT review is required for the intended Class B effect and was not performed; this PAC packet is an automated summary only.,No - the matched baseline has no operator-relevant failed checkpoint.,Yes - the intended property is Class B; any generic PAC delta is not treated as a specific automated claim.,None observed.,agree,adjudicator_1,Outside Scope,Independent coders agreed on Outside Scope based on the paired mutant and baseline evidence.
DC-0102,PAC::Formal::PDFUA-Ref-2-05_BookChapter-german-M02,PDFUA-Ref-2-05_BookChapter-german-M02,PDFUA-Ref-2-05_BookChapter-german,M02,PAC,Formal,evidence/double_coding/DC-0102.pdf,744da1955947f254ba8fc789d4ae449f0303019bbd0ba564020e5bc22312b6b9,coder_1,Outside Scope,No new failed PAC checkpoint identifies visible content omitted from tagged structure; changes in passed-check counts do not constitute an emitted failure.,M02 content-to-structure completeness checkpoint; no relevant PAC failure emitted,Required for the semantic completeness claim and not performed; no live tag-panel or assistive-technology check was conducted.,No - the matched baseline has no relevant failure.,Yes - the packet does not demonstrate an automated completeness check.,No,coder_2,Outside Scope,The removal reduces passed-check counts but adds no failed checkpoint tied to content completeness; this is not an automated detection.,M02 tagged-content completeness; no failed PAC checkpoint emitted,Semantic/AT review is required for the intended Class B effect and was not performed; this PAC packet is an automated summary only.,No - the matched baseline has no operator-relevant failed checkpoint.,Yes - the intended property is Class B; any generic PAC delta is not treated as a specific automated claim.,None observed.,agree,adjudicator_1,Outside Scope,Independent coders agreed on Outside Scope based on the paired mutant and baseline evidence.
DC-0103,PAC::Formal::PDFUA-Ref-2-05_BookChapter-german-M03,PDFUA-Ref-2-05_BookChapter-german-M03,PDFUA-Ref-2-05_BookChapter-german,M03,PAC,Formal,evidence/double_coding/DC-0103.pdf,36d1704204141232fe4c4caf5fe0b1cadcaee9ebe55ea8eb87e5fd79bbbc782e,coder_1,Detected,"The matched baseline has no Structure elements failures and the mutant adds one, directly matching the injected skipped heading level.",PAC summary checkpoint: Structure elements (1 new failure; detailed rule ID not present in one-page report),"Not required for this automated comparison; no live Acrobat, PAC detail view, tag-panel, or assistive-technology check was performed.",No - the matched baseline has no relevant failure.,No,No,coder_2,Detected,"The clean baseline gains one failed Structure elements check, matching the M03 skipped heading level.",PAC Structure elements; M03 / ISO 14289-1:2014 7.4.2,Not required for this classification; the PAC summary is automated and no live manual/AT check was performed.,No - the matched baseline has no operator-relevant failed checkpoint.,No - the operator is machine-checkable under the tested profile.,None observed.,agree,adjudicator_1,Detected,Independent coders agreed on Detected based on the paired mutant and baseline evidence.
DC-0104,PAC::Formal::PDFUA-Ref-2-05_BookChapter-german-M04,PDFUA-Ref-2-05_BookChapter-german-M04,PDFUA-Ref-2-05_BookChapter-german,M04,PAC,Formal,evidence/double_coding/DC-0104.pdf,4059d232982ab9208f33b17cf407453323912370c7eaa25426c391801bb3104f,coder_1,Ambiguous,"The matched baseline has no PDF Syntax failures and the mutant adds exactly two, consistent with the two exchanged marked-content references; however, the one-page PAC report provides no association-specific rule identity or detail, so relevance cannot be established confidently.",PAC summary checkpoint: PDF Syntax (2 new failures; no detailed rule IDs in packet),Needed to resolve whether the syntax failures are association-specific and not performed; no live PAC detail view or tag-panel check was conducted.,No - the matched baseline has no relevant failure.,Unclear - checkpoint-level evidence is not association-specific.,No,coder_2,Ambiguous,"The clean baseline gains two PAC PDF Syntax failures, but this one-page summary exposes no rule identity or object, so association-specific correspondence cannot be established.",PAC PDF Syntax (2 new failures; rule identity/details absent); M04,Semantic/AT review is required for the intended Class B effect and was not performed; this PAC packet is an automated summary only.,No - the matched baseline has no operator-relevant failed checkpoint.,Yes - the intended property is Class B; any generic PAC delta is not treated as a specific automated claim.,None observed.,agree,adjudicator_1,Unrelated,"Post-coding protocol audit: relative to the matched baseline, the mutant adds only generic PAC PDF Syntax failures. The report does not identify the M04 content-association exchange, so the new finding is collateral/unrelated rather than ambiguous. Original coder decisions are preserved."
DC-0105,PAC::Formal::PDFUA-Ref-2-05_BookChapter-german-M05,PDFUA-Ref-2-05_BookChapter-german-M05,PDFUA-Ref-2-05_BookChapter-german,M05,PAC,Formal,evidence/double_coding/DC-0105.pdf,75a3e608fe1ffda8a147db3565c8553840e521f2101684d17ae0dc891bf190e7,coder_1,Ambiguous,"The mutant report filename identifies a different source document from the matched baseline companion, so this is not a valid paired comparison and no defensible detection decision can be forced.",Evidence source mismatch; no relevant PAC failure,Not performed; the source mismatch must be corrected before semantic review.,Yes - mutant and baseline reports identify different source documents.,Unclear because the evidence pair is mismatched.,Yes - packet/source mismatch.,coder_2,Ambiguous,"The mutant report names a different source document than the matched baseline, so the pair is not valid for judging M05.",M05 intra-element order; packet source mismatch prevents rule comparison,Semantic/AT review is required for the intended Class B effect and was not performed; this PAC packet is an automated summary only.,Indeterminate - mutant and baseline reports identify different source documents.,Yes - the intended property is Class B; any generic PAC delta is not treated as a specific automated claim.,Evidence-pair defect: the PAC mutant report is paired to a baseline from another source document.,agree,adjudicator_1,Outside Scope,"Post-coding custody correction: the original mismatched packet is preserved, and the corrected hash-linked PAC report identifies the expected mutant and passes. M05 intra-element content order is a Class B semantic property outside PAC Formal's automated claim, so the final label is Outside Scope. Original coder decisions are preserved."
DC-0106,PAC::Formal::PDFUA-Ref-2-05_BookChapter-german-M06,PDFUA-Ref-2-05_BookChapter-german-M06,PDFUA-Ref-2-05_BookChapter-german,M06,PAC,Formal,evidence/double_coding/DC-0106.pdf,d2a2d56d16b9380bd1e8ae630ab1d943795bfbd989c6c5cb23b54b5c7bda5baa,coder_1,Missed,The duplicate LI reference only increases passed-check counts; no failed list-containment or duplicate-child checkpoint is emitted relative to baseline.,M06 duplicate-list-item structural checkpoint; no relevant PAC failure emitted,"Not required for this automated comparison; no live Acrobat, PAC detail view, tag-panel, or assistive-technology check was performed.",No - the matched baseline has no relevant failure.,No,No,coder_2,Missed,No failed checkpoint is added; PAC does not flag the duplicate direct /LI reference.,M06 list containment/uniqueness; no failed PAC checkpoint emitted,Not required for this classification; the PAC summary is automated and no live manual/AT check was performed.,No - the matched baseline has no operator-relevant failed checkpoint.,No - the operator is machine-checkable under the tested profile.,None observed.,agree,adjudicator_1,Missed,Independent coders agreed on Missed based on the paired mutant and baseline evidence.
DC-0107,PAC::Formal::PDFUA-Ref-2-05_BookChapter-german-M07,PDFUA-Ref-2-05_BookChapter-german-M07,PDFUA-Ref-2-05_BookChapter-german,M07,PAC,Formal,evidence/double_coding/DC-0107.pdf,ef5e8b8729a0c31047e76fd51e16a7155e2d5dba48074eb5811634955f97f0e8,coder_1,Detected,"The matched baseline has no Alternative Descriptions failures and the mutant adds one, directly matching removal of Figure alternate description.",PAC summary checkpoint: Alternative Descriptions (1 new failure),"Not required for this automated comparison; no live Acrobat, PAC detail view, tag-panel, or assistive-technology check was performed.",No - the matched baseline has no relevant failure.,No,No,coder_2,Detected,The clean baseline gains one failed Alternative Descriptions check after figure /Alt removal.,PAC Alternative Descriptions; M07 / ISO 14289-1:2014 7.3,Not required for this classification; the PAC summary is automated and no live manual/AT check was performed.,No - the matched baseline has no operator-relevant failed checkpoint.,No - the operator is machine-checkable under the tested profile.,None observed.,agree,adjudicator_1,Detected,Independent coders agreed on Detected based on the paired mutant and baseline evidence.
DC-0108,PAC::Formal::PDFUA-Ref-2-05_BookChapter-german-M08,PDFUA-Ref-2-05_BookChapter-german-M08,PDFUA-Ref-2-05_BookChapter-german,M08,PAC,Formal,evidence/double_coding/DC-0108.pdf,a1f796a810d5552657529894552928ca1a2915073f71daa6ecc0daf9a76c78d5,coder_1,Detected,"The matched baseline has no Natural language failures and the mutant adds failures after catalog /Lang removal, directly matching the document-language mutation.",PAC summary checkpoint: Natural language (new failures),"Not required for this automated comparison; no live Acrobat, PAC detail view, tag-panel, or assistive-technology check was performed.",No - the matched baseline has no relevant failure.,No,No,coder_2,Detected,The baseline Natural language checks pass; the mutant adds failed Natural language checks after catalog /Lang removal.,PAC Natural language; M08 / ISO 14289-1:2014 7.2,Not required for this classification; the PAC summary is automated and no live manual/AT check was performed.,No - the matched baseline has no operator-relevant failed checkpoint.,No - the operator is machine-checkable under the tested profile.,None observed.,agree,adjudicator_1,Detected,Independent coders agreed on Detected based on the paired mutant and baseline evidence.
DC-0109,PAC::Formal::PDFUA-Ref-2-05_BookChapter-german-M09,PDFUA-Ref-2-05_BookChapter-german-M09,PDFUA-Ref-2-05_BookChapter-german,M09,PAC,Formal,evidence/double_coding/DC-0109.pdf,6b27d942f80a2bcae477b940a000863c4ff377260917989a795a5d4824817f2b,coder_1,Detected,"The matched baseline has no Role mapping failures and the mutant adds Role mapping failures, directly matching the invalid RoleMap target.",PAC summary checkpoint: Role mapping (new failures),"Not required for this automated comparison; no live Acrobat, PAC detail view, tag-panel, or assistive-technology check was performed.",No - the matched baseline has no relevant failure.,No,No,coder_2,Detected,The clean baseline gains failed Role mapping checks after the selected mapping target becomes undefined.,PAC Role mapping; M09 / ISO 14289-1:2014 7.1,Not required for this classification; the PAC summary is automated and no live manual/AT check was performed.,No - the matched baseline has no operator-relevant failed checkpoint.,No - the operator is machine-checkable under the tested profile.,None observed.,agree,adjudicator_1,Detected,Independent coders agreed on Detected based on the paired mutant and baseline evidence.
DC-0110,PAC::Formal::PDFUA-Ref-2-05_BookChapter-german-M10,PDFUA-Ref-2-05_BookChapter-german-M10,PDFUA-Ref-2-05_BookChapter-german,M10,PAC,Formal,evidence/double_coding/DC-0110.pdf,e50b6f9f85ea91d39f5556f18200fae570d9fe172d678074087471acd9e53e9c,coder_1,Detected,"The matched baseline has no Structure tree failure and the mutant adds one after a direct cell role is changed to P, matching the illegal table-child containment defect. Structure-element warnings were not counted as the detection.",PAC summary checkpoint: Structure tree (1 new failure),"Not required for this automated comparison; no live Acrobat, PAC detail view, tag-panel, or assistive-technology check was performed.",No - the matched baseline has no relevant failure.,No,No,coder_2,Detected,The clean baseline gains a failed Structure tree check after a direct TH/TD child of TR is changed to P.,PAC Structure tree; M10 / ISO 14289-1:2014 7.2 table containment,Not required for this classification; the PAC summary is automated and no live manual/AT check was performed.,No - the matched baseline has no operator-relevant failed checkpoint.,No - the operator is machine-checkable under the tested profile.,None observed.,agree,adjudicator_1,Detected,Independent coders agreed on Detected based on the paired mutant and baseline evidence.
DC-0111,PAC::Formal::PDFUA-Ref-2-06_Brochure-M01,PDFUA-Ref-2-06_Brochure-M01,PDFUA-Ref-2-06_Brochure,M01,PAC,Formal,evidence/double_coding/DC-0111.pdf,27ef61c817c381834d988dbb9f52cc34686cfbcaa33fd3b7c083458759e35956,coder_1,Outside Scope,PAC emits no new failed checkpoint that identifies the intended logical-reading-order swap relative to the matched baseline.,M01 logical-reading-order checkpoint; no relevant PAC failure emitted,Required for the intended reading-order claim and not performed; no live PAC detail view or assistive-technology check was conducted.,No - the matched baseline has no relevant failure.,Yes - no explicit logical-order check is demonstrated.,No,coder_2,Outside Scope,No failed checkpoint is added for the reading-order swap; the intended M01 semantic property is not specifically automated here.,M01 logical reading order; no failed PAC checkpoint emitted,Semantic/AT review is required for the intended Class B effect and was not performed; this PAC packet is an automated summary only.,No - the matched baseline has no operator-relevant failed checkpoint.,Yes - the intended property is Class B; any generic PAC delta is not treated as a specific automated claim.,None observed.,agree,adjudicator_1,Outside Scope,Independent coders agreed on Outside Scope based on the paired mutant and baseline evidence.
DC-0112,PAC::Formal::PDFUA-Ref-2-06_Brochure-M02,PDFUA-Ref-2-06_Brochure-M02,PDFUA-Ref-2-06_Brochure,M02,PAC,Formal,evidence/double_coding/DC-0112.pdf,ab2cfc9f87a6c7ab77e6c706d4847847416bc6a0f709765e2e315407721a079d,coder_1,Outside Scope,No new failed PAC checkpoint identifies visible content omitted from tagged structure; changes in passed-check counts do not constitute an emitted failure.,M02 content-to-structure completeness checkpoint; no relevant PAC failure emitted,Required for the semantic completeness claim and not performed; no live tag-panel or assistive-technology check was conducted.,No - the matched baseline has no relevant failure.,Yes - the packet does not demonstrate an automated completeness check.,No,coder_2,Outside Scope,The removal reduces passed-check counts but adds no failed checkpoint tied to content completeness; this is not an automated detection.,M02 tagged-content completeness; no failed PAC checkpoint emitted,Semantic/AT review is required for the intended Class B effect and was not performed; this PAC packet is an automated summary only.,No - the matched baseline has no operator-relevant failed checkpoint.,Yes - the intended property is Class B; any generic PAC delta is not treated as a specific automated claim.,None observed.,agree,adjudicator_1,Outside Scope,Independent coders agreed on Outside Scope based on the paired mutant and baseline evidence.
DC-0113,PAC::Formal::PDFUA-Ref-2-06_Brochure-M03,PDFUA-Ref-2-06_Brochure-M03,PDFUA-Ref-2-06_Brochure,M03,PAC,Formal,evidence/double_coding/DC-0113.pdf,9154b4751582b1c6a56d44dc4b09333747de703024eb61cbc59978114531acd1,coder_1,Detected,"The matched baseline has no Structure elements failures and the mutant adds one, directly matching the injected skipped heading level.",PAC summary checkpoint: Structure elements (1 new failure; detailed rule ID not present in one-page report),"Not required for this automated comparison; no live Acrobat, PAC detail view, tag-panel, or assistive-technology check was performed.",No - the matched baseline has no relevant failure.,No,No,coder_2,Detected,"The clean baseline gains one failed Structure elements check, matching the M03 skipped heading level.",PAC Structure elements; M03 / ISO 14289-1:2014 7.4.2,Not required for this classification; the PAC summary is automated and no live manual/AT check was performed.,No - the matched baseline has no operator-relevant failed checkpoint.,No - the operator is machine-checkable under the tested profile.,None observed.,agree,adjudicator_1,Detected,Independent coders agreed on Detected based on the paired mutant and baseline evidence.
DC-0114,PAC::Formal::PDFUA-Ref-2-06_Brochure-M04,PDFUA-Ref-2-06_Brochure-M04,PDFUA-Ref-2-06_Brochure,M04,PAC,Formal,evidence/double_coding/DC-0114.pdf,7c1aec1b02ae0ffb798118432a8581e90e4431336720cff04f40a5abfff1c23e,coder_1,Ambiguous,"The matched baseline has no PDF Syntax failures and the mutant adds exactly two, consistent with the two exchanged marked-content references; however, the one-page PAC report provides no association-specific rule identity or detail, so relevance cannot be established confidently.",PAC summary checkpoint: PDF Syntax (2 new failures; no detailed rule IDs in packet),Needed to resolve whether the syntax failures are association-specific and not performed; no live PAC detail view or tag-panel check was conducted.,No - the matched baseline has no relevant failure.,Unclear - checkpoint-level evidence is not association-specific.,No,coder_2,Ambiguous,"The clean baseline gains two PAC PDF Syntax failures, but this one-page summary exposes no rule identity or object, so association-specific correspondence cannot be established.",PAC PDF Syntax (2 new failures; rule identity/details absent); M04,Semantic/AT review is required for the intended Class B effect and was not performed; this PAC packet is an automated summary only.,No - the matched baseline has no operator-relevant failed checkpoint.,Yes - the intended property is Class B; any generic PAC delta is not treated as a specific automated claim.,None observed.,agree,adjudicator_1,Unrelated,"Post-coding protocol audit: relative to the matched baseline, the mutant adds only generic PAC PDF Syntax failures. The report does not identify the M04 content-association exchange, so the new finding is collateral/unrelated rather than ambiguous. Original coder decisions are preserved."
DC-0115,PAC::Formal::PDFUA-Ref-2-06_Brochure-M05,PDFUA-Ref-2-06_Brochure-M05,PDFUA-Ref-2-06_Brochure,M05,PAC,Formal,evidence/double_coding/DC-0115.pdf,69fed463072444c09c17856875a855dd16985c9a808cf24870deb68edb9153b2,coder_1,Outside Scope,PAC emits no new failed checkpoint for the internal MCID sequence reversal relative to the matched baseline.,M05 intra-element content-order checkpoint; no relevant PAC failure emitted,Required for the semantic order claim and not performed; no live PAC detail view or assistive-technology check was conducted.,No - the matched baseline has no relevant failure.,Yes - no explicit intra-element order check is demonstrated.,No,coder_2,Outside Scope,No failed checkpoint is added for the intra-element content-order reversal; PAC provides no specific automated result for M05.,M05 intra-element order; no failed PAC checkpoint emitted,Semantic/AT review is required for the intended Class B effect and was not performed; this PAC packet is an automated summary only.,No - the matched baseline has no operator-relevant failed checkpoint.,Yes - the intended property is Class B; any generic PAC delta is not treated as a specific automated claim.,None observed.,agree,adjudicator_1,Outside Scope,Independent coders agreed on Outside Scope based on the paired mutant and baseline evidence.
DC-0116,PAC::Formal::PDFUA-Ref-2-06_Brochure-M06,PDFUA-Ref-2-06_Brochure-M06,PDFUA-Ref-2-06_Brochure,M06,PAC,Formal,evidence/double_coding/DC-0116.pdf,0f99d81634b2c79c098d97adbcaaca57895612d375bd6d9191fc44d072fcd992,coder_1,Missed,The duplicate LI reference only increases passed-check counts; no failed list-containment or duplicate-child checkpoint is emitted relative to baseline.,M06 duplicate-list-item structural checkpoint; no relevant PAC failure emitted,"Not required for this automated comparison; no live Acrobat, PAC detail view, tag-panel, or assistive-technology check was performed.",No - the matched baseline has no relevant failure.,No,No,coder_2,Missed,No failed checkpoint is added; PAC does not flag the duplicate direct /LI reference.,M06 list containment/uniqueness; no failed PAC checkpoint emitted,Not required for this classification; the PAC summary is automated and no live manual/AT check was performed.,No - the matched baseline has no operator-relevant failed checkpoint.,No - the operator is machine-checkable under the tested profile.,None observed.,agree,adjudicator_1,Missed,Independent coders agreed on Missed based on the paired mutant and baseline evidence.
DC-0117,PAC::Formal::PDFUA-Ref-2-06_Brochure-M07,PDFUA-Ref-2-06_Brochure-M07,PDFUA-Ref-2-06_Brochure,M07,PAC,Formal,evidence/double_coding/DC-0117.pdf,18ff436a2a0f1c1673a90e471dcc4ff546f47df9b3b6565d112458e7457c7377,coder_1,Detected,"The matched baseline has no Alternative Descriptions failures and the mutant adds one, directly matching removal of Figure alternate description.",PAC summary checkpoint: Alternative Descriptions (1 new failure),"Not required for this automated comparison; no live Acrobat, PAC detail view, tag-panel, or assistive-technology check was performed.",No - the matched baseline has no relevant failure.,No,No,coder_2,Detected,The clean baseline gains one failed Alternative Descriptions check after figure /Alt removal.,PAC Alternative Descriptions; M07 / ISO 14289-1:2014 7.3,Not required for this classification; the PAC summary is automated and no live manual/AT check was performed.,No - the matched baseline has no operator-relevant failed checkpoint.,No - the operator is machine-checkable under the tested profile.,None observed.,agree,adjudicator_1,Detected,Independent coders agreed on Detected based on the paired mutant and baseline evidence.
DC-0118,PAC::Formal::PDFUA-Ref-2-06_Brochure-M08,PDFUA-Ref-2-06_Brochure-M08,PDFUA-Ref-2-06_Brochure,M08,PAC,Formal,evidence/double_coding/DC-0118.pdf,ef31623b610e3e131a4959e49f57bd2bb9bcc94160e1ff0118363ccac24faf2e,coder_1,Detected,"The matched baseline has no Natural language failures and the mutant adds failures after catalog /Lang removal, directly matching the document-language mutation.",PAC summary checkpoint: Natural language (new failures),"Not required for this automated comparison; no live Acrobat, PAC detail view, tag-panel, or assistive-technology check was performed.",No - the matched baseline has no relevant failure.,No,No,coder_2,Detected,The baseline Natural language checks pass; the mutant adds failed Natural language checks after catalog /Lang removal.,PAC Natural language; M08 / ISO 14289-1:2014 7.2,Not required for this classification; the PAC summary is automated and no live manual/AT check was performed.,No - the matched baseline has no operator-relevant failed checkpoint.,No - the operator is machine-checkable under the tested profile.,None observed.,agree,adjudicator_1,Detected,Independent coders agreed on Detected based on the paired mutant and baseline evidence.
DC-0119,PAC::Formal::PDFUA-Ref-2-08_BookChapter-M01,PDFUA-Ref-2-08_BookChapter-M01,PDFUA-Ref-2-08_BookChapter,M01,PAC,Formal,evidence/double_coding/DC-0119.pdf,464df1a108ab89fe4b497f7bd7cde8b1938671979f9f4b7867cb33edca9130fe,coder_1,Ambiguous,"PAC adds Structure elements failures relative to the clean matched baseline after the order swap, but the one-page blinded report gives no rule identity or detail proving that they correspond to logical order or a documented direct consequence.",PAC summary checkpoint: Structure elements (new failures; no detailed rule ID in packet),"Needed to resolve the checkpoint-level ambiguity and not performed; no live PAC detail view, tag-panel, or assistive-technology check was conducted.",No - the matched baseline has no relevant failure.,Unclear - PAC reports only a broad checkpoint category.,No,coder_2,Ambiguous,"The clean baseline gains failed Structure elements checks, but the PAC summary lacks rule identity and context, so it cannot distinguish an M01 direct consequence from a collateral heading failure.",PAC Structure elements (new failures; rule identity/details absent); M01,Semantic/AT review is required for the intended Class B effect and was not performed; this PAC packet is an automated summary only.,No - the matched baseline has no operator-relevant failed checkpoint.,Yes - the intended property is Class B; any generic PAC delta is not treated as a specific automated claim.,None observed.,agree,adjudicator_1,Outside Scope,"Post-coding protocol audit: PAC's generic Structure elements finding does not identify the intended logical reading order property. PAC Formal makes no operator-specific automated claim for this Class B mutation, so the final label is Outside Scope, not Ambiguous. Original coder decisions are preserved."
DC-0120,PAC::Formal::PDFUA-Ref-2-08_BookChapter-M02,PDFUA-Ref-2-08_BookChapter-M02,PDFUA-Ref-2-08_BookChapter,M02,PAC,Formal,evidence/double_coding/DC-0120.pdf,8889aa313199ef82870d3aa89b8b48de2d511420c3d88696b72c3aadbd0ec765,coder_1,Ambiguous,"PAC adds a Structure elements failure relative to the clean matched baseline after subtree omission, but the one-page report supplies no rule identity or detail establishing that it is a direct consequence of the intended completeness defect.",PAC summary checkpoint: Structure elements (new failure; no detailed rule ID in packet),"Needed to resolve the checkpoint-level ambiguity and not performed; no live PAC detail view, tag-panel, or assistive-technology check was conducted.",No - the matched baseline has no relevant failure.,Unclear - PAC reports only a broad checkpoint category.,No,coder_2,Ambiguous,"The mutant gains a Structure elements failure, but the PAC summary lacks rule identity and context, so correspondence to the M02 omission versus a collateral hierarchy effect is unresolved.",PAC Structure elements (new failure; rule identity/details absent); M02,Semantic/AT review is required for the intended Class B effect and was not performed; this PAC packet is an automated summary only.,No - the matched baseline has no operator-relevant failed checkpoint.,Yes - the intended property is Class B; any generic PAC delta is not treated as a specific automated claim.,None observed.,agree,adjudicator_1,Outside Scope,"Post-coding protocol audit: PAC's generic Structure elements finding does not identify the intended content completeness property. PAC Formal makes no operator-specific automated claim for this Class B mutation, so the final label is Outside Scope, not Ambiguous. Original coder decisions are preserved."
DC-0121,PAC::Formal::PDFUA-Ref-2-08_BookChapter-M03,PDFUA-Ref-2-08_BookChapter-M03,PDFUA-Ref-2-08_BookChapter,M03,PAC,Formal,evidence/double_coding/DC-0121.pdf,a8fa374c3f9610f7ac96fbb351ffa6fcf1b2c4770a4f1d1471cc970a296d42f8,coder_1,Detected,"The matched baseline has no Structure elements failures and the mutant adds one, directly matching the injected skipped heading level.",PAC summary checkpoint: Structure elements (1 new failure; detailed rule ID not present in one-page report),"Not required for this automated comparison; no live Acrobat, PAC detail view, tag-panel, or assistive-technology check was performed.",No - the matched baseline has no relevant failure.,No,No,coder_2,Detected,"The clean baseline gains one failed Structure elements check, matching the M03 skipped heading level.",PAC Structure elements; M03 / ISO 14289-1:2014 7.4.2,Not required for this classification; the PAC summary is automated and no live manual/AT check was performed.,No - the matched baseline has no operator-relevant failed checkpoint.,No - the operator is machine-checkable under the tested profile.,None observed.,agree,adjudicator_1,Detected,Independent coders agreed on Detected based on the paired mutant and baseline evidence.
DC-0122,PAC::Formal::PDFUA-Ref-2-08_BookChapter-M04,PDFUA-Ref-2-08_BookChapter-M04,PDFUA-Ref-2-08_BookChapter,M04,PAC,Formal,evidence/double_coding/DC-0122.pdf,4223fc676fccddd82b61f474bf40edadbae9b9e8130a6ce94fb680a5dbfa49b6,coder_1,Ambiguous,"The matched baseline has no PDF Syntax failures and the mutant adds exactly two, consistent with the two exchanged marked-content references; however, the one-page PAC report provides no association-specific rule identity or detail, so relevance cannot be established confidently.",PAC summary checkpoint: PDF Syntax (2 new failures; no detailed rule IDs in packet),Needed to resolve whether the syntax failures are association-specific and not performed; no live PAC detail view or tag-panel check was conducted.,No - the matched baseline has no relevant failure.,Unclear - checkpoint-level evidence is not association-specific.,No,coder_2,Ambiguous,"The clean baseline gains two PAC PDF Syntax failures, but this one-page summary exposes no rule identity or object, so association-specific correspondence cannot be established.",PAC PDF Syntax (2 new failures; rule identity/details absent); M04,Semantic/AT review is required for the intended Class B effect and was not performed; this PAC packet is an automated summary only.,No - the matched baseline has no operator-relevant failed checkpoint.,Yes - the intended property is Class B; any generic PAC delta is not treated as a specific automated claim.,None observed.,agree,adjudicator_1,Unrelated,"Post-coding protocol audit: relative to the matched baseline, the mutant adds only generic PAC PDF Syntax failures. The report does not identify the M04 content-association exchange, so the new finding is collateral/unrelated rather than ambiguous. Original coder decisions are preserved."
DC-0123,PAC::Formal::PDFUA-Ref-2-08_BookChapter-M05,PDFUA-Ref-2-08_BookChapter-M05,PDFUA-Ref-2-08_BookChapter,M05,PAC,Formal,evidence/double_coding/DC-0123.pdf,e93250fccd5f84ff19f304389cd016b0b13b5a54a553091ab6d028859cb5d65e,coder_1,Outside Scope,PAC emits no new failed checkpoint for the internal MCID sequence reversal relative to the matched baseline.,M05 intra-element content-order checkpoint; no relevant PAC failure emitted,Required for the semantic order claim and not performed; no live PAC detail view or assistive-technology check was conducted.,No - the matched baseline has no relevant failure.,Yes - no explicit intra-element order check is demonstrated.,No,coder_2,Outside Scope,No failed checkpoint is added for the intra-element content-order reversal; PAC provides no specific automated result for M05.,M05 intra-element order; no failed PAC checkpoint emitted,Semantic/AT review is required for the intended Class B effect and was not performed; this PAC packet is an automated summary only.,No - the matched baseline has no operator-relevant failed checkpoint.,Yes - the intended property is Class B; any generic PAC delta is not treated as a specific automated claim.,None observed.,agree,adjudicator_1,Outside Scope,Independent coders agreed on Outside Scope based on the paired mutant and baseline evidence.
DC-0124,PAC::Formal::PDFUA-Ref-2-08_BookChapter-M06,PDFUA-Ref-2-08_BookChapter-M06,PDFUA-Ref-2-08_BookChapter,M06,PAC,Formal,evidence/double_coding/DC-0124.pdf,c1d461c1874dbd91e920d5918fa213cdfe5e2ffb0d4e2cf93f16cfe3fbb5d7e3,coder_1,Missed,The duplicate LI reference only increases passed-check counts; no failed list-containment or duplicate-child checkpoint is emitted relative to baseline.,M06 duplicate-list-item structural checkpoint; no relevant PAC failure emitted,"Not required for this automated comparison; no live Acrobat, PAC detail view, tag-panel, or assistive-technology check was performed.",No - the matched baseline has no relevant failure.,No,No,coder_2,Missed,No failed checkpoint is added; PAC does not flag the duplicate direct /LI reference.,M06 list containment/uniqueness; no failed PAC checkpoint emitted,Not required for this classification; the PAC summary is automated and no live manual/AT check was performed.,No - the matched baseline has no operator-relevant failed checkpoint.,No - the operator is machine-checkable under the tested profile.,None observed.,agree,adjudicator_1,Missed,Independent coders agreed on Missed based on the paired mutant and baseline evidence.
DC-0125,PAC::Formal::PDFUA-Ref-2-08_BookChapter-M07,PDFUA-Ref-2-08_BookChapter-M07,PDFUA-Ref-2-08_BookChapter,M07,PAC,Formal,evidence/double_coding/DC-0125.pdf,6537ea3888165f387d3ac1a03f870dc1d8de2528f76bc6f1b79d689393df2adf,coder_1,Detected,"The matched baseline has no Alternative Descriptions failures and the mutant adds one, directly matching removal of Figure alternate description.",PAC summary checkpoint: Alternative Descriptions (1 new failure),"Not required for this automated comparison; no live Acrobat, PAC detail view, tag-panel, or assistive-technology check was performed.",No - the matched baseline has no relevant failure.,No,No,coder_2,Detected,The clean baseline gains one failed Alternative Descriptions check after figure /Alt removal.,PAC Alternative Descriptions; M07 / ISO 14289-1:2014 7.3,Not required for this classification; the PAC summary is automated and no live manual/AT check was performed.,No - the matched baseline has no operator-relevant failed checkpoint.,No - the operator is machine-checkable under the tested profile.,None observed.,agree,adjudicator_1,Detected,Independent coders agreed on Detected based on the paired mutant and baseline evidence.
DC-0126,PAC::Formal::PDFUA-Ref-2-08_BookChapter-M08,PDFUA-Ref-2-08_BookChapter-M08,PDFUA-Ref-2-08_BookChapter,M08,PAC,Formal,evidence/double_coding/DC-0126.pdf,2d34c30be2d9b6f28922efc1d69827001aceaf8f37f2eabe5772de54b5ed5a90,coder_1,Detected,"The matched baseline has no Natural language failures and the mutant adds failures after catalog /Lang removal, directly matching the document-language mutation.",PAC summary checkpoint: Natural language (new failures),"Not required for this automated comparison; no live Acrobat, PAC detail view, tag-panel, or assistive-technology check was performed.",No - the matched baseline has no relevant failure.,No,No,coder_2,Detected,The baseline Natural language checks pass; the mutant adds failed Natural language checks after catalog /Lang removal.,PAC Natural language; M08 / ISO 14289-1:2014 7.2,Not required for this classification; the PAC summary is automated and no live manual/AT check was performed.,No - the matched baseline has no operator-relevant failed checkpoint.,No - the operator is machine-checkable under the tested profile.,None observed.,agree,adjudicator_1,Detected,Independent coders agreed on Detected based on the paired mutant and baseline evidence.
DC-0127,PAC::Formal::PDFUA-Ref-2-08_BookChapter-M10,PDFUA-Ref-2-08_BookChapter-M10,PDFUA-Ref-2-08_BookChapter,M10,PAC,Formal,evidence/double_coding/DC-0127.pdf,e6247b1829f281623d522af3f32ea62a57979fe7718a508d4ec5ddf8c76725b5,coder_1,Detected,"The matched baseline has no Structure tree failure and the mutant adds one after a direct cell role is changed to P, matching the illegal table-child containment defect. Structure-element warnings were not counted as the detection.",PAC summary checkpoint: Structure tree (1 new failure),"Not required for this automated comparison; no live Acrobat, PAC detail view, tag-panel, or assistive-technology check was performed.",No - the matched baseline has no relevant failure.,No,No,coder_2,Detected,The clean baseline gains a failed Structure tree check after a direct TH/TD child of TR is changed to P.,PAC Structure tree; M10 / ISO 14289-1:2014 7.2 table containment,Not required for this classification; the PAC summary is automated and no live manual/AT check was performed.,No - the matched baseline has no operator-relevant failed checkpoint.,No - the operator is machine-checkable under the tested profile.,None observed.,agree,adjudicator_1,Detected,Independent coders agreed on Detected based on the paired mutant and baseline evidence.
DC-0128,PAC::Formal::PDFUA-Ref-2-09_Scanned-M01,PDFUA-Ref-2-09_Scanned-M01,PDFUA-Ref-2-09_Scanned,M01,PAC,Formal,evidence/double_coding/DC-0128.pdf,cb10b977a13ab1e1bfba3167ef033e5e9f21d93eb0c8336b6adcd5dc78ffbecb,coder_1,Ambiguous,"PAC adds Structure elements failures relative to the clean matched baseline after the order swap, but the one-page blinded report gives no rule identity or detail proving that they correspond to logical order or a documented direct consequence.",PAC summary checkpoint: Structure elements (new failures; no detailed rule ID in packet),"Needed to resolve the checkpoint-level ambiguity and not performed; no live PAC detail view, tag-panel, or assistive-technology check was conducted.",No - the matched baseline has no relevant failure.,Unclear - PAC reports only a broad checkpoint category.,No,coder_2,Ambiguous,"The clean baseline gains failed Structure elements checks, but the PAC summary lacks rule identity and context, so it cannot distinguish an M01 direct consequence from a collateral heading failure.",PAC Structure elements (new failures; rule identity/details absent); M01,Semantic/AT review is required for the intended Class B effect and was not performed; this PAC packet is an automated summary only.,No - one baseline Natural language failure is unrelated to the injected operator.,Yes - the intended property is Class B; any generic PAC delta is not treated as a specific automated claim.,One unrelated baseline Natural language failure remains present.,agree,adjudicator_1,Outside Scope,"Post-coding protocol audit: PAC's generic Structure elements finding does not identify the intended logical reading order property. PAC Formal makes no operator-specific automated claim for this Class B mutation, so the final label is Outside Scope, not Ambiguous. Original coder decisions are preserved."
DC-0129,PAC::Formal::PDFUA-Ref-2-09_Scanned-M02,PDFUA-Ref-2-09_Scanned-M02,PDFUA-Ref-2-09_Scanned,M02,PAC,Formal,evidence/double_coding/DC-0129.pdf,eeeae139d95ad1daacdbde98a1b6517b64d1f80a94cfd51fd0348cad19b01bb7,coder_1,Ambiguous,"PAC adds a Structure elements failure relative to the clean matched baseline after subtree omission, but the one-page report supplies no rule identity or detail establishing that it is a direct consequence of the intended completeness defect.",PAC summary checkpoint: Structure elements (new failure; no detailed rule ID in packet),"Needed to resolve the checkpoint-level ambiguity and not performed; no live PAC detail view, tag-panel, or assistive-technology check was conducted.",No - the matched baseline has no relevant failure.,Unclear - PAC reports only a broad checkpoint category.,No,coder_2,Ambiguous,"The mutant gains a Structure elements failure, but the PAC summary lacks rule identity and context, so correspondence to the M02 omission versus a collateral hierarchy effect is unresolved.",PAC Structure elements (new failure; rule identity/details absent); M02,Semantic/AT review is required for the intended Class B effect and was not performed; this PAC packet is an automated summary only.,No - one baseline Natural language failure is unrelated to the injected operator.,Yes - the intended property is Class B; any generic PAC delta is not treated as a specific automated claim.,One unrelated baseline Natural language failure remains present.,agree,adjudicator_1,Outside Scope,"Post-coding protocol audit: PAC's generic Structure elements finding does not identify the intended content completeness property. PAC Formal makes no operator-specific automated claim for this Class B mutation, so the final label is Outside Scope, not Ambiguous. Original coder decisions are preserved."
DC-0130,PAC::Formal::PDFUA-Ref-2-09_Scanned-M03,PDFUA-Ref-2-09_Scanned-M03,PDFUA-Ref-2-09_Scanned,M03,PAC,Formal,evidence/double_coding/DC-0130.pdf,5ba9578f1e51e173510b891cc99885f3c54435ee14247b5f5d7341dbe5cd6be2,coder_1,Detected,"The matched baseline has no Structure elements failures and the mutant adds one, directly matching the injected skipped heading level.",PAC summary checkpoint: Structure elements (1 new failure; detailed rule ID not present in one-page report),"Not required for this automated comparison; no live Acrobat, PAC detail view, tag-panel, or assistive-technology check was performed.",No - the matched baseline has no relevant failure.,No,No,coder_2,Detected,"The clean baseline gains one failed Structure elements check, matching the M03 skipped heading level.",PAC Structure elements; M03 / ISO 14289-1:2014 7.4.2,Not required for this classification; the PAC summary is automated and no live manual/AT check was performed.,No - one baseline Natural language failure is unrelated to the injected operator.,No - the operator is machine-checkable under the tested profile.,One unrelated baseline Natural language failure remains present.,agree,adjudicator_1,Detected,Independent coders agreed on Detected based on the paired mutant and baseline evidence.
DC-0131,PAC::Formal::PDFUA-Ref-2-09_Scanned-M04,PDFUA-Ref-2-09_Scanned-M04,PDFUA-Ref-2-09_Scanned,M04,PAC,Formal,evidence/double_coding/DC-0131.pdf,738086f02f11058e85a5badc87031a7e7eaa9c41297cdc1d941d56bbe3b5724e,coder_1,Ambiguous,"The matched baseline has no PDF Syntax failures and the mutant adds exactly two, consistent with the two exchanged marked-content references; however, the one-page PAC report provides no association-specific rule identity or detail, so relevance cannot be established confidently.",PAC summary checkpoint: PDF Syntax (2 new failures; no detailed rule IDs in packet),Needed to resolve whether the syntax failures are association-specific and not performed; no live PAC detail view or tag-panel check was conducted.,No - the matched baseline has no relevant failure.,Unclear - checkpoint-level evidence is not association-specific.,No,coder_2,Ambiguous,"The clean baseline gains two PAC PDF Syntax failures, but this one-page summary exposes no rule identity or object, so association-specific correspondence cannot be established.",PAC PDF Syntax (2 new failures; rule identity/details absent); M04,Semantic/AT review is required for the intended Class B effect and was not performed; this PAC packet is an automated summary only.,No - one baseline Natural language failure is unrelated to the injected operator.,Yes - the intended property is Class B; any generic PAC delta is not treated as a specific automated claim.,One unrelated baseline Natural language failure remains present.,agree,adjudicator_1,Unrelated,"Post-coding protocol audit: relative to the matched baseline, the mutant adds only generic PAC PDF Syntax failures. The report does not identify the M04 content-association exchange, so the new finding is collateral/unrelated rather than ambiguous. Original coder decisions are preserved."
DC-0132,PAC::Formal::PDFUA-Ref-2-09_Scanned-M05,PDFUA-Ref-2-09_Scanned-M05,PDFUA-Ref-2-09_Scanned,M05,PAC,Formal,evidence/double_coding/DC-0132.pdf,d0931721d9f0b15ed88f639d980345740eb8e76540db3f2f84578f078585142b,coder_1,Outside Scope,PAC emits no new failed checkpoint for the internal MCID sequence reversal relative to the matched baseline.,M05 intra-element content-order checkpoint; no relevant PAC failure emitted,Required for the semantic order claim and not performed; no live PAC detail view or assistive-technology check was conducted.,No - the matched baseline has no relevant failure.,Yes - no explicit intra-element order check is demonstrated.,No,coder_2,Outside Scope,No failed checkpoint is added for the intra-element content-order reversal; PAC provides no specific automated result for M05.,M05 intra-element order; no failed PAC checkpoint emitted,Semantic/AT review is required for the intended Class B effect and was not performed; this PAC packet is an automated summary only.,No - one baseline Natural language failure is unrelated to the injected operator.,Yes - the intended property is Class B; any generic PAC delta is not treated as a specific automated claim.,One unrelated baseline Natural language failure remains present.,agree,adjudicator_1,Outside Scope,Independent coders agreed on Outside Scope based on the paired mutant and baseline evidence.
DC-0133,PAC::Formal::PDFUA-Ref-2-09_Scanned-M06,PDFUA-Ref-2-09_Scanned-M06,PDFUA-Ref-2-09_Scanned,M06,PAC,Formal,evidence/double_coding/DC-0133.pdf,863c6029ad6d77f6e54fbcf14817b1cae994e3730f57535921e84f6842eeb97a,coder_1,Missed,The duplicate LI reference only increases passed-check counts; no failed list-containment or duplicate-child checkpoint is emitted relative to baseline.,M06 duplicate-list-item structural checkpoint; no relevant PAC failure emitted,"Not required for this automated comparison; no live Acrobat, PAC detail view, tag-panel, or assistive-technology check was performed.",No - the matched baseline has no relevant failure.,No,No,coder_2,Missed,No failed checkpoint is added; PAC does not flag the duplicate direct /LI reference.,M06 list containment/uniqueness; no failed PAC checkpoint emitted,Not required for this classification; the PAC summary is automated and no live manual/AT check was performed.,No - one baseline Natural language failure is unrelated to the injected operator.,No - the operator is machine-checkable under the tested profile.,One unrelated baseline Natural language failure remains present.,agree,adjudicator_1,Missed,Independent coders agreed on Missed based on the paired mutant and baseline evidence.
DC-0134,PAC::Formal::PDFUA-Ref-2-09_Scanned-M07,PDFUA-Ref-2-09_Scanned-M07,PDFUA-Ref-2-09_Scanned,M07,PAC,Formal,evidence/double_coding/DC-0134.pdf,470169c932afc789f3a9ee0b237aabaca17e02e79a3e5f0166a7ef46bd865478,coder_1,Detected,"The matched baseline has no Alternative Descriptions failures and the mutant adds one, directly matching removal of Figure alternate description.",PAC summary checkpoint: Alternative Descriptions (1 new failure),"Not required for this automated comparison; no live Acrobat, PAC detail view, tag-panel, or assistive-technology check was performed.",No - the matched baseline has no relevant failure.,No,No,coder_2,Detected,The clean baseline gains one failed Alternative Descriptions check after figure /Alt removal.,PAC Alternative Descriptions; M07 / ISO 14289-1:2014 7.3,Not required for this classification; the PAC summary is automated and no live manual/AT check was performed.,No - one baseline Natural language failure is unrelated to the injected operator.,No - the operator is machine-checkable under the tested profile.,One unrelated baseline Natural language failure remains present.,agree,adjudicator_1,Detected,Independent coders agreed on Detected based on the paired mutant and baseline evidence.
DC-0135,PAC::Formal::PDFUA-Ref-2-09_Scanned-M10,PDFUA-Ref-2-09_Scanned-M10,PDFUA-Ref-2-09_Scanned,M10,PAC,Formal,evidence/double_coding/DC-0135.pdf,e3cf9cc48417dabde743d4bc1fb83fbc810633e1aebf40f515e9355dd29d3393,coder_1,Detected,"The matched baseline has no Structure tree failure and the mutant adds one after a direct cell role is changed to P, matching the illegal table-child containment defect. Structure-element warnings were not counted as the detection.",PAC summary checkpoint: Structure tree (1 new failure),"Not required for this automated comparison; no live Acrobat, PAC detail view, tag-panel, or assistive-technology check was performed.",No - the matched baseline has no relevant failure.,No,No,coder_2,Detected,The clean baseline gains a failed Structure tree check after a direct TH/TD child of TR is changed to P.,PAC Structure tree; M10 / ISO 14289-1:2014 7.2 table containment,Not required for this classification; the PAC summary is automated and no live manual/AT check was performed.,No - one baseline Natural language failure is unrelated to the injected operator.,No - the operator is machine-checkable under the tested profile.,One unrelated baseline Natural language failure remains present.,agree,adjudicator_1,Detected,Independent coders agreed on Detected based on the paired mutant and baseline evidence.
DC-0136,PAC::Formal::PDFUA-Ref-2-10_Form-M01,PDFUA-Ref-2-10_Form-M01,PDFUA-Ref-2-10_Form,M01,PAC,Formal,evidence/double_coding/DC-0136.pdf,dc6f05043b7ae1cd365d698f0538e6cc991a13d833fb61737c765275cbad6d9d,coder_1,Outside Scope,PAC emits no new failed checkpoint that identifies the intended logical-reading-order swap relative to the matched baseline.,M01 logical-reading-order checkpoint; no relevant PAC failure emitted,Required for the intended reading-order claim and not performed; no live PAC detail view or assistive-technology check was conducted.,No - the matched baseline has no relevant failure.,Yes - no explicit logical-order check is demonstrated.,No,coder_2,Outside Scope,No failed checkpoint is added for the reading-order swap; the intended M01 semantic property is not specifically automated here.,M01 logical reading order; no failed PAC checkpoint emitted,Semantic/AT review is required for the intended Class B effect and was not performed; this PAC packet is an automated summary only.,No - the matched baseline has no operator-relevant failed checkpoint.,Yes - the intended property is Class B; any generic PAC delta is not treated as a specific automated claim.,None observed.,agree,adjudicator_1,Outside Scope,Independent coders agreed on Outside Scope based on the paired mutant and baseline evidence.
DC-0137,PAC::Formal::PDFUA-Ref-2-10_Form-M02,PDFUA-Ref-2-10_Form-M02,PDFUA-Ref-2-10_Form,M02,PAC,Formal,evidence/double_coding/DC-0137.pdf,95405cb1821583036acde4fe2b690080b570c76555808eb43d546af10d685a90,coder_1,Outside Scope,No new failed PAC checkpoint identifies visible content omitted from tagged structure; changes in passed-check counts do not constitute an emitted failure.,M02 content-to-structure completeness checkpoint; no relevant PAC failure emitted,Required for the semantic completeness claim and not performed; no live tag-panel or assistive-technology check was conducted.,No - the matched baseline has no relevant failure.,Yes - the packet does not demonstrate an automated completeness check.,No,coder_2,Outside Scope,The removal reduces passed-check counts but adds no failed checkpoint tied to content completeness; this is not an automated detection.,M02 tagged-content completeness; no failed PAC checkpoint emitted,Semantic/AT review is required for the intended Class B effect and was not performed; this PAC packet is an automated summary only.,No - the matched baseline has no operator-relevant failed checkpoint.,Yes - the intended property is Class B; any generic PAC delta is not treated as a specific automated claim.,None observed.,agree,adjudicator_1,Outside Scope,Independent coders agreed on Outside Scope based on the paired mutant and baseline evidence.
DC-0138,PAC::Formal::PDFUA-Ref-2-10_Form-M08,PDFUA-Ref-2-10_Form-M08,PDFUA-Ref-2-10_Form,M08,PAC,Formal,evidence/double_coding/DC-0138.pdf,f85b88580429d4f33e08c2aede97e3a7b5f057361e199a4e1ff2d596e4d3e2b7,coder_1,Detected,"The matched baseline has no Natural language failures and the mutant adds failures after catalog /Lang removal, directly matching the document-language mutation.",PAC summary checkpoint: Natural language (new failures),"Not required for this automated comparison; no live Acrobat, PAC detail view, tag-panel, or assistive-technology check was performed.",No - the matched baseline has no relevant failure.,No,No,coder_2,Detected,The baseline Natural language checks pass; the mutant adds failed Natural language checks after catalog /Lang removal.,PAC Natural language; M08 / ISO 14289-1:2014 7.2,Not required for this classification; the PAC summary is automated and no live manual/AT check was performed.,No - the matched baseline has no operator-relevant failed checkpoint.,No - the operator is machine-checkable under the tested profile.,None observed.,agree,adjudicator_1,Detected,Independent coders agreed on Detected based on the paired mutant and baseline evidence.
DC-0139,veraPDF::PDF/UA-1 ua1::PDFUA-Ref-2-01_Magazine-danish-M01,PDFUA-Ref-2-01_Magazine-danish-M01,PDFUA-Ref-2-01_Magazine-danish,M01,veraPDF,PDF/UA-1 ua1,evidence/double_coding/DC-0139.json,decd37f29b4fa58437fff627a4b82dec4387283f4cafdec2c68a221922beaabc,coder_1,Outside Scope,veraPDF emits no failed rule for the intended logical-reading-order swap relative to the matched baseline.,M01 logical-reading-order checkpoint; no relevant veraPDF rule emitted,Required for the intended reading-order claim and not performed; no live tag-panel or assistive-technology check was conducted.,No - the matched baseline has no relevant failure.,Yes - no explicit logical-order rule is demonstrated.,No,coder_2,Outside Scope,The mutant remains compliant and veraPDF emits no rule for the intended logical reading-order change.,M01 logical reading order; no veraPDF failure emitted,Semantic/AT review is required for the intended Class B effect and was not performed; veraPDF evidence is automated only.,No - the matched veraPDF baseline has no failed rules.,Yes - the intended property is Class B and no specific automated rule was emitted.,None observed.,agree,adjudicator_1,Outside Scope,Independent coders agreed on Outside Scope based on the paired mutant and baseline evidence.
DC-0140,veraPDF::PDF/UA-1 ua1::PDFUA-Ref-2-01_Magazine-danish-M02,PDFUA-Ref-2-01_Magazine-danish-M02,PDFUA-Ref-2-01_Magazine-danish,M02,veraPDF,PDF/UA-1 ua1,evidence/double_coding/DC-0140.json,8d56998267d9bff35b2b95769ac2c760507b901bef385a0567a9ad3acf1df3f4,coder_1,Outside Scope,veraPDF emits no failed rule identifying visible content omitted from the tagged structure relative to the matched baseline.,M02 content-to-structure completeness checkpoint; no relevant veraPDF rule emitted,Required for the semantic completeness claim and not performed; no live tag-panel or assistive-technology check was conducted.,No - the matched baseline has no relevant failure.,Yes - no automated completeness rule is demonstrated.,No,coder_2,Outside Scope,The mutant remains compliant and veraPDF emits no rule tied to omission of the selected tagged subtree.,M02 tagged-content completeness; no veraPDF failure emitted,Semantic/AT review is required for the intended Class B effect and was not performed; veraPDF evidence is automated only.,No - the matched veraPDF baseline has no failed rules.,Yes - the intended property is Class B and no specific automated rule was emitted.,None observed.,agree,adjudicator_1,Outside Scope,Independent coders agreed on Outside Scope based on the paired mutant and baseline evidence.
DC-0141,veraPDF::PDF/UA-1 ua1::PDFUA-Ref-2-01_Magazine-danish-M03,PDFUA-Ref-2-01_Magazine-danish-M03,PDFUA-Ref-2-01_Magazine-danish,M03,veraPDF,PDF/UA-1 ua1,evidence/double_coding/DC-0141.json,95465604eefbb33d812407c798c8fe889ca4bc56afc33704cbf8789c698ce5f3,coder_1,Detected,"The matched baseline is compliant and the mutant newly fails the heading nesting rule, directly matching the injected skipped heading level.",ISO 14289-1:2014 7.4.2 test 1,"Not required for this automated comparison; no live Acrobat, PAC detail view, tag-panel, or assistive-technology check was performed.",No - the matched baseline has no relevant failure.,No,No,coder_2,Detected,The clean baseline gains veraPDF rule 7.4.2-1 with hasCorrectNestingLevel=false and a skipped heading level.,ISO 14289-1:2014 7.4.2-1; hasCorrectNestingLevel,"Not required for this classification; no live manual, tag-panel, or AT check was performed.",No - the matched veraPDF baseline has no failed rules.,No - the operator is machine-checkable under the tested profile.,None observed.,agree,adjudicator_1,Detected,Independent coders agreed on Detected based on the paired mutant and baseline evidence.
DC-0142,veraPDF::PDF/UA-1 ua1::PDFUA-Ref-2-01_Magazine-danish-M04,PDFUA-Ref-2-01_Magazine-danish-M04,PDFUA-Ref-2-01_Magazine-danish,M04,veraPDF,PDF/UA-1 ua1,evidence/double_coding/DC-0142.json,3584356a160feeee8650df7074b8c8d37ca1d821d5a513fa7718c853d055090b,coder_1,Outside Scope,The mutant remains compliant like the matched baseline; no association-specific rule identifies the exchanged marked-content references.,M04 marked-content association checkpoint; no relevant veraPDF rule emitted,Required for the semantic association claim and not performed; no live tag-panel or assistive-technology check was conducted.,No - the matched baseline has no relevant failure.,Yes - no association-specific automated rule is demonstrated.,No,coder_2,Outside Scope,The mutant remains compliant and no veraPDF rule identifies the exchanged marked-content associations.,M04 association correctness; no veraPDF failure emitted,Semantic/AT review is required for the intended Class B effect and was not performed; veraPDF evidence is automated only.,No - the matched veraPDF baseline has no failed rules.,Yes - the intended property is Class B and no specific automated rule was emitted.,None observed.,agree,adjudicator_1,Outside Scope,Independent coders agreed on Outside Scope based on the paired mutant and baseline evidence.
DC-0143,veraPDF::PDF/UA-1 ua1::PDFUA-Ref-2-01_Magazine-danish-M05,PDFUA-Ref-2-01_Magazine-danish-M05,PDFUA-Ref-2-01_Magazine-danish,M05,veraPDF,PDF/UA-1 ua1,evidence/double_coding/DC-0143.json,fa782439164f2107e387d7b6cd1dfa8fe884419aa30722a324fe78e8b5d0253e,coder_1,Outside Scope,The mutant remains compliant like the matched baseline; no rule identifies the internal MCID sequence reversal.,M05 intra-element content-order checkpoint; no relevant veraPDF rule emitted,Required for the semantic order claim and not performed; no live tag-panel or assistive-technology check was conducted.,No - the matched baseline has no relevant failure.,Yes - no intra-element order rule is demonstrated.,No,coder_2,Outside Scope,The mutant remains compliant and no veraPDF rule identifies the reversed intra-element content-item order.,M05 intra-element order; no veraPDF failure emitted,Semantic/AT review is required for the intended Class B effect and was not performed; veraPDF evidence is automated only.,No - the matched veraPDF baseline has no failed rules.,Yes - the intended property is Class B and no specific automated rule was emitted.,None observed.,agree,adjudicator_1,Outside Scope,Independent coders agreed on Outside Scope based on the paired mutant and baseline evidence.
DC-0144,veraPDF::PDF/UA-1 ua1::PDFUA-Ref-2-01_Magazine-danish-M06,PDFUA-Ref-2-01_Magazine-danish-M06,PDFUA-Ref-2-01_Magazine-danish,M06,veraPDF,PDF/UA-1 ua1,evidence/double_coding/DC-0144.json,50359b3756b92ad0cb44f28e67518f0a3499011c38360405bca01a6690a5b519,coder_1,Missed,The mutant remains compliant like the matched baseline; no rule detects the machine-checkable duplicate LI reference.,M06 duplicate-list-item structural checkpoint; no relevant veraPDF rule emitted,"Not required for this automated comparison; no live Acrobat, PAC detail view, tag-panel, or assistive-technology check was performed.",No - the matched baseline has no relevant failure.,No,No,coder_2,Missed,The mutant remains compliant and no veraPDF rule flags the duplicate direct /LI reference.,M06 list containment/uniqueness; no veraPDF failure emitted,"Not required for this classification; no live manual, tag-panel, or AT check was performed.",No - the matched veraPDF baseline has no failed rules.,No - the operator is machine-checkable under the tested profile.,None observed.,agree,adjudicator_1,Missed,Independent coders agreed on Missed based on the paired mutant and baseline evidence.
DC-0145,veraPDF::PDF/UA-1 ua1::PDFUA-Ref-2-01_Magazine-danish-M07,PDFUA-Ref-2-01_Magazine-danish-M07,PDFUA-Ref-2-01_Magazine-danish,M07,veraPDF,PDF/UA-1 ua1,evidence/double_coding/DC-0145.json,7dc9719085a105e0a19f75cff5491d104b93593a0a71eab49646112f96ff788e,coder_1,Detected,"The matched baseline is compliant and the mutant newly fails the figure alternate-description rule, directly matching removal of /Alt.",ISO 14289-1:2014 7.3 test 1,"Not required for this automated comparison; no live Acrobat, PAC detail view, tag-panel, or assistive-technology check was performed.",No - the matched baseline has no relevant failure.,No,No,coder_2,Detected,The clean baseline gains veraPDF rule 7.3-1 stating that the Figure has neither alternate description nor replacement text.,ISO 14289-1:2014 7.3-1; Figure Alt/ActualText,"Not required for this classification; no live manual, tag-panel, or AT check was performed.",No - the matched veraPDF baseline has no failed rules.,No - the operator is machine-checkable under the tested profile.,None observed.,agree,adjudicator_1,Detected,Independent coders agreed on Detected based on the paired mutant and baseline evidence.
DC-0146,veraPDF::PDF/UA-1 ua1::PDFUA-Ref-2-01_Magazine-danish-M08,PDFUA-Ref-2-01_Magazine-danish-M08,PDFUA-Ref-2-01_Magazine-danish,M08,veraPDF,PDF/UA-1 ua1,evidence/double_coding/DC-0146.json,3ca00190cd7e2a8c7d49635e69e9866901fb0d9a492f4ddab64929b8d8bf8eed,coder_1,Detected,The matched baseline is compliant and the mutant newly fails document/natural-language rules after catalog /Lang removal.,ISO 14289-1:2014 7.2 test 34; ISO 14289-1:2014 7.2 test 21; ISO 14289-1:2014 7.2 test 2; ISO 14289-1:2014 7.2 test 30; ISO 14289-1:2014 7.2 test 24; ISO 14289-1:2014 7.2 test 33; ISO 14289-1:2014 7.2 test 22,"Not required for this automated comparison; no live Acrobat, PAC detail view, tag-panel, or assistive-technology check was performed.",No - the matched baseline has no relevant failure.,No,No,coder_2,Detected,The clean baseline gains veraPDF natural-language failures that explicitly depend on the missing catalog language.,"ISO 14289-1:2014 7.2-2/-21/-22/-24/-25/-30/-33/-34, as emitted","Not required for this classification; no live manual, tag-panel, or AT check was performed.",No - the matched veraPDF baseline has no failed rules.,No - the operator is machine-checkable under the tested profile.,None observed.,agree,adjudicator_1,Detected,Independent coders agreed on Detected based on the paired mutant and baseline evidence.
DC-0147,veraPDF::PDF/UA-1 ua1::PDFUA-Ref-2-01_Magazine-danish-M09,PDFUA-Ref-2-01_Magazine-danish-M09,PDFUA-Ref-2-01_Magazine-danish,M09,veraPDF,PDF/UA-1 ua1,evidence/double_coding/DC-0147.json,8fedb19c02cdcef64dda58b30ddcb90536a0eb04ef8d54a80c2f59dc60b7f76f,coder_1,Detected,"The matched baseline is compliant and the mutant newly fails the role-mapping rule, directly matching the unresolved RoleMap target.",ISO 14289-1:2014 7.1 test 5,"Not required for this automated comparison; no live Acrobat, PAC detail view, tag-panel, or assistive-technology check was performed.",No - the matched baseline has no relevant failure.,No,No,coder_2,Detected,The clean baseline gains rule 7.1-5: the used non-standard structure type is no longer mapped to a standard type.,ISO 14289-1:2014 7.1-5; isNotMappedToStandardType,"Not required for this classification; no live manual, tag-panel, or AT check was performed.",No - the matched veraPDF baseline has no failed rules.,No - the operator is machine-checkable under the tested profile.,None observed.,agree,adjudicator_1,Detected,Independent coders agreed on Detected based on the paired mutant and baseline evidence.
DC-0148,veraPDF::PDF/UA-1 ua1::PDFUA-Ref-2-02_Invoice-M02,PDFUA-Ref-2-02_Invoice-M02,PDFUA-Ref-2-02_Invoice,M02,veraPDF,PDF/UA-1 ua1,evidence/double_coding/DC-0148.json,16d29ace21ba5e41514b3dd03c33e120d9d5474f3df0dc22d74d60e5606b8c4f,coder_1,Outside Scope,veraPDF emits no failed rule identifying visible content omitted from the tagged structure relative to the matched baseline.,M02 content-to-structure completeness checkpoint; no relevant veraPDF rule emitted,Required for the semantic completeness claim and not performed; no live tag-panel or assistive-technology check was conducted.,No - the matched baseline has no relevant failure.,Yes - no automated completeness rule is demonstrated.,No,coder_2,Outside Scope,The mutant remains compliant and veraPDF emits no rule tied to omission of the selected tagged subtree.,M02 tagged-content completeness; no veraPDF failure emitted,Semantic/AT review is required for the intended Class B effect and was not performed; veraPDF evidence is automated only.,No - the matched veraPDF baseline has no failed rules.,Yes - the intended property is Class B and no specific automated rule was emitted.,None observed.,agree,adjudicator_1,Outside Scope,Independent coders agreed on Outside Scope based on the paired mutant and baseline evidence.
DC-0149,veraPDF::PDF/UA-1 ua1::PDFUA-Ref-2-02_Invoice-M03,PDFUA-Ref-2-02_Invoice-M03,PDFUA-Ref-2-02_Invoice,M03,veraPDF,PDF/UA-1 ua1,evidence/double_coding/DC-0149.json,db8d4f2e2c17f3a086f2febe5f62db6340dfded8fa47bdbb0c56544ed9045534,coder_1,Detected,"The matched baseline is compliant and the mutant newly fails the heading nesting rule, directly matching the injected skipped heading level.",ISO 14289-1:2014 7.4.2 test 1,"Not required for this automated comparison; no live Acrobat, PAC detail view, tag-panel, or assistive-technology check was performed.",No - the matched baseline has no relevant failure.,No,No,coder_2,Detected,The clean baseline gains veraPDF rule 7.4.2-1 with hasCorrectNestingLevel=false and a skipped heading level.,ISO 14289-1:2014 7.4.2-1; hasCorrectNestingLevel,"Not required for this classification; no live manual, tag-panel, or AT check was performed.",No - the matched veraPDF baseline has no failed rules.,No - the operator is machine-checkable under the tested profile.,None observed.,agree,adjudicator_1,Detected,Independent coders agreed on Detected based on the paired mutant and baseline evidence.
DC-0150,veraPDF::PDF/UA-1 ua1::PDFUA-Ref-2-02_Invoice-M04,PDFUA-Ref-2-02_Invoice-M04,PDFUA-Ref-2-02_Invoice,M04,veraPDF,PDF/UA-1 ua1,evidence/double_coding/DC-0150.json,c5ecc1e217f846ea3d569ddaa622a3600f31189772bca48e173c911576cff122,coder_1,Outside Scope,The mutant remains compliant like the matched baseline; no association-specific rule identifies the exchanged marked-content references.,M04 marked-content association checkpoint; no relevant veraPDF rule emitted,Required for the semantic association claim and not performed; no live tag-panel or assistive-technology check was conducted.,No - the matched baseline has no relevant failure.,Yes - no association-specific automated rule is demonstrated.,No,coder_2,Outside Scope,The mutant remains compliant and no veraPDF rule identifies the exchanged marked-content associations.,M04 association correctness; no veraPDF failure emitted,Semantic/AT review is required for the intended Class B effect and was not performed; veraPDF evidence is automated only.,No - the matched veraPDF baseline has no failed rules.,Yes - the intended property is Class B and no specific automated rule was emitted.,None observed.,agree,adjudicator_1,Outside Scope,Independent coders agreed on Outside Scope based on the paired mutant and baseline evidence.
DC-0151,veraPDF::PDF/UA-1 ua1::PDFUA-Ref-2-02_Invoice-M07,PDFUA-Ref-2-02_Invoice-M07,PDFUA-Ref-2-02_Invoice,M07,veraPDF,PDF/UA-1 ua1,evidence/double_coding/DC-0151.json,4b5d21781082dc9c1ac0ce53a9008f4cfdc7deb2e6f1f6ac6b9ec8db1a728c88,coder_1,Detected,"The matched baseline is compliant and the mutant newly fails the figure alternate-description rule, directly matching removal of /Alt.",ISO 14289-1:2014 7.3 test 1,"Not required for this automated comparison; no live Acrobat, PAC detail view, tag-panel, or assistive-technology check was performed.",No - the matched baseline has no relevant failure.,No,No,coder_2,Detected,The clean baseline gains veraPDF rule 7.3-1 stating that the Figure has neither alternate description nor replacement text.,ISO 14289-1:2014 7.3-1; Figure Alt/ActualText,"Not required for this classification; no live manual, tag-panel, or AT check was performed.",No - the matched veraPDF baseline has no failed rules.,No - the operator is machine-checkable under the tested profile.,None observed.,agree,adjudicator_1,Detected,Independent coders agreed on Detected based on the paired mutant and baseline evidence.
DC-0152,veraPDF::PDF/UA-1 ua1::PDFUA-Ref-2-02_Invoice-M08,PDFUA-Ref-2-02_Invoice-M08,PDFUA-Ref-2-02_Invoice,M08,veraPDF,PDF/UA-1 ua1,evidence/double_coding/DC-0152.json,fa2ac5ea5e975fad45294ac784443d6c1f7af972e6cb0617a2e7f0b9a4de9726,coder_1,Detected,The matched baseline is compliant and the mutant newly fails document/natural-language rules after catalog /Lang removal.,ISO 14289-1:2014 7.2 test 34; ISO 14289-1:2014 7.2 test 33; ISO 14289-1:2014 7.2 test 22; ISO 14289-1:2014 7.2 test 2,"Not required for this automated comparison; no live Acrobat, PAC detail view, tag-panel, or assistive-technology check was performed.",No - the matched baseline has no relevant failure.,No,No,coder_2,Detected,The clean baseline gains veraPDF natural-language failures that explicitly depend on the missing catalog language.,"ISO 14289-1:2014 7.2-2/-21/-22/-24/-25/-30/-33/-34, as emitted","Not required for this classification; no live manual, tag-panel, or AT check was performed.",No - the matched veraPDF baseline has no failed rules.,No - the operator is machine-checkable under the tested profile.,None observed.,agree,adjudicator_1,Detected,Independent coders agreed on Detected based on the paired mutant and baseline evidence.
DC-0153,veraPDF::PDF/UA-1 ua1::PDFUA-Ref-2-02_Invoice-M10,PDFUA-Ref-2-02_Invoice-M10,PDFUA-Ref-2-02_Invoice,M10,veraPDF,PDF/UA-1 ua1,evidence/double_coding/DC-0153.json,54e5fb9ce4c0917fbb07cd4f0a72283d2f4e8c3f79f42e1fb4250f480762093b,coder_1,Detected,The matched baseline is compliant and the mutant newly fails the TR child-role constraint; the additional row/column-span rule is a direct table-structure consequence.,ISO 14289-1:2014 7.2 test 10; ISO 14289-1:2014 7.2 test 42,"Not required for this automated comparison; no live Acrobat, PAC detail view, tag-panel, or assistive-technology check was performed.",No - the matched baseline has no relevant failure.,No,No,coder_2,Detected,The clean baseline gains rule 7.2-10 explicitly stating that TR contains P instead of TH/TD; the row-span rule is a direct table consequence.,ISO 14289-1:2014 7.2-10 and 7.2-42,"Not required for this classification; no live manual, tag-panel, or AT check was performed.",No - the matched veraPDF baseline has no failed rules.,No - the operator is machine-checkable under the tested profile.,None observed.,agree,adjudicator_1,Detected,Independent coders agreed on Detected based on the paired mutant and baseline evidence.
DC-0154,veraPDF::PDF/UA-1 ua1::PDFUA-Ref-2-03_AcademicAbstract-M01,PDFUA-Ref-2-03_AcademicAbstract-M01,PDFUA-Ref-2-03_AcademicAbstract,M01,veraPDF,PDF/UA-1 ua1,evidence/double_coding/DC-0154.json,45ae8e5018ad751c297f0dcead9959d6d66339ba04f22db3a669da3b8017c949,coder_1,Outside Scope,veraPDF emits no failed rule for the intended logical-reading-order swap relative to the matched baseline.,M01 logical-reading-order checkpoint; no relevant veraPDF rule emitted,Required for the intended reading-order claim and not performed; no live tag-panel or assistive-technology check was conducted.,No - the matched baseline has no relevant failure.,Yes - no explicit logical-order rule is demonstrated.,No,coder_2,Outside Scope,The mutant remains compliant and veraPDF emits no rule for the intended logical reading-order change.,M01 logical reading order; no veraPDF failure emitted,Semantic/AT review is required for the intended Class B effect and was not performed; veraPDF evidence is automated only.,No - the matched veraPDF baseline has no failed rules.,Yes - the intended property is Class B and no specific automated rule was emitted.,None observed.,agree,adjudicator_1,Outside Scope,Independent coders agreed on Outside Scope based on the paired mutant and baseline evidence.
DC-0155,veraPDF::PDF/UA-1 ua1::PDFUA-Ref-2-03_AcademicAbstract-M02,PDFUA-Ref-2-03_AcademicAbstract-M02,PDFUA-Ref-2-03_AcademicAbstract,M02,veraPDF,PDF/UA-1 ua1,evidence/double_coding/DC-0155.json,5030e5782f112f84288e1ae1d92e8ad11b19efa47029dbf4133a5c252c9fb47f,coder_1,Outside Scope,veraPDF emits no failed rule identifying visible content omitted from the tagged structure relative to the matched baseline.,M02 content-to-structure completeness checkpoint; no relevant veraPDF rule emitted,Required for the semantic completeness claim and not performed; no live tag-panel or assistive-technology check was conducted.,No - the matched baseline has no relevant failure.,Yes - no automated completeness rule is demonstrated.,No,coder_2,Outside Scope,The mutant remains compliant and veraPDF emits no rule tied to omission of the selected tagged subtree.,M02 tagged-content completeness; no veraPDF failure emitted,Semantic/AT review is required for the intended Class B effect and was not performed; veraPDF evidence is automated only.,No - the matched veraPDF baseline has no failed rules.,Yes - the intended property is Class B and no specific automated rule was emitted.,None observed.,agree,adjudicator_1,Outside Scope,Independent coders agreed on Outside Scope based on the paired mutant and baseline evidence.
DC-0156,veraPDF::PDF/UA-1 ua1::PDFUA-Ref-2-03_AcademicAbstract-M03,PDFUA-Ref-2-03_AcademicAbstract-M03,PDFUA-Ref-2-03_AcademicAbstract,M03,veraPDF,PDF/UA-1 ua1,evidence/double_coding/DC-0156.json,d42d40790a6f631d2ab2a7fd25f03f3b9c448884c37f3fc31ef11ae02de7e6c8,coder_1,Detected,"The matched baseline is compliant and the mutant newly fails the heading nesting rule, directly matching the injected skipped heading level.",ISO 14289-1:2014 7.4.2 test 1,"Not required for this automated comparison; no live Acrobat, PAC detail view, tag-panel, or assistive-technology check was performed.",No - the matched baseline has no relevant failure.,No,No,coder_2,Detected,The clean baseline gains veraPDF rule 7.4.2-1 with hasCorrectNestingLevel=false and a skipped heading level.,ISO 14289-1:2014 7.4.2-1; hasCorrectNestingLevel,"Not required for this classification; no live manual, tag-panel, or AT check was performed.",No - the matched veraPDF baseline has no failed rules.,No - the operator is machine-checkable under the tested profile.,None observed.,agree,adjudicator_1,Detected,Independent coders agreed on Detected based on the paired mutant and baseline evidence.
DC-0157,veraPDF::PDF/UA-1 ua1::PDFUA-Ref-2-03_AcademicAbstract-M04,PDFUA-Ref-2-03_AcademicAbstract-M04,PDFUA-Ref-2-03_AcademicAbstract,M04,veraPDF,PDF/UA-1 ua1,evidence/double_coding/DC-0157.json,98a39c8c7cf543e03ea391ca040813f637e96bbf59cabd5e0ca89f2d07301718,coder_1,Outside Scope,The mutant remains compliant like the matched baseline; no association-specific rule identifies the exchanged marked-content references.,M04 marked-content association checkpoint; no relevant veraPDF rule emitted,Required for the semantic association claim and not performed; no live tag-panel or assistive-technology check was conducted.,No - the matched baseline has no relevant failure.,Yes - no association-specific automated rule is demonstrated.,No,coder_2,Outside Scope,The mutant remains compliant and no veraPDF rule identifies the exchanged marked-content associations.,M04 association correctness; no veraPDF failure emitted,Semantic/AT review is required for the intended Class B effect and was not performed; veraPDF evidence is automated only.,No - the matched veraPDF baseline has no failed rules.,Yes - the intended property is Class B and no specific automated rule was emitted.,None observed.,agree,adjudicator_1,Outside Scope,Independent coders agreed on Outside Scope based on the paired mutant and baseline evidence.
DC-0158,veraPDF::PDF/UA-1 ua1::PDFUA-Ref-2-03_AcademicAbstract-M05,PDFUA-Ref-2-03_AcademicAbstract-M05,PDFUA-Ref-2-03_AcademicAbstract,M05,veraPDF,PDF/UA-1 ua1,evidence/double_coding/DC-0158.json,789254eb6485b1555f0965cd1b6aa51629304da58ea18539c3fd9e0ab43cd482,coder_1,Outside Scope,The mutant remains compliant like the matched baseline; no rule identifies the internal MCID sequence reversal.,M05 intra-element content-order checkpoint; no relevant veraPDF rule emitted,Required for the semantic order claim and not performed; no live tag-panel or assistive-technology check was conducted.,No - the matched baseline has no relevant failure.,Yes - no intra-element order rule is demonstrated.,No,coder_2,Outside Scope,The mutant remains compliant and no veraPDF rule identifies the reversed intra-element content-item order.,M05 intra-element order; no veraPDF failure emitted,Semantic/AT review is required for the intended Class B effect and was not performed; veraPDF evidence is automated only.,No - the matched veraPDF baseline has no failed rules.,Yes - the intended property is Class B and no specific automated rule was emitted.,None observed.,agree,adjudicator_1,Outside Scope,Independent coders agreed on Outside Scope based on the paired mutant and baseline evidence.
DC-0159,veraPDF::PDF/UA-1 ua1::PDFUA-Ref-2-03_AcademicAbstract-M06,PDFUA-Ref-2-03_AcademicAbstract-M06,PDFUA-Ref-2-03_AcademicAbstract,M06,veraPDF,PDF/UA-1 ua1,evidence/double_coding/DC-0159.json,0720112b58256b51d875bee5e8e435c59feeb21b74893e32a5e528445f93b7b3,coder_1,Missed,The mutant remains compliant like the matched baseline; no rule detects the machine-checkable duplicate LI reference.,M06 duplicate-list-item structural checkpoint; no relevant veraPDF rule emitted,"Not required for this automated comparison; no live Acrobat, PAC detail view, tag-panel, or assistive-technology check was performed.",No - the matched baseline has no relevant failure.,No,No,coder_2,Missed,The mutant remains compliant and no veraPDF rule flags the duplicate direct /LI reference.,M06 list containment/uniqueness; no veraPDF failure emitted,"Not required for this classification; no live manual, tag-panel, or AT check was performed.",No - the matched veraPDF baseline has no failed rules.,No - the operator is machine-checkable under the tested profile.,None observed.,agree,adjudicator_1,Missed,Independent coders agreed on Missed based on the paired mutant and baseline evidence.
DC-0160,veraPDF::PDF/UA-1 ua1::PDFUA-Ref-2-03_AcademicAbstract-M08,PDFUA-Ref-2-03_AcademicAbstract-M08,PDFUA-Ref-2-03_AcademicAbstract,M08,veraPDF,PDF/UA-1 ua1,evidence/double_coding/DC-0160.json,0947e3a1e9226ee4b99f36f602c2f55104c05704a25e9909b7a88adcd386eee8,coder_1,Detected,The matched baseline is compliant and the mutant newly fails document/natural-language rules after catalog /Lang removal.,ISO 14289-1:2014 7.2 test 2; ISO 14289-1:2014 7.2 test 34; ISO 14289-1:2014 7.2 test 24; ISO 14289-1:2014 7.2 test 33,"Not required for this automated comparison; no live Acrobat, PAC detail view, tag-panel, or assistive-technology check was performed.",No - the matched baseline has no relevant failure.,No,No,coder_2,Detected,The clean baseline gains veraPDF natural-language failures that explicitly depend on the missing catalog language.,"ISO 14289-1:2014 7.2-2/-21/-22/-24/-25/-30/-33/-34, as emitted","Not required for this classification; no live manual, tag-panel, or AT check was performed.",No - the matched veraPDF baseline has no failed rules.,No - the operator is machine-checkable under the tested profile.,None observed.,agree,adjudicator_1,Detected,Independent coders agreed on Detected based on the paired mutant and baseline evidence.
DC-0161,veraPDF::PDF/UA-1 ua1::PDFUA-Ref-2-04_Presentation-M01,PDFUA-Ref-2-04_Presentation-M01,PDFUA-Ref-2-04_Presentation,M01,veraPDF,PDF/UA-1 ua1,evidence/double_coding/DC-0161.json,64e6e0f66371d14afa1ad421f5962f09043ad60562dbb36c99103b24602b164c,coder_1,Outside Scope,veraPDF emits no failed rule for the intended logical-reading-order swap relative to the matched baseline.,M01 logical-reading-order checkpoint; no relevant veraPDF rule emitted,Required for the intended reading-order claim and not performed; no live tag-panel or assistive-technology check was conducted.,No - the matched baseline has no relevant failure.,Yes - no explicit logical-order rule is demonstrated.,No,coder_2,Outside Scope,The mutant remains compliant and veraPDF emits no rule for the intended logical reading-order change.,M01 logical reading order; no veraPDF failure emitted,Semantic/AT review is required for the intended Class B effect and was not performed; veraPDF evidence is automated only.,No - the matched veraPDF baseline has no failed rules.,Yes - the intended property is Class B and no specific automated rule was emitted.,None observed.,agree,adjudicator_1,Outside Scope,Independent coders agreed on Outside Scope based on the paired mutant and baseline evidence.
DC-0162,veraPDF::PDF/UA-1 ua1::PDFUA-Ref-2-04_Presentation-M02,PDFUA-Ref-2-04_Presentation-M02,PDFUA-Ref-2-04_Presentation,M02,veraPDF,PDF/UA-1 ua1,evidence/double_coding/DC-0162.json,8ea3d0f6d06cc87cb6ddcf3350d661ee37fa0fd13a6af2b1d41ae754e57c02b2,coder_1,Outside Scope,veraPDF emits no failed rule identifying visible content omitted from the tagged structure relative to the matched baseline.,M02 content-to-structure completeness checkpoint; no relevant veraPDF rule emitted,Required for the semantic completeness claim and not performed; no live tag-panel or assistive-technology check was conducted.,No - the matched baseline has no relevant failure.,Yes - no automated completeness rule is demonstrated.,No,coder_2,Outside Scope,The mutant remains compliant and veraPDF emits no rule tied to omission of the selected tagged subtree.,M02 tagged-content completeness; no veraPDF failure emitted,Semantic/AT review is required for the intended Class B effect and was not performed; veraPDF evidence is automated only.,No - the matched veraPDF baseline has no failed rules.,Yes - the intended property is Class B and no specific automated rule was emitted.,None observed.,agree,adjudicator_1,Outside Scope,Independent coders agreed on Outside Scope based on the paired mutant and baseline evidence.
DC-0163,veraPDF::PDF/UA-1 ua1::PDFUA-Ref-2-04_Presentation-M03,PDFUA-Ref-2-04_Presentation-M03,PDFUA-Ref-2-04_Presentation,M03,veraPDF,PDF/UA-1 ua1,evidence/double_coding/DC-0163.json,9cf7538bc99cb4737067497f64842e3d49a54109c1c78e4b2a5e8307524c422f,coder_1,Detected,"The matched baseline is compliant and the mutant newly fails the heading nesting rule, directly matching the injected skipped heading level.",ISO 14289-1:2014 7.4.2 test 1,"Not required for this automated comparison; no live Acrobat, PAC detail view, tag-panel, or assistive-technology check was performed.",No - the matched baseline has no relevant failure.,No,No,coder_2,Detected,The clean baseline gains veraPDF rule 7.4.2-1 with hasCorrectNestingLevel=false and a skipped heading level.,ISO 14289-1:2014 7.4.2-1; hasCorrectNestingLevel,"Not required for this classification; no live manual, tag-panel, or AT check was performed.",No - the matched veraPDF baseline has no failed rules.,No - the operator is machine-checkable under the tested profile.,None observed.,agree,adjudicator_1,Detected,Independent coders agreed on Detected based on the paired mutant and baseline evidence.
DC-0164,veraPDF::PDF/UA-1 ua1::PDFUA-Ref-2-04_Presentation-M04,PDFUA-Ref-2-04_Presentation-M04,PDFUA-Ref-2-04_Presentation,M04,veraPDF,PDF/UA-1 ua1,evidence/double_coding/DC-0164.json,e8239c1d52406d1170fa2c2f2beb29c544986ba477aacc6afe15e4de37a65863,coder_1,Outside Scope,The mutant remains compliant like the matched baseline; no association-specific rule identifies the exchanged marked-content references.,M04 marked-content association checkpoint; no relevant veraPDF rule emitted,Required for the semantic association claim and not performed; no live tag-panel or assistive-technology check was conducted.,No - the matched baseline has no relevant failure.,Yes - no association-specific automated rule is demonstrated.,No,coder_2,Outside Scope,The mutant remains compliant and no veraPDF rule identifies the exchanged marked-content associations.,M04 association correctness; no veraPDF failure emitted,Semantic/AT review is required for the intended Class B effect and was not performed; veraPDF evidence is automated only.,No - the matched veraPDF baseline has no failed rules.,Yes - the intended property is Class B and no specific automated rule was emitted.,None observed.,agree,adjudicator_1,Outside Scope,Independent coders agreed on Outside Scope based on the paired mutant and baseline evidence.
DC-0165,veraPDF::PDF/UA-1 ua1::PDFUA-Ref-2-04_Presentation-M05,PDFUA-Ref-2-04_Presentation-M05,PDFUA-Ref-2-04_Presentation,M05,veraPDF,PDF/UA-1 ua1,evidence/double_coding/DC-0165.json,013f132ac11dfa0e4cd7c001bbfcfe20396850d699af696e52293227628d42ce,coder_1,Outside Scope,The mutant remains compliant like the matched baseline; no rule identifies the internal MCID sequence reversal.,M05 intra-element content-order checkpoint; no relevant veraPDF rule emitted,Required for the semantic order claim and not performed; no live tag-panel or assistive-technology check was conducted.,No - the matched baseline has no relevant failure.,Yes - no intra-element order rule is demonstrated.,No,coder_2,Outside Scope,The mutant remains compliant and no veraPDF rule identifies the reversed intra-element content-item order.,M05 intra-element order; no veraPDF failure emitted,Semantic/AT review is required for the intended Class B effect and was not performed; veraPDF evidence is automated only.,No - the matched veraPDF baseline has no failed rules.,Yes - the intended property is Class B and no specific automated rule was emitted.,None observed.,agree,adjudicator_1,Outside Scope,Independent coders agreed on Outside Scope based on the paired mutant and baseline evidence.
DC-0166,veraPDF::PDF/UA-1 ua1::PDFUA-Ref-2-04_Presentation-M06,PDFUA-Ref-2-04_Presentation-M06,PDFUA-Ref-2-04_Presentation,M06,veraPDF,PDF/UA-1 ua1,evidence/double_coding/DC-0166.json,b924b10b903282153e973fda7d6b1146371c59ef73a01b72c99cdc52ad059f48,coder_1,Missed,The mutant remains compliant like the matched baseline; no rule detects the machine-checkable duplicate LI reference.,M06 duplicate-list-item structural checkpoint; no relevant veraPDF rule emitted,"Not required for this automated comparison; no live Acrobat, PAC detail view, tag-panel, or assistive-technology check was performed.",No - the matched baseline has no relevant failure.,No,No,coder_2,Missed,The mutant remains compliant and no veraPDF rule flags the duplicate direct /LI reference.,M06 list containment/uniqueness; no veraPDF failure emitted,"Not required for this classification; no live manual, tag-panel, or AT check was performed.",No - the matched veraPDF baseline has no failed rules.,No - the operator is machine-checkable under the tested profile.,None observed.,agree,adjudicator_1,Missed,Independent coders agreed on Missed based on the paired mutant and baseline evidence.
DC-0167,veraPDF::PDF/UA-1 ua1::PDFUA-Ref-2-04_Presentation-M07,PDFUA-Ref-2-04_Presentation-M07,PDFUA-Ref-2-04_Presentation,M07,veraPDF,PDF/UA-1 ua1,evidence/double_coding/DC-0167.json,3688d061cf383375576f74c33fb90f913c335b4d5ec86681b2f32d14923b25ce,coder_1,Detected,"The matched baseline is compliant and the mutant newly fails the figure alternate-description rule, directly matching removal of /Alt.",ISO 14289-1:2014 7.3 test 1,"Not required for this automated comparison; no live Acrobat, PAC detail view, tag-panel, or assistive-technology check was performed.",No - the matched baseline has no relevant failure.,No,No,coder_2,Detected,The clean baseline gains veraPDF rule 7.3-1 stating that the Figure has neither alternate description nor replacement text.,ISO 14289-1:2014 7.3-1; Figure Alt/ActualText,"Not required for this classification; no live manual, tag-panel, or AT check was performed.",No - the matched veraPDF baseline has no failed rules.,No - the operator is machine-checkable under the tested profile.,None observed.,agree,adjudicator_1,Detected,Independent coders agreed on Detected based on the paired mutant and baseline evidence.
DC-0168,veraPDF::PDF/UA-1 ua1::PDFUA-Ref-2-04_Presentation-M08,PDFUA-Ref-2-04_Presentation-M08,PDFUA-Ref-2-04_Presentation,M08,veraPDF,PDF/UA-1 ua1,evidence/double_coding/DC-0168.json,996c2a8cfcc7ef5c5f9be5f32620ce53d5f6c2692c1b0fc0ce9072ca2b841dd3,coder_1,Detected,The matched baseline is compliant and the mutant newly fails document/natural-language rules after catalog /Lang removal.,ISO 14289-1:2014 7.2 test 2; ISO 14289-1:2014 7.2 test 30; ISO 14289-1:2014 7.2 test 33; ISO 14289-1:2014 7.2 test 24; ISO 14289-1:2014 7.2 test 34,"Not required for this automated comparison; no live Acrobat, PAC detail view, tag-panel, or assistive-technology check was performed.",No - the matched baseline has no relevant failure.,No,No,coder_2,Detected,The clean baseline gains veraPDF natural-language failures that explicitly depend on the missing catalog language.,"ISO 14289-1:2014 7.2-2/-21/-22/-24/-25/-30/-33/-34, as emitted","Not required for this classification; no live manual, tag-panel, or AT check was performed.",No - the matched veraPDF baseline has no failed rules.,No - the operator is machine-checkable under the tested profile.,None observed.,agree,adjudicator_1,Detected,Independent coders agreed on Detected based on the paired mutant and baseline evidence.
DC-0169,veraPDF::PDF/UA-1 ua1::PDFUA-Ref-2-04_Presentation-M09,PDFUA-Ref-2-04_Presentation-M09,PDFUA-Ref-2-04_Presentation,M09,veraPDF,PDF/UA-1 ua1,evidence/double_coding/DC-0169.json,c59d31a9bf02b1638e6c5ceead0dff540f65cd6e9cc22c538bbb0d8a5b759386,coder_1,Detected,"The matched baseline is compliant and the mutant newly fails the role-mapping rule, directly matching the unresolved RoleMap target.",ISO 14289-1:2014 7.1 test 5,"Not required for this automated comparison; no live Acrobat, PAC detail view, tag-panel, or assistive-technology check was performed.",No - the matched baseline has no relevant failure.,No,No,coder_2,Detected,The clean baseline gains rule 7.1-5: the used non-standard structure type is no longer mapped to a standard type.,ISO 14289-1:2014 7.1-5; isNotMappedToStandardType,"Not required for this classification; no live manual, tag-panel, or AT check was performed.",No - the matched veraPDF baseline has no failed rules.,No - the operator is machine-checkable under the tested profile.,None observed.,agree,adjudicator_1,Detected,Independent coders agreed on Detected based on the paired mutant and baseline evidence.
DC-0170,veraPDF::PDF/UA-1 ua1::PDFUA-Ref-2-05_BookChapter-german-M01,PDFUA-Ref-2-05_BookChapter-german-M01,PDFUA-Ref-2-05_BookChapter-german,M01,veraPDF,PDF/UA-1 ua1,evidence/double_coding/DC-0170.json,d2a896906327d1c66acb8cf44ebf88fb0f268951d7b13ac26a33431dcb0f9362,coder_1,Outside Scope,veraPDF emits no failed rule for the intended logical-reading-order swap relative to the matched baseline.,M01 logical-reading-order checkpoint; no relevant veraPDF rule emitted,Required for the intended reading-order claim and not performed; no live tag-panel or assistive-technology check was conducted.,No - the matched baseline has no relevant failure.,Yes - no explicit logical-order rule is demonstrated.,No,coder_2,Outside Scope,The mutant remains compliant and veraPDF emits no rule for the intended logical reading-order change.,M01 logical reading order; no veraPDF failure emitted,Semantic/AT review is required for the intended Class B effect and was not performed; veraPDF evidence is automated only.,No - the matched veraPDF baseline has no failed rules.,Yes - the intended property is Class B and no specific automated rule was emitted.,None observed.,agree,adjudicator_1,Outside Scope,Independent coders agreed on Outside Scope based on the paired mutant and baseline evidence.
DC-0171,veraPDF::PDF/UA-1 ua1::PDFUA-Ref-2-05_BookChapter-german-M02,PDFUA-Ref-2-05_BookChapter-german-M02,PDFUA-Ref-2-05_BookChapter-german,M02,veraPDF,PDF/UA-1 ua1,evidence/double_coding/DC-0171.json,93c6a4b08285a562aa16fbd6674d35538f129082ac50851f05344024ee8c89a0,coder_1,Outside Scope,veraPDF emits no failed rule identifying visible content omitted from the tagged structure relative to the matched baseline.,M02 content-to-structure completeness checkpoint; no relevant veraPDF rule emitted,Required for the semantic completeness claim and not performed; no live tag-panel or assistive-technology check was conducted.,No - the matched baseline has no relevant failure.,Yes - no automated completeness rule is demonstrated.,No,coder_2,Outside Scope,The mutant remains compliant and veraPDF emits no rule tied to omission of the selected tagged subtree.,M02 tagged-content completeness; no veraPDF failure emitted,Semantic/AT review is required for the intended Class B effect and was not performed; veraPDF evidence is automated only.,No - the matched veraPDF baseline has no failed rules.,Yes - the intended property is Class B and no specific automated rule was emitted.,None observed.,agree,adjudicator_1,Outside Scope,Independent coders agreed on Outside Scope based on the paired mutant and baseline evidence.
DC-0172,veraPDF::PDF/UA-1 ua1::PDFUA-Ref-2-05_BookChapter-german-M03,PDFUA-Ref-2-05_BookChapter-german-M03,PDFUA-Ref-2-05_BookChapter-german,M03,veraPDF,PDF/UA-1 ua1,evidence/double_coding/DC-0172.json,afa1646105365d7b23b2d9c90126d9b984c09206aa62a924e70afd28f9a1c207,coder_1,Detected,"The matched baseline is compliant and the mutant newly fails the heading nesting rule, directly matching the injected skipped heading level.",ISO 14289-1:2014 7.4.2 test 1,"Not required for this automated comparison; no live Acrobat, PAC detail view, tag-panel, or assistive-technology check was performed.",No - the matched baseline has no relevant failure.,No,No,coder_2,Detected,The clean baseline gains veraPDF rule 7.4.2-1 with hasCorrectNestingLevel=false and a skipped heading level.,ISO 14289-1:2014 7.4.2-1; hasCorrectNestingLevel,"Not required for this classification; no live manual, tag-panel, or AT check was performed.",No - the matched veraPDF baseline has no failed rules.,No - the operator is machine-checkable under the tested profile.,None observed.,agree,adjudicator_1,Detected,Independent coders agreed on Detected based on the paired mutant and baseline evidence.
DC-0173,veraPDF::PDF/UA-1 ua1::PDFUA-Ref-2-05_BookChapter-german-M04,PDFUA-Ref-2-05_BookChapter-german-M04,PDFUA-Ref-2-05_BookChapter-german,M04,veraPDF,PDF/UA-1 ua1,evidence/double_coding/DC-0173.json,31ce29f9e2382c56bdcbe08e709d398dd4b5fcbd05d1951d47d09e138309b4ba,coder_1,Outside Scope,The mutant remains compliant like the matched baseline; no association-specific rule identifies the exchanged marked-content references.,M04 marked-content association checkpoint; no relevant veraPDF rule emitted,Required for the semantic association claim and not performed; no live tag-panel or assistive-technology check was conducted.,No - the matched baseline has no relevant failure.,Yes - no association-specific automated rule is demonstrated.,No,coder_2,Outside Scope,The mutant remains compliant and no veraPDF rule identifies the exchanged marked-content associations.,M04 association correctness; no veraPDF failure emitted,Semantic/AT review is required for the intended Class B effect and was not performed; veraPDF evidence is automated only.,No - the matched veraPDF baseline has no failed rules.,Yes - the intended property is Class B and no specific automated rule was emitted.,None observed.,agree,adjudicator_1,Outside Scope,Independent coders agreed on Outside Scope based on the paired mutant and baseline evidence.
DC-0174,veraPDF::PDF/UA-1 ua1::PDFUA-Ref-2-05_BookChapter-german-M05,PDFUA-Ref-2-05_BookChapter-german-M05,PDFUA-Ref-2-05_BookChapter-german,M05,veraPDF,PDF/UA-1 ua1,evidence/double_coding/DC-0174.json,0208b414951783ed21b2e37e354a201dfb204256f4b0c46e0765f259d236bcef,coder_1,Outside Scope,The mutant remains compliant like the matched baseline; no rule identifies the internal MCID sequence reversal.,M05 intra-element content-order checkpoint; no relevant veraPDF rule emitted,Required for the semantic order claim and not performed; no live tag-panel or assistive-technology check was conducted.,No - the matched baseline has no relevant failure.,Yes - no intra-element order rule is demonstrated.,No,coder_2,Outside Scope,The mutant remains compliant and no veraPDF rule identifies the reversed intra-element content-item order.,M05 intra-element order; no veraPDF failure emitted,Semantic/AT review is required for the intended Class B effect and was not performed; veraPDF evidence is automated only.,No - the matched veraPDF baseline has no failed rules.,Yes - the intended property is Class B and no specific automated rule was emitted.,None observed.,agree,adjudicator_1,Outside Scope,Independent coders agreed on Outside Scope based on the paired mutant and baseline evidence.
DC-0175,veraPDF::PDF/UA-1 ua1::PDFUA-Ref-2-05_BookChapter-german-M06,PDFUA-Ref-2-05_BookChapter-german-M06,PDFUA-Ref-2-05_BookChapter-german,M06,veraPDF,PDF/UA-1 ua1,evidence/double_coding/DC-0175.json,7c837fdba05bd38136f4eb732214bc42c8033cd647908f319d7fc9e9ee95d6be,coder_1,Missed,The mutant remains compliant like the matched baseline; no rule detects the machine-checkable duplicate LI reference.,M06 duplicate-list-item structural checkpoint; no relevant veraPDF rule emitted,"Not required for this automated comparison; no live Acrobat, PAC detail view, tag-panel, or assistive-technology check was performed.",No - the matched baseline has no relevant failure.,No,No,coder_2,Missed,The mutant remains compliant and no veraPDF rule flags the duplicate direct /LI reference.,M06 list containment/uniqueness; no veraPDF failure emitted,"Not required for this classification; no live manual, tag-panel, or AT check was performed.",No - the matched veraPDF baseline has no failed rules.,No - the operator is machine-checkable under the tested profile.,None observed.,agree,adjudicator_1,Missed,Independent coders agreed on Missed based on the paired mutant and baseline evidence.
DC-0176,veraPDF::PDF/UA-1 ua1::PDFUA-Ref-2-05_BookChapter-german-M07,PDFUA-Ref-2-05_BookChapter-german-M07,PDFUA-Ref-2-05_BookChapter-german,M07,veraPDF,PDF/UA-1 ua1,evidence/double_coding/DC-0176.json,05878c733b4ab48d7540fc2e056dd6f8b3d002122fbeda483e4583c53b4bc6c9,coder_1,Detected,"The matched baseline is compliant and the mutant newly fails the figure alternate-description rule, directly matching removal of /Alt.",ISO 14289-1:2014 7.3 test 1,"Not required for this automated comparison; no live Acrobat, PAC detail view, tag-panel, or assistive-technology check was performed.",No - the matched baseline has no relevant failure.,No,No,coder_2,Detected,The clean baseline gains veraPDF rule 7.3-1 stating that the Figure has neither alternate description nor replacement text.,ISO 14289-1:2014 7.3-1; Figure Alt/ActualText,"Not required for this classification; no live manual, tag-panel, or AT check was performed.",No - the matched veraPDF baseline has no failed rules.,No - the operator is machine-checkable under the tested profile.,None observed.,agree,adjudicator_1,Detected,Independent coders agreed on Detected based on the paired mutant and baseline evidence.
DC-0177,veraPDF::PDF/UA-1 ua1::PDFUA-Ref-2-05_BookChapter-german-M08,PDFUA-Ref-2-05_BookChapter-german-M08,PDFUA-Ref-2-05_BookChapter-german,M08,veraPDF,PDF/UA-1 ua1,evidence/double_coding/DC-0177.json,03db3bfc2f524096cb77172ecbc471711855031d840f8b41ba884877217e8743,coder_1,Detected,The matched baseline is compliant and the mutant newly fails document/natural-language rules after catalog /Lang removal.,ISO 14289-1:2014 7.2 test 24; ISO 14289-1:2014 7.2 test 33; ISO 14289-1:2014 7.2 test 30; ISO 14289-1:2014 7.2 test 2; ISO 14289-1:2014 7.2 test 34,"Not required for this automated comparison; no live Acrobat, PAC detail view, tag-panel, or assistive-technology check was performed.",No - the matched baseline has no relevant failure.,No,No,coder_2,Detected,The clean baseline gains veraPDF natural-language failures that explicitly depend on the missing catalog language.,"ISO 14289-1:2014 7.2-2/-21/-22/-24/-25/-30/-33/-34, as emitted","Not required for this classification; no live manual, tag-panel, or AT check was performed.",No - the matched veraPDF baseline has no failed rules.,No - the operator is machine-checkable under the tested profile.,None observed.,agree,adjudicator_1,Detected,Independent coders agreed on Detected based on the paired mutant and baseline evidence.
DC-0178,veraPDF::PDF/UA-1 ua1::PDFUA-Ref-2-05_BookChapter-german-M09,PDFUA-Ref-2-05_BookChapter-german-M09,PDFUA-Ref-2-05_BookChapter-german,M09,veraPDF,PDF/UA-1 ua1,evidence/double_coding/DC-0178.json,951ab55695d1d514fedaff4307d8a46177e5c60044b46436fa561ba2e7030dd0,coder_1,Detected,"The matched baseline is compliant and the mutant newly fails the role-mapping rule, directly matching the unresolved RoleMap target.",ISO 14289-1:2014 7.1 test 5,"Not required for this automated comparison; no live Acrobat, PAC detail view, tag-panel, or assistive-technology check was performed.",No - the matched baseline has no relevant failure.,No,No,coder_2,Detected,The clean baseline gains rule 7.1-5: the used non-standard structure type is no longer mapped to a standard type.,ISO 14289-1:2014 7.1-5; isNotMappedToStandardType,"Not required for this classification; no live manual, tag-panel, or AT check was performed.",No - the matched veraPDF baseline has no failed rules.,No - the operator is machine-checkable under the tested profile.,None observed.,agree,adjudicator_1,Detected,Independent coders agreed on Detected based on the paired mutant and baseline evidence.
DC-0179,veraPDF::PDF/UA-1 ua1::PDFUA-Ref-2-05_BookChapter-german-M10,PDFUA-Ref-2-05_BookChapter-german-M10,PDFUA-Ref-2-05_BookChapter-german,M10,veraPDF,PDF/UA-1 ua1,evidence/double_coding/DC-0179.json,82dcd2962d509ab4b367ab013210057abecd734ce3eedec66d84023c8fdccf64,coder_1,Detected,The matched baseline is compliant and the mutant newly fails the TR child-role constraint; the additional row/column-span rule is a direct table-structure consequence.,ISO 14289-1:2014 7.2 test 10; ISO 14289-1:2014 7.2 test 42,"Not required for this automated comparison; no live Acrobat, PAC detail view, tag-panel, or assistive-technology check was performed.",No - the matched baseline has no relevant failure.,No,No,coder_2,Detected,The clean baseline gains rule 7.2-10 explicitly stating that TR contains P instead of TH/TD; the row-span rule is a direct table consequence.,ISO 14289-1:2014 7.2-10 and 7.2-42,"Not required for this classification; no live manual, tag-panel, or AT check was performed.",No - the matched veraPDF baseline has no failed rules.,No - the operator is machine-checkable under the tested profile.,None observed.,agree,adjudicator_1,Detected,Independent coders agreed on Detected based on the paired mutant and baseline evidence.
DC-0180,veraPDF::PDF/UA-1 ua1::PDFUA-Ref-2-06_Brochure-M01,PDFUA-Ref-2-06_Brochure-M01,PDFUA-Ref-2-06_Brochure,M01,veraPDF,PDF/UA-1 ua1,evidence/double_coding/DC-0180.json,224453b792ae45c12cc447461b7e5d1f7f0f535728ede5eafdedbf8b6a4138f2,coder_1,Outside Scope,veraPDF emits no failed rule for the intended logical-reading-order swap relative to the matched baseline.,M01 logical-reading-order checkpoint; no relevant veraPDF rule emitted,Required for the intended reading-order claim and not performed; no live tag-panel or assistive-technology check was conducted.,No - the matched baseline has no relevant failure.,Yes - no explicit logical-order rule is demonstrated.,No,coder_2,Outside Scope,The mutant remains compliant and veraPDF emits no rule for the intended logical reading-order change.,M01 logical reading order; no veraPDF failure emitted,Semantic/AT review is required for the intended Class B effect and was not performed; veraPDF evidence is automated only.,No - the matched veraPDF baseline has no failed rules.,Yes - the intended property is Class B and no specific automated rule was emitted.,None observed.,agree,adjudicator_1,Outside Scope,Independent coders agreed on Outside Scope based on the paired mutant and baseline evidence.
DC-0181,veraPDF::PDF/UA-1 ua1::PDFUA-Ref-2-06_Brochure-M02,PDFUA-Ref-2-06_Brochure-M02,PDFUA-Ref-2-06_Brochure,M02,veraPDF,PDF/UA-1 ua1,evidence/double_coding/DC-0181.json,067b37f9e7f810a446dc96cbd138c023bbbd4cf04ea8e3d284529f3880dbfd82,coder_1,Outside Scope,veraPDF emits no failed rule identifying visible content omitted from the tagged structure relative to the matched baseline.,M02 content-to-structure completeness checkpoint; no relevant veraPDF rule emitted,Required for the semantic completeness claim and not performed; no live tag-panel or assistive-technology check was conducted.,No - the matched baseline has no relevant failure.,Yes - no automated completeness rule is demonstrated.,No,coder_2,Outside Scope,The mutant remains compliant and veraPDF emits no rule tied to omission of the selected tagged subtree.,M02 tagged-content completeness; no veraPDF failure emitted,Semantic/AT review is required for the intended Class B effect and was not performed; veraPDF evidence is automated only.,No - the matched veraPDF baseline has no failed rules.,Yes - the intended property is Class B and no specific automated rule was emitted.,None observed.,agree,adjudicator_1,Outside Scope,Independent coders agreed on Outside Scope based on the paired mutant and baseline evidence.
DC-0182,veraPDF::PDF/UA-1 ua1::PDFUA-Ref-2-06_Brochure-M03,PDFUA-Ref-2-06_Brochure-M03,PDFUA-Ref-2-06_Brochure,M03,veraPDF,PDF/UA-1 ua1,evidence/double_coding/DC-0182.json,96ebcf7e36d0766703cec4fda16da87d3d21d3c74a1c8dc72459169d19c1c287,coder_1,Detected,"The matched baseline is compliant and the mutant newly fails the heading nesting rule, directly matching the injected skipped heading level.",ISO 14289-1:2014 7.4.2 test 1,"Not required for this automated comparison; no live Acrobat, PAC detail view, tag-panel, or assistive-technology check was performed.",No - the matched baseline has no relevant failure.,No,No,coder_2,Detected,The clean baseline gains veraPDF rule 7.4.2-1 with hasCorrectNestingLevel=false and a skipped heading level.,ISO 14289-1:2014 7.4.2-1; hasCorrectNestingLevel,"Not required for this classification; no live manual, tag-panel, or AT check was performed.",No - the matched veraPDF baseline has no failed rules.,No - the operator is machine-checkable under the tested profile.,None observed.,agree,adjudicator_1,Detected,Independent coders agreed on Detected based on the paired mutant and baseline evidence.
DC-0183,veraPDF::PDF/UA-1 ua1::PDFUA-Ref-2-06_Brochure-M04,PDFUA-Ref-2-06_Brochure-M04,PDFUA-Ref-2-06_Brochure,M04,veraPDF,PDF/UA-1 ua1,evidence/double_coding/DC-0183.json,5b7ea6a5d29b8c87e9b5ec2034861f415e38beac3844f632589a1edc779659aa,coder_1,Outside Scope,The mutant remains compliant like the matched baseline; no association-specific rule identifies the exchanged marked-content references.,M04 marked-content association checkpoint; no relevant veraPDF rule emitted,Required for the semantic association claim and not performed; no live tag-panel or assistive-technology check was conducted.,No - the matched baseline has no relevant failure.,Yes - no association-specific automated rule is demonstrated.,No,coder_2,Outside Scope,The mutant remains compliant and no veraPDF rule identifies the exchanged marked-content associations.,M04 association correctness; no veraPDF failure emitted,Semantic/AT review is required for the intended Class B effect and was not performed; veraPDF evidence is automated only.,No - the matched veraPDF baseline has no failed rules.,Yes - the intended property is Class B and no specific automated rule was emitted.,None observed.,agree,adjudicator_1,Outside Scope,Independent coders agreed on Outside Scope based on the paired mutant and baseline evidence.
DC-0184,veraPDF::PDF/UA-1 ua1::PDFUA-Ref-2-06_Brochure-M05,PDFUA-Ref-2-06_Brochure-M05,PDFUA-Ref-2-06_Brochure,M05,veraPDF,PDF/UA-1 ua1,evidence/double_coding/DC-0184.json,0f4d9a61fc2b27fbbd8d94cec211bd95321d8e49cc4d538060f6755e771fa4df,coder_1,Outside Scope,The mutant remains compliant like the matched baseline; no rule identifies the internal MCID sequence reversal.,M05 intra-element content-order checkpoint; no relevant veraPDF rule emitted,Required for the semantic order claim and not performed; no live tag-panel or assistive-technology check was conducted.,No - the matched baseline has no relevant failure.,Yes - no intra-element order rule is demonstrated.,No,coder_2,Outside Scope,The mutant remains compliant and no veraPDF rule identifies the reversed intra-element content-item order.,M05 intra-element order; no veraPDF failure emitted,Semantic/AT review is required for the intended Class B effect and was not performed; veraPDF evidence is automated only.,No - the matched veraPDF baseline has no failed rules.,Yes - the intended property is Class B and no specific automated rule was emitted.,None observed.,agree,adjudicator_1,Outside Scope,Independent coders agreed on Outside Scope based on the paired mutant and baseline evidence.
DC-0185,veraPDF::PDF/UA-1 ua1::PDFUA-Ref-2-06_Brochure-M06,PDFUA-Ref-2-06_Brochure-M06,PDFUA-Ref-2-06_Brochure,M06,veraPDF,PDF/UA-1 ua1,evidence/double_coding/DC-0185.json,dd50f51ddbf778e2212108397450ab5dafbc928353fd33258583796777cea697,coder_1,Missed,The mutant remains compliant like the matched baseline; no rule detects the machine-checkable duplicate LI reference.,M06 duplicate-list-item structural checkpoint; no relevant veraPDF rule emitted,"Not required for this automated comparison; no live Acrobat, PAC detail view, tag-panel, or assistive-technology check was performed.",No - the matched baseline has no relevant failure.,No,No,coder_2,Missed,The mutant remains compliant and no veraPDF rule flags the duplicate direct /LI reference.,M06 list containment/uniqueness; no veraPDF failure emitted,"Not required for this classification; no live manual, tag-panel, or AT check was performed.",No - the matched veraPDF baseline has no failed rules.,No - the operator is machine-checkable under the tested profile.,None observed.,agree,adjudicator_1,Missed,Independent coders agreed on Missed based on the paired mutant and baseline evidence.
DC-0186,veraPDF::PDF/UA-1 ua1::PDFUA-Ref-2-06_Brochure-M07,PDFUA-Ref-2-06_Brochure-M07,PDFUA-Ref-2-06_Brochure,M07,veraPDF,PDF/UA-1 ua1,evidence/double_coding/DC-0186.json,804fa1a6e4409c97edc4c27a68b7ef6d1a23c97c22ce19211a066144d5d6ca56,coder_1,Detected,"The matched baseline is compliant and the mutant newly fails the figure alternate-description rule, directly matching removal of /Alt.",ISO 14289-1:2014 7.3 test 1,"Not required for this automated comparison; no live Acrobat, PAC detail view, tag-panel, or assistive-technology check was performed.",No - the matched baseline has no relevant failure.,No,No,coder_2,Detected,The clean baseline gains veraPDF rule 7.3-1 stating that the Figure has neither alternate description nor replacement text.,ISO 14289-1:2014 7.3-1; Figure Alt/ActualText,"Not required for this classification; no live manual, tag-panel, or AT check was performed.",No - the matched veraPDF baseline has no failed rules.,No - the operator is machine-checkable under the tested profile.,None observed.,agree,adjudicator_1,Detected,Independent coders agreed on Detected based on the paired mutant and baseline evidence.
DC-0187,veraPDF::PDF/UA-1 ua1::PDFUA-Ref-2-06_Brochure-M08,PDFUA-Ref-2-06_Brochure-M08,PDFUA-Ref-2-06_Brochure,M08,veraPDF,PDF/UA-1 ua1,evidence/double_coding/DC-0187.json,58ac7e6ae63cb5b0e41f28d50a0806eafd5ec796e6b66d7087c6c6aa7f0cc5cf,coder_1,Detected,The matched baseline is compliant and the mutant newly fails document/natural-language rules after catalog /Lang removal.,ISO 14289-1:2014 7.2 test 24; ISO 14289-1:2014 7.2 test 2; ISO 14289-1:2014 7.2 test 33; ISO 14289-1:2014 7.2 test 34,"Not required for this automated comparison; no live Acrobat, PAC detail view, tag-panel, or assistive-technology check was performed.",No - the matched baseline has no relevant failure.,No,No,coder_2,Detected,The clean baseline gains veraPDF natural-language failures that explicitly depend on the missing catalog language.,"ISO 14289-1:2014 7.2-2/-21/-22/-24/-25/-30/-33/-34, as emitted","Not required for this classification; no live manual, tag-panel, or AT check was performed.",No - the matched veraPDF baseline has no failed rules.,No - the operator is machine-checkable under the tested profile.,None observed.,agree,adjudicator_1,Detected,Independent coders agreed on Detected based on the paired mutant and baseline evidence.
DC-0188,veraPDF::PDF/UA-1 ua1::PDFUA-Ref-2-08_BookChapter-M01,PDFUA-Ref-2-08_BookChapter-M01,PDFUA-Ref-2-08_BookChapter,M01,veraPDF,PDF/UA-1 ua1,evidence/double_coding/DC-0188.json,787e5f03f12cc48006691f4d2881ef5b745d9c784141c35ef7bd916d1bb64b11,coder_1,Detected,"The matched baseline is compliant, while the mutant newly fails heading nesting because traversal now begins with a heading that skips an intervening level. This is a direct structural consequence of the /K-order swap.",ISO 14289-1:2014 7.4.2 test 1,No live semantic or assistive-technology check was performed; the automated direct-consequence finding alone supports this validator classification.,No - the matched baseline has no relevant failure.,No,No,coder_2,Detected,The clean baseline gains rule 7.4.2-1 for a skipped heading level; this is a documented direct structural consequence of the M01 order swap.,ISO 14289-1:2014 7.4.2-1; M01 direct structural consequence,Semantic/AT review is required for the intended Class B effect and was not performed; veraPDF evidence is automated only.,No - the matched veraPDF baseline has no failed rules.,"Partial - the semantic effect remains outside formal automation, but an explicit direct structural consequence was detected.",None observed.,agree,adjudicator_1,Detected,Independent coders agreed on Detected based on the paired mutant and baseline evidence.
DC-0189,veraPDF::PDF/UA-1 ua1::PDFUA-Ref-2-08_BookChapter-M02,PDFUA-Ref-2-08_BookChapter-M02,PDFUA-Ref-2-08_BookChapter,M02,veraPDF,PDF/UA-1 ua1,evidence/double_coding/DC-0189.json,c1fd34e6d81130479e80670ab78ae5404b7eaaeeac9a0a58b72c1a981604c794,coder_1,Detected,"The matched baseline is compliant, while the mutant newly fails heading nesting because omission removes an earlier heading and leaves a skipped level in traversal. The emitted failure is a direct structural consequence of the omission.",ISO 14289-1:2014 7.4.2 test 1,No live semantic or assistive-technology check was performed; the automated direct-consequence finding alone supports this validator classification.,No - the matched baseline has no relevant failure.,No,No,coder_2,Detected,The clean baseline gains rule 7.4.2-1 for a skipped heading level; this is a direct structural consequence of removing the selected subtree.,ISO 14289-1:2014 7.4.2-1; M02 direct structural consequence,Semantic/AT review is required for the intended Class B effect and was not performed; veraPDF evidence is automated only.,No - the matched veraPDF baseline has no failed rules.,"Partial - the semantic effect remains outside formal automation, but an explicit direct structural consequence was detected.",None observed.,agree,adjudicator_1,Detected,Independent coders agreed on Detected based on the paired mutant and baseline evidence.
DC-0190,veraPDF::PDF/UA-1 ua1::PDFUA-Ref-2-08_BookChapter-M03,PDFUA-Ref-2-08_BookChapter-M03,PDFUA-Ref-2-08_BookChapter,M03,veraPDF,PDF/UA-1 ua1,evidence/double_coding/DC-0190.json,6460503139b35e611e7b8aed9567b70b796cfdb2a07222c4c62ab96f54023b73,coder_1,Detected,"The matched baseline is compliant and the mutant newly fails the heading nesting rule, directly matching the injected skipped heading level.",ISO 14289-1:2014 7.4.2 test 1,"Not required for this automated comparison; no live Acrobat, PAC detail view, tag-panel, or assistive-technology check was performed.",No - the matched baseline has no relevant failure.,No,No,coder_2,Detected,The clean baseline gains veraPDF rule 7.4.2-1 with hasCorrectNestingLevel=false and a skipped heading level.,ISO 14289-1:2014 7.4.2-1; hasCorrectNestingLevel,"Not required for this classification; no live manual, tag-panel, or AT check was performed.",No - the matched veraPDF baseline has no failed rules.,No - the operator is machine-checkable under the tested profile.,None observed.,agree,adjudicator_1,Detected,Independent coders agreed on Detected based on the paired mutant and baseline evidence.
DC-0191,veraPDF::PDF/UA-1 ua1::PDFUA-Ref-2-08_BookChapter-M04,PDFUA-Ref-2-08_BookChapter-M04,PDFUA-Ref-2-08_BookChapter,M04,veraPDF,PDF/UA-1 ua1,evidence/double_coding/DC-0191.json,f3cd2c74fabe96020e677f61908a6a7c407c08ce283e870b023e69749504d75c,coder_1,Outside Scope,The mutant remains compliant like the matched baseline; no association-specific rule identifies the exchanged marked-content references.,M04 marked-content association checkpoint; no relevant veraPDF rule emitted,Required for the semantic association claim and not performed; no live tag-panel or assistive-technology check was conducted.,No - the matched baseline has no relevant failure.,Yes - no association-specific automated rule is demonstrated.,No,coder_2,Outside Scope,The mutant remains compliant and no veraPDF rule identifies the exchanged marked-content associations.,M04 association correctness; no veraPDF failure emitted,Semantic/AT review is required for the intended Class B effect and was not performed; veraPDF evidence is automated only.,No - the matched veraPDF baseline has no failed rules.,Yes - the intended property is Class B and no specific automated rule was emitted.,None observed.,agree,adjudicator_1,Outside Scope,Independent coders agreed on Outside Scope based on the paired mutant and baseline evidence.
DC-0192,veraPDF::PDF/UA-1 ua1::PDFUA-Ref-2-08_BookChapter-M05,PDFUA-Ref-2-08_BookChapter-M05,PDFUA-Ref-2-08_BookChapter,M05,veraPDF,PDF/UA-1 ua1,evidence/double_coding/DC-0192.json,200d08daf15e08917983e612f1ba2daec9dd50c3729673020559fb786f06daf4,coder_1,Outside Scope,The mutant remains compliant like the matched baseline; no rule identifies the internal MCID sequence reversal.,M05 intra-element content-order checkpoint; no relevant veraPDF rule emitted,Required for the semantic order claim and not performed; no live tag-panel or assistive-technology check was conducted.,No - the matched baseline has no relevant failure.,Yes - no intra-element order rule is demonstrated.,No,coder_2,Outside Scope,The mutant remains compliant and no veraPDF rule identifies the reversed intra-element content-item order.,M05 intra-element order; no veraPDF failure emitted,Semantic/AT review is required for the intended Class B effect and was not performed; veraPDF evidence is automated only.,No - the matched veraPDF baseline has no failed rules.,Yes - the intended property is Class B and no specific automated rule was emitted.,None observed.,agree,adjudicator_1,Outside Scope,Independent coders agreed on Outside Scope based on the paired mutant and baseline evidence.
DC-0193,veraPDF::PDF/UA-1 ua1::PDFUA-Ref-2-08_BookChapter-M06,PDFUA-Ref-2-08_BookChapter-M06,PDFUA-Ref-2-08_BookChapter,M06,veraPDF,PDF/UA-1 ua1,evidence/double_coding/DC-0193.json,58d39b3ab90b2367662875e4b4198660a8e742b1932c8b7dd4f56102a1685a5d,coder_1,Missed,The mutant remains compliant like the matched baseline; no rule detects the machine-checkable duplicate LI reference.,M06 duplicate-list-item structural checkpoint; no relevant veraPDF rule emitted,"Not required for this automated comparison; no live Acrobat, PAC detail view, tag-panel, or assistive-technology check was performed.",No - the matched baseline has no relevant failure.,No,No,coder_2,Missed,The mutant remains compliant and no veraPDF rule flags the duplicate direct /LI reference.,M06 list containment/uniqueness; no veraPDF failure emitted,"Not required for this classification; no live manual, tag-panel, or AT check was performed.",No - the matched veraPDF baseline has no failed rules.,No - the operator is machine-checkable under the tested profile.,None observed.,agree,adjudicator_1,Missed,Independent coders agreed on Missed based on the paired mutant and baseline evidence.
DC-0194,veraPDF::PDF/UA-1 ua1::PDFUA-Ref-2-08_BookChapter-M07,PDFUA-Ref-2-08_BookChapter-M07,PDFUA-Ref-2-08_BookChapter,M07,veraPDF,PDF/UA-1 ua1,evidence/double_coding/DC-0194.json,c1d7f843ab89e0d8477402de63b5f766ad80359370146df8ba782f7fc9a025e4,coder_1,Detected,"The matched baseline is compliant and the mutant newly fails the figure alternate-description rule, directly matching removal of /Alt.",ISO 14289-1:2014 7.3 test 1,"Not required for this automated comparison; no live Acrobat, PAC detail view, tag-panel, or assistive-technology check was performed.",No - the matched baseline has no relevant failure.,No,No,coder_2,Detected,The clean baseline gains veraPDF rule 7.3-1 stating that the Figure has neither alternate description nor replacement text.,ISO 14289-1:2014 7.3-1; Figure Alt/ActualText,"Not required for this classification; no live manual, tag-panel, or AT check was performed.",No - the matched veraPDF baseline has no failed rules.,No - the operator is machine-checkable under the tested profile.,None observed.,agree,adjudicator_1,Detected,Independent coders agreed on Detected based on the paired mutant and baseline evidence.
DC-0195,veraPDF::PDF/UA-1 ua1::PDFUA-Ref-2-08_BookChapter-M08,PDFUA-Ref-2-08_BookChapter-M08,PDFUA-Ref-2-08_BookChapter,M08,veraPDF,PDF/UA-1 ua1,evidence/double_coding/DC-0195.json,be5347eb42f2cb79e403201f437b86592ae8d16455fae2ae421bb9a061e9228c,coder_1,Detected,The matched baseline is compliant and the mutant newly fails document/natural-language rules after catalog /Lang removal.,ISO 14289-1:2014 7.2 test 21; ISO 14289-1:2014 7.2 test 22; ISO 14289-1:2014 7.2 test 34; ISO 14289-1:2014 7.2 test 33; ISO 14289-1:2014 7.2 test 2; ISO 14289-1:2014 7.2 test 24,"Not required for this automated comparison; no live Acrobat, PAC detail view, tag-panel, or assistive-technology check was performed.",No - the matched baseline has no relevant failure.,No,No,coder_2,Detected,The clean baseline gains veraPDF natural-language failures that explicitly depend on the missing catalog language.,"ISO 14289-1:2014 7.2-2/-21/-22/-24/-25/-30/-33/-34, as emitted","Not required for this classification; no live manual, tag-panel, or AT check was performed.",No - the matched veraPDF baseline has no failed rules.,No - the operator is machine-checkable under the tested profile.,None observed.,agree,adjudicator_1,Detected,Independent coders agreed on Detected based on the paired mutant and baseline evidence.
DC-0196,veraPDF::PDF/UA-1 ua1::PDFUA-Ref-2-08_BookChapter-M10,PDFUA-Ref-2-08_BookChapter-M10,PDFUA-Ref-2-08_BookChapter,M10,veraPDF,PDF/UA-1 ua1,evidence/double_coding/DC-0196.json,3217df96cc22c44cd7e137308ca66a2f55b16dad9d58e44c2235a0c4efa50bde,coder_1,Detected,The matched baseline is compliant and the mutant newly fails the TR child-role constraint; the additional row/column-span rule is a direct table-structure consequence.,ISO 14289-1:2014 7.2 test 10; ISO 14289-1:2014 7.2 test 42,"Not required for this automated comparison; no live Acrobat, PAC detail view, tag-panel, or assistive-technology check was performed.",No - the matched baseline has no relevant failure.,No,No,coder_2,Detected,The clean baseline gains rule 7.2-10 explicitly stating that TR contains P instead of TH/TD; the row-span rule is a direct table consequence.,ISO 14289-1:2014 7.2-10 and 7.2-42,"Not required for this classification; no live manual, tag-panel, or AT check was performed.",No - the matched veraPDF baseline has no failed rules.,No - the operator is machine-checkable under the tested profile.,None observed.,agree,adjudicator_1,Detected,Independent coders agreed on Detected based on the paired mutant and baseline evidence.
DC-0197,veraPDF::PDF/UA-1 ua1::PDFUA-Ref-2-09_Scanned-M01,PDFUA-Ref-2-09_Scanned-M01,PDFUA-Ref-2-09_Scanned,M01,veraPDF,PDF/UA-1 ua1,evidence/double_coding/DC-0197.json,a3a789eeb6b12428cb2c051213fb283a8f57887b47fa92b20883cd18d44e929a,coder_1,Detected,"The matched baseline is compliant, while the mutant newly fails heading nesting because traversal now begins with a heading that skips an intervening level. This is a direct structural consequence of the /K-order swap.",ISO 14289-1:2014 7.4.2 test 1,No live semantic or assistive-technology check was performed; the automated direct-consequence finding alone supports this validator classification.,No - the matched baseline has no relevant failure.,No,No,coder_2,Detected,The clean baseline gains rule 7.4.2-1 for a skipped heading level; this is a documented direct structural consequence of the M01 order swap.,ISO 14289-1:2014 7.4.2-1; M01 direct structural consequence,Semantic/AT review is required for the intended Class B effect and was not performed; veraPDF evidence is automated only.,No - the matched veraPDF baseline has no failed rules.,"Partial - the semantic effect remains outside formal automation, but an explicit direct structural consequence was detected.",None observed.,agree,adjudicator_1,Detected,Independent coders agreed on Detected based on the paired mutant and baseline evidence.
DC-0198,veraPDF::PDF/UA-1 ua1::PDFUA-Ref-2-09_Scanned-M02,PDFUA-Ref-2-09_Scanned-M02,PDFUA-Ref-2-09_Scanned,M02,veraPDF,PDF/UA-1 ua1,evidence/double_coding/DC-0198.json,468bfdd8f241283d9972ecef72b2ad637cefb99c6b102af154d56114816895ad,coder_1,Detected,"The matched baseline is compliant, while the mutant newly fails heading nesting because omission removes an earlier heading and leaves a skipped level in traversal. The emitted failure is a direct structural consequence of the omission.",ISO 14289-1:2014 7.4.2 test 1,No live semantic or assistive-technology check was performed; the automated direct-consequence finding alone supports this validator classification.,No - the matched baseline has no relevant failure.,No,No,coder_2,Detected,The clean baseline gains rule 7.4.2-1 for a skipped heading level; this is a direct structural consequence of removing the selected subtree.,ISO 14289-1:2014 7.4.2-1; M02 direct structural consequence,Semantic/AT review is required for the intended Class B effect and was not performed; veraPDF evidence is automated only.,No - the matched veraPDF baseline has no failed rules.,"Partial - the semantic effect remains outside formal automation, but an explicit direct structural consequence was detected.",None observed.,agree,adjudicator_1,Detected,Independent coders agreed on Detected based on the paired mutant and baseline evidence.
DC-0199,veraPDF::PDF/UA-1 ua1::PDFUA-Ref-2-09_Scanned-M03,PDFUA-Ref-2-09_Scanned-M03,PDFUA-Ref-2-09_Scanned,M03,veraPDF,PDF/UA-1 ua1,evidence/double_coding/DC-0199.json,82df3763e65a77047d02451c95514bedc0ab97a58cef3092d0841850f4c2c678,coder_1,Detected,"The matched baseline is compliant and the mutant newly fails the heading nesting rule, directly matching the injected skipped heading level.",ISO 14289-1:2014 7.4.2 test 1,"Not required for this automated comparison; no live Acrobat, PAC detail view, tag-panel, or assistive-technology check was performed.",No - the matched baseline has no relevant failure.,No,No,coder_2,Detected,The clean baseline gains veraPDF rule 7.4.2-1 with hasCorrectNestingLevel=false and a skipped heading level.,ISO 14289-1:2014 7.4.2-1; hasCorrectNestingLevel,"Not required for this classification; no live manual, tag-panel, or AT check was performed.",No - the matched veraPDF baseline has no failed rules.,No - the operator is machine-checkable under the tested profile.,None observed.,agree,adjudicator_1,Detected,Independent coders agreed on Detected based on the paired mutant and baseline evidence.
DC-0200,veraPDF::PDF/UA-1 ua1::PDFUA-Ref-2-09_Scanned-M04,PDFUA-Ref-2-09_Scanned-M04,PDFUA-Ref-2-09_Scanned,M04,veraPDF,PDF/UA-1 ua1,evidence/double_coding/DC-0200.json,6ff497e9ce1105d7aecbde1e1f0c8fa89d092ba20d1397f6926fb777f26e22dc,coder_1,Outside Scope,The mutant remains compliant like the matched baseline; no association-specific rule identifies the exchanged marked-content references.,M04 marked-content association checkpoint; no relevant veraPDF rule emitted,Required for the semantic association claim and not performed; no live tag-panel or assistive-technology check was conducted.,No - the matched baseline has no relevant failure.,Yes - no association-specific automated rule is demonstrated.,No,coder_2,Outside Scope,The mutant remains compliant and no veraPDF rule identifies the exchanged marked-content associations.,M04 association correctness; no veraPDF failure emitted,Semantic/AT review is required for the intended Class B effect and was not performed; veraPDF evidence is automated only.,No - the matched veraPDF baseline has no failed rules.,Yes - the intended property is Class B and no specific automated rule was emitted.,None observed.,agree,adjudicator_1,Outside Scope,Independent coders agreed on Outside Scope based on the paired mutant and baseline evidence.
DC-0201,veraPDF::PDF/UA-1 ua1::PDFUA-Ref-2-09_Scanned-M05,PDFUA-Ref-2-09_Scanned-M05,PDFUA-Ref-2-09_Scanned,M05,veraPDF,PDF/UA-1 ua1,evidence/double_coding/DC-0201.json,4ede64d83c260696fcc89cc2aa7a30739dbc6a035c3aa290d5f30d45cbc82e73,coder_1,Outside Scope,The mutant remains compliant like the matched baseline; no rule identifies the internal MCID sequence reversal.,M05 intra-element content-order checkpoint; no relevant veraPDF rule emitted,Required for the semantic order claim and not performed; no live tag-panel or assistive-technology check was conducted.,No - the matched baseline has no relevant failure.,Yes - no intra-element order rule is demonstrated.,No,coder_2,Outside Scope,The mutant remains compliant and no veraPDF rule identifies the reversed intra-element content-item order.,M05 intra-element order; no veraPDF failure emitted,Semantic/AT review is required for the intended Class B effect and was not performed; veraPDF evidence is automated only.,No - the matched veraPDF baseline has no failed rules.,Yes - the intended property is Class B and no specific automated rule was emitted.,None observed.,agree,adjudicator_1,Outside Scope,Independent coders agreed on Outside Scope based on the paired mutant and baseline evidence.
DC-0202,veraPDF::PDF/UA-1 ua1::PDFUA-Ref-2-09_Scanned-M06,PDFUA-Ref-2-09_Scanned-M06,PDFUA-Ref-2-09_Scanned,M06,veraPDF,PDF/UA-1 ua1,evidence/double_coding/DC-0202.json,d08001e075d332611751f37f2c13b9d534f68b2db12b7ad89eddbea60575f94b,coder_1,Missed,The mutant remains compliant like the matched baseline; no rule detects the machine-checkable duplicate LI reference.,M06 duplicate-list-item structural checkpoint; no relevant veraPDF rule emitted,"Not required for this automated comparison; no live Acrobat, PAC detail view, tag-panel, or assistive-technology check was performed.",No - the matched baseline has no relevant failure.,No,No,coder_2,Missed,The mutant remains compliant and no veraPDF rule flags the duplicate direct /LI reference.,M06 list containment/uniqueness; no veraPDF failure emitted,"Not required for this classification; no live manual, tag-panel, or AT check was performed.",No - the matched veraPDF baseline has no failed rules.,No - the operator is machine-checkable under the tested profile.,None observed.,agree,adjudicator_1,Missed,Independent coders agreed on Missed based on the paired mutant and baseline evidence.
DC-0203,veraPDF::PDF/UA-1 ua1::PDFUA-Ref-2-09_Scanned-M07,PDFUA-Ref-2-09_Scanned-M07,PDFUA-Ref-2-09_Scanned,M07,veraPDF,PDF/UA-1 ua1,evidence/double_coding/DC-0203.json,4a63e5fd6c254c69302d6736a6297b7afdad07c017104f6bf5c0ca60f1978556,coder_1,Detected,"The matched baseline is compliant and the mutant newly fails the figure alternate-description rule, directly matching removal of /Alt.",ISO 14289-1:2014 7.3 test 1,"Not required for this automated comparison; no live Acrobat, PAC detail view, tag-panel, or assistive-technology check was performed.",No - the matched baseline has no relevant failure.,No,No,coder_2,Detected,The clean baseline gains veraPDF rule 7.3-1 stating that the Figure has neither alternate description nor replacement text.,ISO 14289-1:2014 7.3-1; Figure Alt/ActualText,"Not required for this classification; no live manual, tag-panel, or AT check was performed.",No - the matched veraPDF baseline has no failed rules.,No - the operator is machine-checkable under the tested profile.,None observed.,agree,adjudicator_1,Detected,Independent coders agreed on Detected based on the paired mutant and baseline evidence.
DC-0204,veraPDF::PDF/UA-1 ua1::PDFUA-Ref-2-09_Scanned-M10,PDFUA-Ref-2-09_Scanned-M10,PDFUA-Ref-2-09_Scanned,M10,veraPDF,PDF/UA-1 ua1,evidence/double_coding/DC-0204.json,967e68080ed65f51fa0f6b1838fffd0c880b15b69b4da93dcfedb22b8845480c,coder_1,Detected,The matched baseline is compliant and the mutant newly fails the TR child-role constraint; the additional row/column-span rule is a direct table-structure consequence.,ISO 14289-1:2014 7.2 test 42; ISO 14289-1:2014 7.2 test 10,"Not required for this automated comparison; no live Acrobat, PAC detail view, tag-panel, or assistive-technology check was performed.",No - the matched baseline has no relevant failure.,No,No,coder_2,Detected,The clean baseline gains rule 7.2-10 explicitly stating that TR contains P instead of TH/TD; the row-span rule is a direct table consequence.,ISO 14289-1:2014 7.2-10 and 7.2-42,"Not required for this classification; no live manual, tag-panel, or AT check was performed.",No - the matched veraPDF baseline has no failed rules.,No - the operator is machine-checkable under the tested profile.,None observed.,agree,adjudicator_1,Detected,Independent coders agreed on Detected based on the paired mutant and baseline evidence.
DC-0205,veraPDF::PDF/UA-1 ua1::PDFUA-Ref-2-10_Form-M01,PDFUA-Ref-2-10_Form-M01,PDFUA-Ref-2-10_Form,M01,veraPDF,PDF/UA-1 ua1,evidence/double_coding/DC-0205.json,0c3d8a45fcec51a357f1a91c98e0d14f50000ce1888fea7bcec664f39031122c,coder_1,Outside Scope,veraPDF emits no failed rule for the intended logical-reading-order swap relative to the matched baseline.,M01 logical-reading-order checkpoint; no relevant veraPDF rule emitted,Required for the intended reading-order claim and not performed; no live tag-panel or assistive-technology check was conducted.,No - the matched baseline has no relevant failure.,Yes - no explicit logical-order rule is demonstrated.,No,coder_2,Outside Scope,The mutant remains compliant and veraPDF emits no rule for the intended logical reading-order change.,M01 logical reading order; no veraPDF failure emitted,Semantic/AT review is required for the intended Class B effect and was not performed; veraPDF evidence is automated only.,No - the matched veraPDF baseline has no failed rules.,Yes - the intended property is Class B and no specific automated rule was emitted.,None observed.,agree,adjudicator_1,Outside Scope,Independent coders agreed on Outside Scope based on the paired mutant and baseline evidence.
DC-0206,veraPDF::PDF/UA-1 ua1::PDFUA-Ref-2-10_Form-M02,PDFUA-Ref-2-10_Form-M02,PDFUA-Ref-2-10_Form,M02,veraPDF,PDF/UA-1 ua1,evidence/double_coding/DC-0206.json,41084f1682a10f420a5d8e7af435f6b1037567e0b325ace3c38c80ab1bc2e767,coder_1,Outside Scope,veraPDF emits no failed rule identifying visible content omitted from the tagged structure relative to the matched baseline.,M02 content-to-structure completeness checkpoint; no relevant veraPDF rule emitted,Required for the semantic completeness claim and not performed; no live tag-panel or assistive-technology check was conducted.,No - the matched baseline has no relevant failure.,Yes - no automated completeness rule is demonstrated.,No,coder_2,Outside Scope,The mutant remains compliant and veraPDF emits no rule tied to omission of the selected tagged subtree.,M02 tagged-content completeness; no veraPDF failure emitted,Semantic/AT review is required for the intended Class B effect and was not performed; veraPDF evidence is automated only.,No - the matched veraPDF baseline has no failed rules.,Yes - the intended property is Class B and no specific automated rule was emitted.,None observed.,agree,adjudicator_1,Outside Scope,Independent coders agreed on Outside Scope based on the paired mutant and baseline evidence.
DC-0207,veraPDF::PDF/UA-1 ua1::PDFUA-Ref-2-10_Form-M08,PDFUA-Ref-2-10_Form-M08,PDFUA-Ref-2-10_Form,M08,veraPDF,PDF/UA-1 ua1,evidence/double_coding/DC-0207.json,485679c8f53465f54e82f534aa27f3f4e3c819a031631b27639898c07fc3f239,coder_1,Detected,The matched baseline is compliant and the mutant newly fails document/natural-language rules after catalog /Lang removal.,ISO 14289-1:2014 7.2 test 25; ISO 14289-1:2014 7.2 test 33,"Not required for this automated comparison; no live Acrobat, PAC detail view, tag-panel, or assistive-technology check was performed.",No - the matched baseline has no relevant failure.,No,No,coder_2,Detected,The clean baseline gains veraPDF natural-language failures that explicitly depend on the missing catalog language.,"ISO 14289-1:2014 7.2-2/-21/-22/-24/-25/-30/-33/-34, as emitted","Not required for this classification; no live manual, tag-panel, or AT check was performed.",No - the matched veraPDF baseline has no failed rules.,No - the operator is machine-checkable under the tested profile.,None observed.,agree,adjudicator_1,Detected,Independent coders agreed on Detected based on the paired mutant and baseline evidence.
